phase,coeff,train_episode,eval_episode,epsilon,mean_glucose,time_in_range_percent,hypo_steps,hypo_events,severe_hyper_steps,severe_hyper_events,total_bolus_units,total_basal_units,total_insulin_units,sum_zone_reward,sum_insulin_penalty,total_reward,action_0_count,action_1_count,action_2_count,action_3_count,action_4_count,source
train,0.25,0,-1,1.0,177.32961032510397,35.41666666666667,0,0,0,0,276.8,23.47926199261993,300.2792619926199,18.0,-420.525,-402.525,57,49,49,72,61,dqn_penalty_sweep_coeff_0_25_seed42.csv
train,0.25,1,-1,0.9972857142857144,187.22279421064184,41.31944444444444,0,0,0,0,260.6,23.47926199261993,284.07926199261993,69.0,-379.32499999999993,-310.32500000000005,59,72,56,44,57,dqn_penalty_sweep_coeff_0_25_seed42.csv
train,0.25,2,-1,0.9945714285714286,153.46282777474573,77.43055555555556,0,0,0,0,284.90000000000003,23.47926199261993,308.37926199261994,378.0,-393.725,-15.725000000000009,61,51,66,53,57,dqn_penalty_sweep_coeff_0_25_seed42.csv
train,0.25,3,-1,0.9918571428571428,81.50007211357445,40.625,146,10,0,0,301.7,23.47926199261993,325.1792619926199,-3516.0,-388.925,-3904.925,58,65,57,51,57,dqn_penalty_sweep_coeff_0_25_seed42.csv
train,0.25,4,-1,0.9891428571428572,153.38848329085488,37.15277777777778,42,2,0,0,312.6,23.47926199261993,336.07926199261993,-1005.0,-394.05,-1399.0500000000002,49,69,55,65,50,dqn_penalty_sweep_coeff_0_25_seed42.csv
train,0.25,5,-1,0.9864285714285714,254.0907367223963,11.11111111111111,0,0,72,16,289.6,23.47926199261993,313.07926199261993,-1200.0,-374.7,-1574.7,63,58,60,59,48,dqn_penalty_sweep_coeff_0_25_seed42.csv
train,0.25,6,-1,0.9837142857142858,190.76543245500645,41.31944444444444,0,0,0,0,267.29999999999995,23.47926199261993,290.77926199261987,69.0,-375.4,-306.40000000000003,61,60,61,58,48,dqn_penalty_sweep_coeff_0_25_seed42.csv
train,0.25,7,-1,0.981,141.89069786803296,58.68055555555556,36,3,0,0,282.8,23.47926199261993,306.2792619926199,-702.0,-387.375,-1089.3749999999998,56,68,56,53,55,dqn_penalty_sweep_coeff_0_25_seed42.csv
train,0.25,8,-1,0.9782857142857144,84.43586681275552,34.375,120,10,0,0,306.2,23.47926199261993,329.6792619926199,-3066.0,-403.025,-3469.025,61,52,58,56,61,dqn_penalty_sweep_coeff_0_25_seed42.csv
train,0.25,9,-1,0.9755714285714284,182.35728232746035,54.513888888888886,0,0,0,0,283.70000000000005,23.47926199261993,307.17926199262,183.0,-408.275,-225.275,58,48,55,72,55,dqn_penalty_sweep_coeff_0_25_seed42.csv
train,0.25,10,-1,0.9728571428571428,190.7858557842636,56.59722222222222,0,0,21,2,306.2,23.47926199261993,329.6792619926199,-93.0,-400.725,-493.725,55,64,57,51,61,dqn_penalty_sweep_coeff_0_25_seed42.csv
train,0.25,11,-1,0.9701428571428572,94.1481523753239,52.083333333333336,88,11,0,0,263.3,23.47926199261993,286.7792619926199,-2082.0,-385.375,-2467.375,47,74,59,61,47,dqn_penalty_sweep_coeff_0_25_seed42.csv
train,0.25,12,-1,0.9674285714285714,159.61186523482735,85.76388888888889,0,0,0,0,268.7,23.47926199261993,292.1792619926199,453.0,-424.1,28.90000000000001,50,52,56,70,60,dqn_penalty_sweep_coeff_0_25_seed42.csv
train,0.25,13,-1,0.9647142857142856,94.02720529919742,51.388888888888886,84,13,0,0,267.6,23.47926199261993,291.07926199261993,-2022.0,-395.5750000000001,-2417.575,56,60,51,70,51,dqn_penalty_sweep_coeff_0_25_seed42.csv
train,0.25,14,-1,0.962,188.646059285494,38.88888888888889,0,0,0,0,289.6,23.47926199261993,313.07926199261993,48.0,-394.19999999999993,-346.2,70,54,48,52,64,dqn_penalty_sweep_coeff_0_25_seed42.csv
train,0.25,15,-1,0.9592857142857144,92.51043994460088,62.5,71,8,0,0,269.29999999999995,23.47926199261993,292.77926199261987,-1563.0,-398.8,-1961.8,68,44,57,59,60,dqn_penalty_sweep_coeff_0_25_seed42.csv
train,0.25,16,-1,0.9565714285714286,138.44053853949418,73.95833333333334,2,1,0,0,276.9,23.47926199261993,300.3792619926199,276.0,-405.025,-129.02499999999998,58,58,53,58,61,dqn_penalty_sweep_coeff_0_25_seed42.csv
train,0.25,17,-1,0.9538571428571428,103.58034424519302,65.97222222222221,66,2,0,0,298.1,23.47926199261993,321.57926199261993,-1362.0,-424.9,-1786.8999999999996,55,58,45,62,68,dqn_penalty_sweep_coeff_0_25_seed42.csv
train,0.25,18,-1,0.9511428571428572,94.87335285520808,58.333333333333336,97,8,0,0,244.00000000000003,23.47926199261993,267.47926199262,-2181.0,-375.875,-2556.875,58,61,72,46,51,dqn_penalty_sweep_coeff_0_25_seed42.csv
train,0.25,19,-1,0.9484285714285714,120.94833003743958,47.22222222222222,79,4,0,0,294.0,23.47926199261993,317.4792619926199,-1815.0,-375.0,-2190.0,57,62,69,52,48,dqn_penalty_sweep_coeff_0_25_seed42.csv
train,0.25,20,-1,0.9457142857142856,124.63582173134834,67.01388888888889,44,3,0,0,294.5,23.47926199261993,317.9792619926199,-825.0,-407.19999999999993,-1232.2,55,64,53,52,64,dqn_penalty_sweep_coeff_0_25_seed42.csv
train,0.25,21,-1,0.943,206.4761121890691,39.58333333333333,0,0,23,1,277.1,23.47926199261993,300.57926199261993,-268.0,-401.55,-669.55,54,56,67,53,58,dqn_penalty_sweep_coeff_0_25_seed42.csv
train,0.25,22,-1,0.9402857142857144,131.84240318315156,95.83333333333334,0,0,0,0,281.9,23.47926199261993,305.3792619926199,531.0,-382.925,148.075,71,57,51,48,61,dqn_penalty_sweep_coeff_0_25_seed42.csv
train,0.25,23,-1,0.9375714285714286,105.90893566625148,33.68055555555556,113,7,0,0,222.1,23.47926199261993,245.57926199261996,-2820.0,-405.8,-3225.8,50,62,58,62,56,dqn_penalty_sweep_coeff_0_25_seed42.csv
train,0.25,24,-1,0.9348571428571428,88.95153580187471,55.208333333333336,74,9,0,0,281.80000000000007,23.47926199261993,305.27926199262,-1752.0,-396.325,-2148.3250000000003,59,59,54,59,57,dqn_penalty_sweep_coeff_0_25_seed42.csv
train,0.25,25,-1,0.9321428571428572,93.81055404050625,67.01388888888889,62,8,0,0,253.7,23.47926199261993,277.1792619926199,-1296.0,-375.025,-1671.025,55,72,59,53,49,dqn_penalty_sweep_coeff_0_25_seed42.csv
train,0.25,26,-1,0.9294285714285714,129.96514595078855,77.43055555555556,6,4,0,0,311.8,23.47926199261993,335.2792619926199,132.0,-401.65,-269.65,56,58,65,47,62,dqn_penalty_sweep_coeff_0_25_seed42.csv
train,0.25,27,-1,0.9267142857142856,90.6141352679183,54.513888888888886,127,2,0,0,244.0,23.47926199261993,267.4792619926199,-2877.0,-351.975,-3228.975,61,68,65,55,39,dqn_penalty_sweep_coeff_0_25_seed42.csv
train,0.25,28,-1,0.924,109.93590715345375,88.19444444444444,19,4,0,0,236.3,23.47926199261993,259.7792619926199,-27.0,-373.675,-400.675,59,63,62,57,47,dqn_penalty_sweep_coeff_0_25_seed42.csv
train,0.25,29,-1,0.9212857142857144,149.50812272172638,43.05555555555556,20,5,0,0,260.5,23.47926199261993,283.9792619926199,-480.0,-375.475,-855.4749999999999,72,52,57,52,55,dqn_penalty_sweep_coeff_0_25_seed42.csv
train,0.25,30,-1,0.9185714285714286,186.56704889380623,38.88888888888889,0,0,0,0,247.6,23.47926199261993,271.07926199261993,48.0,-383.35,-335.35,62,55,66,51,54,dqn_penalty_sweep_coeff_0_25_seed42.csv
train,0.25,31,-1,0.9158571428571428,106.9825021955043,89.23611111111111,13,2,0,0,296.20000000000005,23.47926199261993,319.67926199262,123.0,-420.25,-297.25,51,58,59,54,66,dqn_penalty_sweep_coeff_0_25_seed42.csv
train,0.25,32,-1,0.9131428571428571,271.17992212263573,4.861111111111112,0,0,98,11,221.4,23.47926199261993,244.87926199261997,-1618.0,-372.125,-1990.125,75,48,57,55,53,dqn_penalty_sweep_coeff_0_25_seed42.csv
train,0.25,33,-1,0.9104285714285714,156.35927443931925,66.31944444444444,0,0,0,0,259.6,23.47926199261993,283.07926199261993,285.0,-374.95,-89.94999999999999,63,68,53,50,54,dqn_penalty_sweep_coeff_0_25_seed42.csv
train,0.25,34,-1,0.9077142857142856,89.169645715831,41.66666666666667,117,10,0,0,306.20000000000005,23.47926199261993,329.67926199262,-2859.0,-374.925,-3233.925,68,55,60,52,53,dqn_penalty_sweep_coeff_0_25_seed42.csv
train,0.25,35,-1,0.905,58.02585097410398,9.722222222222223,228,9,0,0,289.4,23.47926199261993,312.8792619926199,-5772.0,-409.925,-6181.924999999999,51,65,53,58,61,dqn_penalty_sweep_coeff_0_25_seed42.csv
train,0.25,36,-1,0.9022857142857142,109.4385999997082,40.27777777777778,81,12,0,0,259.2,23.47926199261993,282.6792619926199,-2010.0,-395.15,-2405.15,49,71,57,57,54,dqn_penalty_sweep_coeff_0_25_seed42.csv
train,0.25,37,-1,0.8995714285714286,181.1101472109165,51.04166666666666,0,0,0,0,302.2,23.47926199261993,325.6792619926199,153.0,-383.2,-230.2,65,60,53,54,56,dqn_penalty_sweep_coeff_0_25_seed42.csv
train,0.25,38,-1,0.8968571428571429,144.73311690341575,95.13888888888889,0,0,0,0,264.40000000000003,23.47926199261993,287.87926199261994,534.0,-362.375,171.625,72,60,48,61,47,dqn_penalty_sweep_coeff_0_25_seed42.csv
train,0.25,39,-1,0.8941428571428571,185.47149590470747,37.5,0,0,0,0,234.3,23.47926199261993,257.7792619926199,36.0,-335.575,-299.575,84,61,45,55,43,dqn_penalty_sweep_coeff_0_25_seed42.csv
train,0.25,40,-1,0.8914285714285715,96.90600785276985,38.88888888888889,101,14,0,0,288.7,23.47926199261993,312.1792619926199,-2535.0,-347.4,-2882.4,68,74,51,51,44,dqn_penalty_sweep_coeff_0_25_seed42.csv
train,0.25,41,-1,0.8887142857142857,150.7847298495355,78.81944444444444,1,1,0,0,265.1,23.47926199261993,288.57926199261993,345.0,-329.29999999999995,15.700000000000005,93,46,57,48,44,dqn_penalty_sweep_coeff_0_25_seed42.csv
train,0.25,42,-1,0.886,84.40390752141177,50.0,76,16,0,0,301.3,23.47926199261993,324.7792619926199,-1884.0,-357.575,-2241.575,68,61,64,48,47,dqn_penalty_sweep_coeff_0_25_seed42.csv
train,0.25,43,-1,0.8832857142857142,96.19142500288552,66.66666666666666,71,4,0,0,267.2,23.47926199261993,290.6792619926199,-1491.0,-393.225,-1884.225,58,55,68,50,57,dqn_penalty_sweep_coeff_0_25_seed42.csv
train,0.25,44,-1,0.8805714285714286,85.35184217028498,50.0,115,7,0,0,264.5,23.47926199261993,287.9792619926199,-2703.0,-376.1,-3079.1,58,56,68,62,44,dqn_penalty_sweep_coeff_0_25_seed42.csv
train,0.25,45,-1,0.8778571428571429,108.81100908816688,72.22222222222221,52,5,0,0,302.1,23.47926199261993,325.57926199261993,-996.0,-360.04999999999995,-1356.05,68,69,52,49,50,dqn_penalty_sweep_coeff_0_25_seed42.csv
train,0.25,46,-1,0.8751428571428571,230.29349779505992,7.291666666666667,0,0,24,2,279.1,23.47926199261993,302.57926199261993,-561.0,-363.825,-924.825,73,61,59,38,57,dqn_penalty_sweep_coeff_0_25_seed42.csv
train,0.25,47,-1,0.8724285714285714,81.38287797902191,53.47222222222222,82,11,0,0,256.1,23.47926199261993,279.57926199261993,-1950.0,-372.475,-2322.475,60,63,68,46,51,dqn_penalty_sweep_coeff_0_25_seed42.csv
train,0.25,48,-1,0.8697142857142857,139.81132344225364,80.55555555555556,9,1,0,0,277.4,23.47926199261993,300.8792619926199,174.0,-397.15,-223.14999999999995,61,48,61,64,54,dqn_penalty_sweep_coeff_0_25_seed42.csv
train,0.25,49,-1,0.867,99.3798759257266,63.888888888888886,86,5,0,0,257.4,23.47926199261993,280.8792619926199,-1854.0,-384.95,-2238.9500000000003,57,68,62,43,58,dqn_penalty_sweep_coeff_0_25_seed42.csv
eval,0.25,49,0,0.0,103.82019672386838,74.65277777777779,25,5,0,0,241.9,23.47926199261993,265.37926199261994,-375.0,-312.275,-687.2749999999999,34,117,97,9,31,dqn_penalty_sweep_coeff_0_25_seed42.csv
eval,0.25,49,1,0.0,121.52828532932118,70.13888888888889,43,3,0,0,336.2,23.47926199261993,359.6792619926199,-795.0,-328.275,-1123.275,32,143,63,3,47,dqn_penalty_sweep_coeff_0_25_seed42.csv
eval,0.25,49,2,0.0,86.78408883233186,29.51388888888889,132,14,0,0,216.9,23.47926199261993,240.37926199261992,-3351.0,-277.04999999999995,-3628.05,35,135,91,9,18,dqn_penalty_sweep_coeff_0_25_seed42.csv
train,0.25,50,-1,0.8642857142857143,163.7759822456641,51.388888888888886,12,1,0,0,265.4,23.47926199261993,288.8792619926199,-150.0,-400.825,-550.825,58,58,59,52,61,dqn_penalty_sweep_coeff_0_25_seed42.csv
train,0.25,51,-1,0.8615714285714285,93.35852925966134,62.5,64,5,0,0,298.40000000000003,23.47926199261993,321.87926199261994,-1398.0,-389.25,-1787.25,64,51,59,60,54,dqn_penalty_sweep_coeff_0_25_seed42.csv
train,0.25,52,-1,0.8588571428571429,151.11372737343032,89.58333333333334,0,0,0,0,281.5,23.47926199261993,304.9792619926199,486.0,-357.675,128.32500000000002,64,62,66,53,43,dqn_penalty_sweep_coeff_0_25_seed42.csv
train,0.25,53,-1,0.8561428571428571,196.61554787249872,36.45833333333333,0,0,0,0,279.6,23.47926199261993,303.07926199261993,27.0,-371.725,-344.725,74,54,50,57,53,dqn_penalty_sweep_coeff_0_25_seed42.csv
train,0.25,54,-1,0.8534285714285714,100.32870983888024,52.43055555555556,90,8,0,0,298.6,23.47926199261993,322.07926199261993,-2097.0,-387.0,-2484.0,64,52,64,52,56,dqn_penalty_sweep_coeff_0_25_seed42.csv
train,0.25,55,-1,0.8507142857142858,160.2052247747833,46.52777777777778,8,3,0,0,308.2,23.47926199261993,331.6792619926199,-108.0,-361.85,-469.85,78,47,60,53,50,dqn_penalty_sweep_coeff_0_25_seed42.csv
train,0.25,56,-1,0.848,105.48649872261814,76.38888888888889,21,5,0,0,283.90000000000003,23.47926199261993,307.37926199261994,-273.0,-403.425,-676.425,63,45,64,55,61,dqn_penalty_sweep_coeff_0_25_seed42.csv
train,0.25,57,-1,0.8452857142857143,171.38864505490625,57.29166666666666,0,0,0,0,280.0,23.47926199261993,303.4792619926199,207.0,-401.32499999999993,-194.325,61,54,57,55,61,dqn_penalty_sweep_coeff_0_25_seed42.csv
train,0.25,58,-1,0.8425714285714285,96.06996687716448,54.86111111111112,118,3,0,0,288.6,23.47926199261993,312.07926199261993,-2682.0,-366.8,-3048.8,69,65,57,41,56,dqn_penalty_sweep_coeff_0_25_seed42.csv
train,0.25,59,-1,0.8398571428571429,135.22394740874088,65.97222222222221,32,2,0,0,264.5,23.47926199261993,287.9792619926199,-531.0,-377.325,-908.325,64,57,64,50,53,dqn_penalty_sweep_coeff_0_25_seed42.csv
train,0.25,60,-1,0.8371428571428572,70.63364584169472,33.33333333333333,154,8,0,0,234.7,23.47926199261993,258.1792619926199,-3810.0,-354.29999999999995,-4164.299999999999,68,63,67,42,48,dqn_penalty_sweep_coeff_0_25_seed42.csv
train,0.25,61,-1,0.8344285714285714,147.70727883448296,82.98611111111111,2,1,0,0,257.6,23.47926199261993,281.07926199261993,372.0,-357.92499999999995,14.075000000000015,70,59,58,56,45,dqn_penalty_sweep_coeff_0_25_seed42.csv
train,0.25,62,-1,0.8317142857142857,200.76081022880837,29.166666666666668,0,0,0,0,258.30000000000007,23.47926199261993,281.77926199262,-36.0,-351.475,-387.475,76,61,51,53,47,dqn_penalty_sweep_coeff_0_25_seed42.csv
train,0.25,63,-1,0.829,263.1756415736693,4.166666666666666,0,0,84,8,335.4,23.47926199261993,358.8792619926199,-1428.0,-416.425,-1844.425,63,54,51,47,73,dqn_penalty_sweep_coeff_0_25_seed42.csv
train,0.25,64,-1,0.8262857142857143,138.2554840335027,86.11111111111111,14,2,0,0,284.1,23.47926199261993,307.57926199261993,111.0,-348.25,-237.25,67,81,44,50,46,dqn_penalty_sweep_coeff_0_25_seed42.csv
train,0.25,65,-1,0.8235714285714286,125.00260932357531,51.04166666666666,37,13,0,0,283.4,23.47926199261993,306.8792619926199,-885.0,-392.225,-1277.225,63,52,54,66,53,dqn_penalty_sweep_coeff_0_25_seed42.csv
train,0.25,66,-1,0.8208571428571428,179.1270445737252,55.55555555555556,0,0,0,0,225.0,23.47926199261993,248.47926199261997,192.0,-363.875,-171.875,82,61,45,37,63,dqn_penalty_sweep_coeff_0_25_seed42.csv
train,0.25,67,-1,0.8181428571428572,192.3226479169136,53.125,0,0,10,3,274.4,23.47926199261993,297.8792619926199,31.0,-377.525,-346.52500000000003,74,55,54,44,61,dqn_penalty_sweep_coeff_0_25_seed42.csv
train,0.25,68,-1,0.8154285714285714,173.03833598576944,42.70833333333333,1,1,0,0,229.8,23.47926199261993,253.27926199261995,21.0,-352.375,-331.375,77,61,47,56,47,dqn_penalty_sweep_coeff_0_25_seed42.csv
train,0.25,69,-1,0.8127142857142857,72.06968868992499,31.25,157,6,0,0,249.6,23.47926199261993,273.07926199261993,-3909.0,-352.4,-4261.4,67,72,57,44,48,dqn_penalty_sweep_coeff_0_25_seed42.csv
train,0.25,70,-1,0.81,187.56344930840595,54.86111111111112,0,0,0,0,263.6,23.47926199261993,287.07926199261993,186.0,-364.1,-178.09999999999994,72,59,49,60,48,dqn_penalty_sweep_coeff_0_25_seed42.csv
train,0.25,71,-1,0.8072857142857143,268.5581005295428,3.8194444444444446,0,0,84,6,247.2,23.47926199261993,270.6792619926199,-1431.0,-341.35,-1772.35,79,59,59,45,46,dqn_penalty_sweep_coeff_0_25_seed42.csv
train,0.25,72,-1,0.8045714285714286,189.95213748968388,39.58333333333333,0,0,0,0,301.20000000000005,23.47926199261993,324.67926199262,54.0,-363.625,-309.625,73,60,54,48,53,dqn_penalty_sweep_coeff_0_25_seed42.csv
train,0.25,73,-1,0.8018571428571428,140.89527269617878,73.95833333333334,7,4,0,0,317.5,23.47926199261993,340.9792619926199,99.0,-359.85,-260.85,69,74,48,43,54,dqn_penalty_sweep_coeff_0_25_seed42.csv
train,0.25,74,-1,0.7991428571428572,128.2975936378697,73.95833333333334,23,5,0,0,252.8,23.47926199261993,276.2792619926199,-282.0,-368.5,-650.5,62,63,70,41,52,dqn_penalty_sweep_coeff_0_25_seed42.csv
train,0.25,75,-1,0.7964285714285715,223.2789671790817,16.319444444444446,0,0,1,1,297.6,23.47926199261993,321.0792619926199,-161.0,-366.825,-527.825,73,55,58,49,53,dqn_penalty_sweep_coeff_0_25_seed42.csv
train,0.25,76,-1,0.7937142857142857,107.31465977880138,65.27777777777779,66,5,0,0,291.4,23.47926199261993,314.8792619926199,-1407.0,-370.4,-1777.4,67,57,57,59,48,dqn_penalty_sweep_coeff_0_25_seed42.csv
train,0.25,77,-1,0.791,93.83801692306264,58.68055555555556,72,12,0,0,279.90000000000003,23.47926199261993,303.37926199261994,-1650.0,-400.9,-2050.9,50,69,60,49,60,dqn_penalty_sweep_coeff_0_25_seed42.csv
train,0.25,78,-1,0.7882857142857143,144.3556985979867,87.15277777777779,0,0,0,0,255.4,23.47926199261993,278.87926199261994,459.0,-319.95000000000005,139.04999999999998,85,65,49,51,38,dqn_penalty_sweep_coeff_0_25_seed42.csv
train,0.25,79,-1,0.7855714285714286,127.23180223854712,82.63888888888889,0,0,0,0,234.1,23.47926199261993,257.57926199261993,348.0,-343.07499999999993,4.924999999999997,69,61,68,51,39,dqn_penalty_sweep_coeff_0_25_seed42.csv
train,0.25,80,-1,0.7828571428571429,139.28759639160114,84.72222222222221,0,0,0,0,285.5,23.47926199261993,308.9792619926199,426.0,-336.325,89.675,84,63,44,52,45,dqn_penalty_sweep_coeff_0_25_seed42.csv
train,0.25,81,-1,0.7801428571428571,67.62183332761518,26.041666666666668,196,7,0,0,251.4,23.47926199261993,274.8792619926199,-4818.0,-377.05,-5195.049999999999,73,58,54,41,62,dqn_penalty_sweep_coeff_0_25_seed42.csv
train,0.25,82,-1,0.7774285714285715,217.08749724515576,26.38888888888889,0,0,12,5,257.0,23.47926199261993,280.4792619926199,-228.0,-331.54999999999995,-559.55,84,54,54,58,38,dqn_penalty_sweep_coeff_0_25_seed42.csv
train,0.25,83,-1,0.7747142857142857,162.8103153433418,74.65277777777779,0,0,0,0,266.1,23.47926199261993,289.5792619926199,357.0,-365.225,-8.225000000000001,75,59,41,64,49,dqn_penalty_sweep_coeff_0_25_seed42.csv
train,0.25,84,-1,0.772,118.12913831620818,76.04166666666666,44,3,0,0,251.0,23.47926199261993,274.4792619926199,-735.0,-341.225,-1076.225,72,68,54,53,41,dqn_penalty_sweep_coeff_0_25_seed42.csv
train,0.25,85,-1,0.7692857142857144,156.9614698385061,72.56944444444444,0,0,0,0,249.0,23.47926199261993,272.4792619926199,327.0,-383.8,-56.8,69,52,55,56,56,dqn_penalty_sweep_coeff_0_25_seed42.csv
train,0.25,86,-1,0.7665714285714286,242.1772372703784,24.65277777777778,0,0,55,2,273.0,23.47926199261993,296.4792619926199,-845.0,-392.075,-1237.075,57,66,57,49,59,dqn_penalty_sweep_coeff_0_25_seed42.csv
train,0.25,87,-1,0.7638571428571428,109.47888185572634,57.638888888888886,92,6,0,0,226.7,23.47926199261993,250.17926199261996,-2049.0,-377.65,-2426.6500000000005,54,66,70,48,50,dqn_penalty_sweep_coeff_0_25_seed42.csv
train,0.25,88,-1,0.7611428571428571,132.5355004665242,59.72222222222222,45,2,0,0,244.8,23.47926199261993,268.2792619926199,-900.0,-361.15,-1261.15,68,64,52,58,46,dqn_penalty_sweep_coeff_0_25_seed42.csv
train,0.25,89,-1,0.7584285714285715,203.38239452479357,34.375,0,0,0,0,249.20000000000005,23.47926199261993,272.67926199262,9.0,-366.625,-357.625,78,49,48,64,49,dqn_penalty_sweep_coeff_0_25_seed42.csv
train,0.25,90,-1,0.7557142857142858,120.18392399840783,95.83333333333334,0,0,0,0,254.4,23.47926199261993,277.87926199261994,519.0,-352.2,166.8,84,47,54,55,48,dqn_penalty_sweep_coeff_0_25_seed42.csv
train,0.25,91,-1,0.753,155.89269694525012,53.125,11,1,0,0,299.20000000000005,23.47926199261993,322.67926199262,-108.0,-351.5,-459.5,84,61,38,53,52,dqn_penalty_sweep_coeff_0_25_seed42.csv
train,0.25,92,-1,0.7502857142857143,86.03016323588483,43.05555555555556,123,6,0,0,287.5,23.47926199261993,310.9792619926199,-2967.0,-374.1,-3341.0999999999995,68,64,51,49,56,dqn_penalty_sweep_coeff_0_25_seed42.csv
train,0.25,93,-1,0.7475714285714286,158.57012997651017,68.05555555555556,0,0,0,0,255.6,23.47926199261993,279.07926199261993,300.0,-376.65,-76.65,72,50,50,66,50,dqn_penalty_sweep_coeff_0_25_seed42.csv
train,0.25,94,-1,0.7448571428571429,147.89711992819173,50.34722222222222,46,3,0,0,284.7,23.47926199261993,308.1792619926199,-969.0,-348.725,-1317.725,75,57,61,50,45,dqn_penalty_sweep_coeff_0_25_seed42.csv
train,0.25,95,-1,0.7421428571428572,83.75202443844698,46.18055555555556,145,3,0,0,297.20000000000005,23.47926199261993,320.67926199262,-3399.0,-403.575,-3802.575,62,59,46,58,63,dqn_penalty_sweep_coeff_0_25_seed42.csv
train,0.25,96,-1,0.7394285714285714,138.7289043412994,59.375,34,2,0,0,271.1,23.47926199261993,294.57926199261993,-624.0,-331.3,-955.3,87,55,48,58,40,dqn_penalty_sweep_coeff_0_25_seed42.csv
train,0.25,97,-1,0.7367142857142857,215.0713705284889,25.34722222222222,0,0,31,3,257.5,23.47926199261993,280.9792619926199,-503.0,-372.15,-875.1500000000001,64,67,49,58,50,dqn_penalty_sweep_coeff_0_25_seed42.csv
train,0.25,98,-1,0.734,155.14300599305105,79.16666666666666,0,0,0,0,263.8,23.47926199261993,287.2792619926199,396.0,-352.325,43.67499999999998,76,60,55,48,49,dqn_penalty_sweep_coeff_0_25_seed42.csv
train,0.25,99,-1,0.7312857142857143,125.40547245485116,76.04166666666666,39,3,0,0,271.9,23.47926199261993,295.3792619926199,-645.0,-349.45,-994.45,81,66,44,43,54,dqn_penalty_sweep_coeff_0_25_seed42.csv
eval,0.25,99,0,0.0,69.37408391295733,32.29166666666667,180,4,0,0,207.8,23.47926199261993,231.27926199261995,-4374.0,-335.8499999999999,-4709.849999999999,50,92,82,22,42,dqn_penalty_sweep_coeff_0_25_seed42.csv
eval,0.25,99,1,0.0,138.3860849227407,55.55555555555556,38,3,0,0,314.0,23.47926199261993,337.4792619926199,-786.0,-330.0,-1116.0,90,42,85,19,52,dqn_penalty_sweep_coeff_0_25_seed42.csv
eval,0.25,99,2,0.0,147.3688427209887,75.69444444444444,0,0,0,0,393.3,23.47926199261993,416.7792619926199,348.0,-295.04999999999995,52.95,123,18,69,36,42,dqn_penalty_sweep_coeff_0_25_seed42.csv
train,0.25,0,-1,1.0,194.14987754397495,29.51388888888889,0,0,0,0,265.2,23.47926199261993,288.6792619926199,-33.0,-413.15,-446.15,51,54,62,63,58,dqn_penalty_sweep_coeff_0_25_seed43.csv
train,0.25,1,-1,0.9972857142857144,168.52966805252348,64.93055555555556,0,0,0,0,300.2,23.47926199261993,323.6792619926199,273.0,-386.0,-112.99999999999996,63,62,58,45,60,dqn_penalty_sweep_coeff_0_25_seed43.csv
train,0.25,2,-1,0.9945714285714286,86.1920494213297,43.75,127,14,0,0,287.5,23.47926199261993,310.9792619926199,-3063.0,-401.575,-3464.575,53,58,68,50,59,dqn_penalty_sweep_coeff_0_25_seed43.csv
train,0.25,3,-1,0.9918571428571428,157.30477882698017,29.51388888888889,42,2,0,0,293.0,23.47926199261993,316.4792619926199,-1071.0,-420.425,-1491.425,44,51,74,62,57,dqn_penalty_sweep_coeff_0_25_seed43.csv
train,0.25,4,-1,0.9891428571428572,240.2047992223963,15.27777777777778,0,0,13,3,297.29999999999995,23.47926199261993,320.77926199261987,-338.0,-417.6,-755.6,59,56,48,57,68,dqn_penalty_sweep_coeff_0_25_seed43.csv
train,0.25,5,-1,0.9864285714285714,198.71517282037192,32.98611111111111,0,0,0,0,265.7,23.47926199261993,289.1792619926199,-3.0,-373.69999999999993,-376.69999999999993,64,59,64,49,52,dqn_penalty_sweep_coeff_0_25_seed43.csv
train,0.25,6,-1,0.9837142857142858,137.2103972549199,56.25,43,5,0,0,263.70000000000005,23.47926199261993,287.17926199262,-894.0,-369.275,-1263.275,55,59,72,63,39,dqn_penalty_sweep_coeff_0_25_seed43.csv
train,0.25,7,-1,0.981,82.5296291715722,29.166666666666668,139,12,0,0,266.7,23.47926199261993,290.1792619926199,-3549.0,-383.05,-3932.05,53,66,65,54,50,dqn_penalty_sweep_coeff_0_25_seed43.csv
train,0.25,8,-1,0.9782857142857144,162.40901843857148,62.84722222222222,0,0,0,0,276.7,23.47926199261993,300.1792619926199,237.0,-419.275,-182.275,52,60,56,53,67,dqn_penalty_sweep_coeff_0_25_seed43.csv
train,0.25,9,-1,0.9755714285714284,231.5253887756941,37.84722222222222,0,0,79,4,256.0,23.47926199261993,279.4792619926199,-1067.0,-369.925,-1436.9250000000002,53,66,75,49,45,dqn_penalty_sweep_coeff_0_25_seed43.csv
train,0.25,10,-1,0.9728571428571428,105.292803051569,57.98611111111112,82,7,0,0,277.0,23.47926199261993,300.4792619926199,-1848.0,-381.325,-2229.325,75,52,51,49,61,dqn_penalty_sweep_coeff_0_25_seed43.csv
train,0.25,11,-1,0.9701428571428572,150.2017957903828,88.54166666666666,0,0,0,0,285.4,23.47926199261993,308.8792619926199,477.0,-386.925,90.075,63,50,51,79,45,dqn_penalty_sweep_coeff_0_25_seed43.csv
train,0.25,12,-1,0.9674285714285714,89.82829730989027,41.31944444444444,97,20,0,0,288.7,23.47926199261993,312.1792619926199,-2469.0,-434.05,-2903.05,49,52,62,55,70,dqn_penalty_sweep_coeff_0_25_seed43.csv
train,0.25,13,-1,0.9647142857142856,173.3271356743829,51.04166666666666,0,0,0,0,233.5,23.47926199261993,256.9792619926199,153.0,-389.9,-236.9,55,72,50,55,56,dqn_penalty_sweep_coeff_0_25_seed43.csv
train,0.25,14,-1,0.962,92.6124324944502,65.625,71,8,0,0,288.5,23.47926199261993,311.9792619926199,-1509.0,-392.35,-1901.3500000000004,56,57,66,55,54,dqn_penalty_sweep_coeff_0_25_seed43.csv
train,0.25,15,-1,0.9592857142857144,148.29140659504986,75.69444444444444,0,0,0,0,252.7,23.47926199261993,276.1792619926199,351.0,-397.825,-46.82499999999998,56,66,48,61,57,dqn_penalty_sweep_coeff_0_25_seed43.csv
train,0.25,16,-1,0.9565714285714286,100.70389048597968,62.84722222222222,71,4,0,0,266.9,23.47926199261993,290.3792619926199,-1521.0,-387.325,-1908.325,65,50,66,50,57,dqn_penalty_sweep_coeff_0_25_seed43.csv
train,0.25,17,-1,0.9538571428571428,95.317300136569,58.68055555555556,93,7,0,0,258.2,23.47926199261993,281.6792619926199,-2091.0,-415.15,-2506.15,53,55,59,59,62,dqn_penalty_sweep_coeff_0_25_seed43.csv
train,0.25,18,-1,0.9511428571428572,118.68496980484734,44.79166666666667,80,3,0,0,287.0,23.47926199261993,310.4792619926199,-1872.0,-410.25,-2282.25,54,61,53,58,62,dqn_penalty_sweep_coeff_0_25_seed43.csv
train,0.25,19,-1,0.9484285714285714,111.5824448449969,61.11111111111112,47,5,0,0,260.7,23.47926199261993,284.1792619926199,-1026.0,-384.875,-1410.875,62,60,64,43,59,dqn_penalty_sweep_coeff_0_25_seed43.csv
train,0.25,20,-1,0.9457142857142856,189.78635524462464,39.58333333333333,0,0,17,1,280.1,23.47926199261993,303.57926199261993,-208.0,-400.57499999999993,-608.5749999999999,60,53,59,57,59,dqn_penalty_sweep_coeff_0_25_seed43.csv
train,0.25,21,-1,0.943,129.52938234981818,96.5277777777778,0,0,0,0,273.3,23.47926199261993,296.7792619926199,534.0,-383.675,150.325,58,58,66,55,51,dqn_penalty_sweep_coeff_0_25_seed43.csv
train,0.25,22,-1,0.9402857142857144,107.29838820014749,31.944444444444443,117,9,0,0,229.7,23.47926199261993,253.17926199261996,-2919.0,-361.1,-3280.1,60,77,55,48,48,dqn_penalty_sweep_coeff_0_25_seed43.csv
train,0.25,23,-1,0.9375714285714286,84.58425676069626,45.13888888888889,88,11,0,0,293.30000000000007,23.47926199261993,316.77926199262,-2220.0,-400.725,-2620.7250000000004,58,61,54,54,61,dqn_penalty_sweep_coeff_0_25_seed43.csv
train,0.25,24,-1,0.9348571428571428,91.22360443522666,60.763888888888886,71,8,0,0,255.7,23.47926199261993,279.1792619926199,-1590.0,-389.75,-1979.75,56,65,56,57,54,dqn_penalty_sweep_coeff_0_25_seed43.csv
train,0.25,25,-1,0.9321428571428572,135.65629178412192,88.19444444444444,0,0,0,0,301.1,23.47926199261993,324.57926199261993,450.0,-394.0,55.99999999999999,55,61,63,53,56,dqn_penalty_sweep_coeff_0_25_seed43.csv
train,0.25,26,-1,0.9294285714285714,84.43535901804675,47.56944444444444,130,4,0,0,251.7,23.47926199261993,275.17926199262,-3060.0,-378.025,-3438.024999999999,61,67,54,53,53,dqn_penalty_sweep_coeff_0_25_seed43.csv
train,0.25,27,-1,0.9267142857142856,100.35054561907728,76.73611111111111,41,5,0,0,278.5,23.47926199261993,301.9792619926199,-687.0,-398.19999999999993,-1085.2000000000005,51,65,54,66,52,dqn_penalty_sweep_coeff_0_25_seed43.csv
train,0.25,28,-1,0.924,146.95963047948413,44.79166666666667,20,5,0,0,289.6,23.47926199261993,313.07926199261993,-465.0,-381.3,-846.3000000000001,66,60,53,53,56,dqn_penalty_sweep_coeff_0_25_seed43.csv
train,0.25,29,-1,0.9212857142857144,194.71288222713963,27.77777777777778,0,0,0,0,262.6,23.47926199261993,286.07926199261993,-48.0,-357.825,-405.825,71,61,52,59,45,dqn_penalty_sweep_coeff_0_25_seed43.csv
train,0.25,30,-1,0.9185714285714286,134.272347650671,98.26388888888889,0,0,0,0,287.4,23.47926199261993,310.8792619926199,552.0,-394.925,157.075,58,60,57,56,57,dqn_penalty_sweep_coeff_0_25_seed43.csv
train,0.25,31,-1,0.9158571428571428,260.42880538089383,4.861111111111112,0,0,54,8,274.9,23.47926199261993,298.3792619926199,-1002.0,-379.775,-1381.775,72,56,44,61,55,dqn_penalty_sweep_coeff_0_25_seed43.csv
train,0.25,32,-1,0.9131428571428571,137.1804549948748,73.95833333333334,1,1,0,0,243.1,23.47926199261993,266.57926199261993,258.0,-368.3,-110.3,69,69,48,46,56,dqn_penalty_sweep_coeff_0_25_seed43.csv
train,0.25,33,-1,0.9104285714285714,87.07197801189086,37.84722222222222,133,10,0,0,260.3,23.47926199261993,283.7792619926199,-3255.0,-383.8,-3638.8,60,54,62,64,48,dqn_penalty_sweep_coeff_0_25_seed43.csv
train,0.25,34,-1,0.9077142857142856,59.6997874768262,13.88888888888889,220,8,0,0,202.2,23.47926199261993,225.67926199261996,-5532.0,-371.9,-5903.9,66,69,44,57,52,dqn_penalty_sweep_coeff_0_25_seed43.csv
train,0.25,35,-1,0.905,112.65200348852404,44.79166666666667,66,11,0,0,253.1,23.47926199261993,276.5792619926199,-1614.0,-389.375,-2003.375,64,42,69,62,51,dqn_penalty_sweep_coeff_0_25_seed43.csv
train,0.25,36,-1,0.9022857142857142,179.39243887758306,50.69444444444444,0,0,0,0,267.3,23.47926199261993,290.7792619926199,150.0,-359.35,-209.35,78,52,55,53,50,dqn_penalty_sweep_coeff_0_25_seed43.csv
train,0.25,37,-1,0.8995714285714286,179.9214849589716,46.52777777777778,0,0,0,0,217.5,23.47926199261993,240.97926199261997,114.0,-347.875,-233.875,69,64,70,38,47,dqn_penalty_sweep_coeff_0_25_seed43.csv
train,0.25,38,-1,0.8968571428571429,196.71229451581868,24.305555555555557,0,0,0,0,269.4,23.47926199261993,292.8792619926199,-78.0,-349.2,-427.2000000000001,80,50,64,46,48,dqn_penalty_sweep_coeff_0_25_seed43.csv
train,0.25,39,-1,0.8941428571428571,92.62428999690184,43.75,99,12,0,0,223.1,23.47926199261993,246.57926199262,-2436.0,-349.725,-2785.725,63,81,51,48,45,dqn_penalty_sweep_coeff_0_25_seed43.csv
train,0.25,40,-1,0.8914285714285715,162.54859214933555,63.54166666666666,0,0,0,0,250.1,23.47926199261993,273.57926199261993,249.0,-394.325,-145.325,63,59,53,52,61,dqn_penalty_sweep_coeff_0_25_seed43.csv
train,0.25,41,-1,0.8887142857142857,88.04216358948884,59.02777777777778,61,8,0,0,250.9,23.47926199261993,274.37926199261994,-1413.0,-368.85,-1781.85,65,67,51,55,50,dqn_penalty_sweep_coeff_0_25_seed43.csv
train,0.25,42,-1,0.886,95.77125084285946,67.01388888888889,71,4,0,0,275.0,23.47926199261993,298.4792619926199,-1485.0,-407.07499999999993,-1892.075,49,58,57,73,51,dqn_penalty_sweep_coeff_0_25_seed43.csv
train,0.25,43,-1,0.8832857142857142,82.16460692361845,46.18055555555556,124,8,0,0,289.20000000000005,23.47926199261993,312.67926199262,-2958.0,-411.375,-3369.375,57,61,52,51,67,dqn_penalty_sweep_coeff_0_25_seed43.csv
train,0.25,44,-1,0.8805714285714286,101.43247089271236,66.66666666666666,68,11,0,0,282.5,23.47926199261993,305.9792619926199,-1428.0,-379.95,-1807.95,71,50,55,58,54,dqn_penalty_sweep_coeff_0_25_seed43.csv
train,0.25,45,-1,0.8778571428571429,246.9907200172821,0.6944444444444444,0,0,38,4,296.4,23.47926199261993,319.8792619926199,-814.0,-361.1,-1175.1,69,61,58,52,48,dqn_penalty_sweep_coeff_0_25_seed43.csv
train,0.25,46,-1,0.8751428571428571,87.02539018909339,56.94444444444444,70,11,0,0,265.7,23.47926199261993,289.1792619926199,-1638.0,-402.8,-2040.8,58,53,63,54,60,dqn_penalty_sweep_coeff_0_25_seed43.csv
train,0.25,47,-1,0.8724285714285714,152.58840677558703,76.38888888888889,1,1,0,0,292.4,23.47926199261993,315.8792619926199,327.0,-375.9,-48.90000000000001,58,69,60,49,52,dqn_penalty_sweep_coeff_0_25_seed43.csv
train,0.25,48,-1,0.8697142857142857,104.45339896468994,66.66666666666666,84,7,0,0,280.9,23.47926199261993,304.3792619926199,-1764.0,-363.6,-2127.6,73,45,64,62,44,dqn_penalty_sweep_coeff_0_25_seed43.csv
train,0.25,49,-1,0.867,165.46683595986087,55.208333333333336,11,1,0,0,273.1,23.47926199261993,296.57926199261993,-87.0,-363.45,-450.44999999999993,75,51,59,53,50,dqn_penalty_sweep_coeff_0_25_seed43.csv
eval,0.25,49,0,0.0,162.74732920043513,71.875,0,0,0,0,297.1,23.47926199261993,320.57926199261993,333.0,-207.55,125.45000000000005,143,19,103,1,22,dqn_penalty_sweep_coeff_0_25_seed43.csv
eval,0.25,49,1,0.0,265.3681305090916,17.01388888888889,0,0,138,1,207.0,23.47926199261993,230.47926199261997,-2073.0,-122.75,-2195.75,205,9,59,1,14,dqn_penalty_sweep_coeff_0_25_seed43.csv
eval,0.25,49,2,0.0,189.0215158959907,37.5,0,0,0,0,279.9,23.47926199261993,303.3792619926199,36.0,-192.0,-156.0,155,15,96,2,20,dqn_penalty_sweep_coeff_0_25_seed43.csv
train,0.25,50,-1,0.8642857142857143,104.31903452496287,73.95833333333334,45,3,0,0,273.70000000000005,23.47926199261993,297.17926199262,-798.0,-348.75,-1146.75,57,76,65,52,38,dqn_penalty_sweep_coeff_0_25_seed43.csv
train,0.25,51,-1,0.8615714285714285,161.63351904009713,85.06944444444444,0,0,0,0,257.7,23.47926199261993,281.1792619926199,447.0,-352.65,94.35,69,59,63,55,42,dqn_penalty_sweep_coeff_0_25_seed43.csv
train,0.25,52,-1,0.8588571428571429,199.05495759472083,36.80555555555556,0,0,0,0,309.70000000000005,23.47926199261993,333.17926199262,30.0,-389.9,-359.9,63,50,59,64,52,dqn_penalty_sweep_coeff_0_25_seed43.csv
train,0.25,53,-1,0.8561428571428571,96.49860269040174,50.0,90,10,0,0,252.1,23.47926199261993,275.57926199261993,-2145.0,-374.5,-2519.5,66,61,61,44,56,dqn_penalty_sweep_coeff_0_25_seed43.csv
train,0.25,54,-1,0.8534285714285714,146.91043310811654,65.27777777777779,8,3,0,0,289.2,23.47926199261993,312.6792619926199,39.0,-405.575,-366.5750000000001,53,57,64,55,59,dqn_penalty_sweep_coeff_0_25_seed43.csv
train,0.25,55,-1,0.8507142857142858,95.87747094484044,64.23611111111111,53,16,0,0,258.9,23.47926199261993,282.3792619926199,-1155.0,-392.2,-1547.2,54,67,58,53,56,dqn_penalty_sweep_coeff_0_25_seed43.csv
train,0.25,56,-1,0.848,162.19420061046188,61.458333333333336,0,0,0,0,277.0,23.47926199261993,300.4792619926199,216.0,-322.725,-106.725,80,69,50,52,37,dqn_penalty_sweep_coeff_0_25_seed43.csv
train,0.25,57,-1,0.8452857142857143,98.7549220650845,55.55555555555556,116,2,0,0,292.4,23.47926199261993,315.8792619926199,-2628.0,-368.125,-2996.125,76,48,53,62,49,dqn_penalty_sweep_coeff_0_25_seed43.csv
train,0.25,58,-1,0.8425714285714285,150.91813425242694,64.93055555555556,18,1,0,0,277.9,23.47926199261993,301.3792619926199,-168.0,-363.575,-531.575,76,62,46,49,55,dqn_penalty_sweep_coeff_0_25_seed43.csv
train,0.25,59,-1,0.8398571428571429,68.34847828893069,28.819444444444443,161,8,0,0,210.4,23.47926199261993,233.87926199261997,-4035.0,-366.2,-4401.2,68,63,57,48,52,dqn_penalty_sweep_coeff_0_25_seed43.csv
train,0.25,60,-1,0.8371428571428572,140.15016077892733,89.93055555555556,4,1,0,0,264.6,23.47926199261993,288.07926199261993,369.0,-366.5,2.500000000000014,65,64,56,55,48,dqn_penalty_sweep_coeff_0_25_seed43.csv
train,0.25,61,-1,0.8344285714285714,192.7056926111906,37.5,0,0,0,0,311.9,23.47926199261993,335.3792619926199,36.0,-351.42499999999995,-315.425,78,64,51,42,53,dqn_penalty_sweep_coeff_0_25_seed43.csv
train,0.25,62,-1,0.8317142857142857,276.3491872124161,3.4722222222222223,0,0,122,3,276.9,23.47926199261993,300.3792619926199,-1966.0,-330.5,-2296.5,82,63,49,54,40,dqn_penalty_sweep_coeff_0_25_seed43.csv
train,0.25,63,-1,0.829,142.1327409779471,90.9722222222222,0,0,0,0,305.0,23.47926199261993,328.4792619926199,471.0,-349.825,121.175,81,53,57,48,49,dqn_penalty_sweep_coeff_0_25_seed43.csv
train,0.25,64,-1,0.8262857142857143,125.02517876801974,73.26388888888889,5,2,0,0,263.0,23.47926199261993,286.4792619926199,132.0,-380.625,-248.625,49,78,57,55,49,dqn_penalty_sweep_coeff_0_25_seed43.csv
train,0.25,65,-1,0.8235714285714286,191.24006540705852,41.66666666666667,0,0,0,0,254.1,23.47926199261993,277.57926199261993,72.0,-337.1,-265.1,79,57,65,43,44,dqn_penalty_sweep_coeff_0_25_seed43.csv
train,0.25,66,-1,0.8208571428571428,216.05285625024703,34.72222222222222,0,0,55,4,219.1,23.47926199261993,242.5792619926199,-758.0,-353.125,-1111.125,71,69,45,58,45,dqn_penalty_sweep_coeff_0_25_seed43.csv
train,0.25,67,-1,0.8181428571428572,171.58069709688058,46.18055555555556,0,0,0,0,288.2,23.47926199261993,311.6792619926199,78.0,-375.2,-297.2,69,58,50,59,52,dqn_penalty_sweep_coeff_0_25_seed43.csv
train,0.25,68,-1,0.8154285714285714,69.05994606351881,28.125,174,11,0,0,270.2,23.47926199261993,293.6792619926199,-4320.0,-361.975,-4681.974999999999,69,61,62,45,51,dqn_penalty_sweep_coeff_0_25_seed43.csv
train,0.25,69,-1,0.8127142857142857,179.93006905315076,59.375,0,0,0,0,305.1,23.47926199261993,328.57926199261993,225.0,-384.0750000000001,-159.07500000000005,66,59,49,59,55,dqn_penalty_sweep_coeff_0_25_seed43.csv
train,0.25,70,-1,0.81,285.88344775176506,2.7777777777777777,0,0,144,8,293.7,23.47926199261993,317.1792619926199,-2280.0,-353.79999999999995,-2633.8,79,53,62,42,52,dqn_penalty_sweep_coeff_0_25_seed43.csv
train,0.25,71,-1,0.8072857142857143,194.19816633102516,34.02777777777778,0,0,0,0,319.1,23.47926199261993,342.5792619926199,6.0,-347.7,-341.7,83,50,58,49,48,dqn_penalty_sweep_coeff_0_25_seed43.csv
train,0.25,72,-1,0.8045714285714286,144.46801575173436,85.76388888888889,0,0,0,0,286.0,23.47926199261993,309.4792619926199,438.0,-372.65,65.35,85,45,50,46,62,dqn_penalty_sweep_coeff_0_25_seed43.csv
train,0.25,73,-1,0.8018571428571428,108.62474302290444,67.01388888888889,67,4,0,0,291.0,23.47926199261993,314.4792619926199,-1395.0,-395.625,-1790.6249999999998,60,58,61,48,61,dqn_penalty_sweep_coeff_0_25_seed43.csv
train,0.25,74,-1,0.7991428571428572,218.9131685679705,16.319444444444446,0,0,0,0,303.4,23.47926199261993,326.8792619926199,-147.0,-354.4,-501.4,82,53,53,48,52,dqn_penalty_sweep_coeff_0_25_seed43.csv
train,0.25,75,-1,0.7964285714285715,115.76051036775677,65.27777777777779,59,10,0,0,315.0,23.47926199261993,338.4792619926199,-1242.0,-375.3,-1617.3,69,55,62,46,56,dqn_penalty_sweep_coeff_0_25_seed43.csv
train,0.25,76,-1,0.7937142857142857,89.88814469835091,54.86111111111112,85,11,0,0,254.2,23.47926199261993,277.67926199262,-1989.0,-352.17499999999995,-2341.175,76,54,62,49,47,dqn_penalty_sweep_coeff_0_25_seed43.csv
train,0.25,77,-1,0.791,163.7914624868757,67.36111111111111,0,0,0,0,257.5,23.47926199261993,280.9792619926199,294.0,-347.67499999999995,-53.67499999999998,67,72,55,51,43,dqn_penalty_sweep_coeff_0_25_seed43.csv
train,0.25,78,-1,0.7882857142857143,125.09951057188049,83.68055555555556,1,1,0,0,267.4,23.47926199261993,290.8792619926199,327.0,-371.07499999999993,-44.075,66,64,45,66,47,dqn_penalty_sweep_coeff_0_25_seed43.csv
train,0.25,79,-1,0.7855714285714286,164.47492278048992,71.52777777777779,0,0,0,0,280.6,23.47926199261993,304.07926199261993,330.0,-378.75,-48.74999999999999,62,60,57,59,50,dqn_penalty_sweep_coeff_0_25_seed43.csv
train,0.25,80,-1,0.7828571428571429,67.49157917558911,26.041666666666668,193,6,0,0,281.20000000000005,23.47926199261993,304.67926199262,-4755.0,-378.05,-5133.049999999999,62,53,63,64,46,dqn_penalty_sweep_coeff_0_25_seed43.csv
train,0.25,81,-1,0.7801428571428571,230.39166391182232,21.180555555555557,0,0,17,3,266.3,23.47926199261993,289.7792619926199,-343.0,-328.1,-671.0999999999999,70,63,78,41,36,dqn_penalty_sweep_coeff_0_25_seed43.csv
train,0.25,82,-1,0.7774285714285715,147.3914136291277,95.83333333333334,0,0,0,0,303.20000000000005,23.47926199261993,326.67926199262,540.0,-384.35,155.64999999999998,62,60,56,56,54,dqn_penalty_sweep_coeff_0_25_seed43.csv
train,0.25,83,-1,0.7747142857142857,118.68904086158146,71.18055555555556,46,4,0,0,285.7,23.47926199261993,309.1792619926199,-843.0,-343.9,-1186.9,88,54,43,55,48,dqn_penalty_sweep_coeff_0_25_seed43.csv
train,0.25,84,-1,0.772,160.0508795607283,68.75,0,0,0,0,265.1,23.47926199261993,288.5792619926199,300.0,-346.75,-46.75,78,66,49,45,50,dqn_penalty_sweep_coeff_0_25_seed43.csv
train,0.25,85,-1,0.7692857142857144,246.24737615926733,27.43055555555556,0,0,73,6,273.1,23.47926199261993,296.5792619926199,-1073.0,-337.20000000000005,-1410.1999999999998,85,62,40,57,44,dqn_penalty_sweep_coeff_0_25_seed43.csv
train,0.25,86,-1,0.7665714285714286,96.84041044644071,54.86111111111112,110,2,0,0,269.29999999999995,23.47926199261993,292.77926199261987,-2508.0,-367.82499999999993,-2875.825,53,66,71,57,41,dqn_penalty_sweep_coeff_0_25_seed43.csv
train,0.25,87,-1,0.7638571428571428,125.69882671558258,61.80555555555556,46,3,0,0,303.8,23.47926199261993,327.2792619926199,-912.0,-350.69999999999993,-1262.6999999999998,70,64,58,52,44,dqn_penalty_sweep_coeff_0_25_seed43.csv
train,0.25,88,-1,0.7611428571428571,211.0358667470158,22.22222222222222,0,0,0,0,258.9,23.47926199261993,282.3792619926199,-96.0,-324.375,-420.375,96,49,56,40,47,dqn_penalty_sweep_coeff_0_25_seed43.csv
train,0.25,89,-1,0.7584285714285715,104.83340316507454,85.76388888888889,16,2,0,0,222.1,23.47926199261993,245.57926199261996,9.0,-361.975,-352.975,54,76,63,52,43,dqn_penalty_sweep_coeff_0_25_seed43.csv
train,0.25,90,-1,0.7557142857142858,159.0039816674722,53.81944444444444,10,1,0,0,307.5,23.47926199261993,330.9792619926199,-72.0,-385.975,-457.975,71,53,43,66,55,dqn_penalty_sweep_coeff_0_25_seed43.csv
train,0.25,91,-1,0.753,82.45047155514334,39.58333333333333,126,6,0,0,285.0,23.47926199261993,308.4792619926199,-3099.0,-398.3,-3497.2999999999997,57,63,55,53,60,dqn_penalty_sweep_coeff_0_25_seed43.csv
train,0.25,92,-1,0.7502857142857143,151.37637997651004,67.70833333333334,0,0,0,0,281.1,23.47926199261993,304.57926199261993,249.0,-325.5,-76.5,86,62,54,42,44,dqn_penalty_sweep_coeff_0_25_seed43.csv
train,0.25,93,-1,0.7475714285714286,151.55365911540528,46.52777777777778,49,1,0,0,295.29999999999995,23.47926199261993,318.77926199261987,-1065.0,-348.3,-1413.3,82,61,41,56,48,dqn_penalty_sweep_coeff_0_25_seed43.csv
train,0.25,94,-1,0.7448571428571429,86.93145000404436,45.83333333333333,147,6,0,0,302.90000000000003,23.47926199261993,326.37926199261994,-3447.0,-394.65,-3841.65,62,66,45,53,62,dqn_penalty_sweep_coeff_0_25_seed43.csv
train,0.25,95,-1,0.7421428571428572,141.780053092927,57.98611111111112,34,2,0,0,265.2,23.47926199261993,288.6792619926199,-621.0,-337.275,-958.275,72,71,51,55,39,dqn_penalty_sweep_coeff_0_25_seed43.csv
train,0.25,96,-1,0.7394285714285714,186.13352330626665,44.79166666666667,0,0,0,0,344.9,23.47926199261993,368.3792619926199,99.0,-373.875,-274.875,76,47,64,42,59,dqn_penalty_sweep_coeff_0_25_seed43.csv
train,0.25,97,-1,0.7367142857142857,162.54873515971778,74.30555555555556,0,0,0,0,287.9,23.47926199261993,311.3792619926199,354.0,-335.95000000000005,18.05,91,48,53,50,46,dqn_penalty_sweep_coeff_0_25_seed43.csv
train,0.25,98,-1,0.734,136.78220700189817,65.27777777777779,32,5,0,0,249.8,23.47926199261993,273.2792619926199,-567.0,-349.525,-916.525,81,62,42,54,49,dqn_penalty_sweep_coeff_0_25_seed43.csv
train,0.25,99,-1,0.7312857142857143,205.44002121009737,47.22222222222222,0,0,24,3,297.8,23.47926199261993,321.2792619926199,-216.0,-341.075,-557.0749999999999,87,54,48,52,47,dqn_penalty_sweep_coeff_0_25_seed43.csv
eval,0.25,99,0,0.0,149.12240667479816,72.56944444444444,0,0,0,0,206.8,23.47926199261993,230.27926199261995,336.0,-176.10000000000002,159.9,91,164,2,31,0,dqn_penalty_sweep_coeff_0_25_seed43.csv
eval,0.25,99,1,0.0,196.1120442671339,40.625,0,0,0,0,205.2,23.47926199261993,228.67926199261996,63.0,-157.7,-94.69999999999996,121,133,0,34,0,dqn_penalty_sweep_coeff_0_25_seed43.csv
eval,0.25,99,2,0.0,81.69989299926868,48.61111111111111,66,7,0,0,160.0,23.47926199261993,183.47926199261997,-1698.0,-193.375,-1891.375,64,189,13,19,3,dqn_penalty_sweep_coeff_0_25_seed43.csv
train,0.25,0,-1,1.0,159.1564041636346,74.65277777777779,0,0,0,0,274.3,23.47926199261993,297.7792619926199,354.0,-428.32499999999993,-74.32499999999999,50,60,52,57,69,dqn_penalty_sweep_coeff_0_25_seed44.csv
train,0.25,1,-1,0.9972857142857144,80.47873129054267,39.58333333333333,145,7,0,0,295.5,23.47926199261993,318.9792619926199,-3513.0,-395.675,-3908.675,52,61,67,53,55,dqn_penalty_sweep_coeff_0_25_seed44.csv
train,0.25,2,-1,0.9945714285714286,144.9146378804876,50.34722222222222,42,2,0,0,316.6,23.47926199261993,340.07926199261993,-891.0,-405.15,-1296.15,54,60,62,50,62,dqn_penalty_sweep_coeff_0_25_seed44.csv
train,0.25,3,-1,0.9918571428571428,237.0119172779522,16.666666666666664,0,0,11,2,231.8,23.47926199261993,255.27926199261995,-298.0,-382.1,-680.1,57,59,64,60,48,dqn_penalty_sweep_coeff_0_25_seed44.csv
train,0.25,4,-1,0.9891428571428572,202.09677004259416,25.694444444444443,0,0,0,0,271.4,23.47926199261993,294.8792619926199,-66.0,-377.225,-443.225,57,60,71,51,49,dqn_penalty_sweep_coeff_0_25_seed44.csv
train,0.25,5,-1,0.9864285714285714,133.14253058825696,56.94444444444444,45,6,0,0,308.90000000000003,23.47926199261993,332.37926199261994,-924.0,-416.05,-1340.0499999999995,54,62,50,56,66,dqn_penalty_sweep_coeff_0_25_seed44.csv
train,0.25,6,-1,0.9837142857142858,91.06705439868207,41.66666666666667,96,9,0,0,266.6,23.47926199261993,290.07926199261993,-2418.0,-384.85,-2802.85,59,62,60,53,54,dqn_penalty_sweep_coeff_0_25_seed44.csv
train,0.25,7,-1,0.981,188.2933934385717,48.26388888888889,0,0,0,0,226.2,23.47926199261993,249.67926199261996,129.0,-375.025,-246.025,57,63,69,50,49,dqn_penalty_sweep_coeff_0_25_seed44.csv
train,0.25,8,-1,0.9782857142857144,226.63116232373451,40.625,0,0,70,5,260.4,23.47926199261993,283.8792619926199,-917.0,-391.7,-1308.7,58,57,58,63,52,dqn_penalty_sweep_coeff_0_25_seed44.csv
train,0.25,9,-1,0.9755714285714284,97.8530584271504,57.638888888888886,86,9,0,0,283.0,23.47926199261993,306.4792619926199,-1938.0,-406.25,-2344.25,62,47,54,67,58,dqn_penalty_sweep_coeff_0_25_seed44.csv
train,0.25,10,-1,0.9728571428571428,139.6276638459383,94.79166666666666,0,0,0,0,311.1,23.47926199261993,334.57926199261993,531.0,-410.7000000000001,120.3,55,57,60,52,64,dqn_penalty_sweep_coeff_0_25_seed44.csv
train,0.25,11,-1,0.9701428571428572,100.4525957541068,61.80555555555556,74,6,0,0,258.20000000000005,23.47926199261993,281.67926199262,-1617.0,-432.825,-2049.8250000000003,50,58,56,51,73,dqn_penalty_sweep_coeff_0_25_seed44.csv
train,0.25,12,-1,0.9674285714285714,189.43390650771627,39.58333333333333,0,0,0,0,260.29999999999995,23.47926199261993,283.77926199261987,54.0,-375.5,-321.5,67,51,67,51,52,dqn_penalty_sweep_coeff_0_25_seed44.csv
train,0.25,13,-1,0.9647142857142856,93.21782413193732,64.23611111111111,76,7,0,0,246.5,23.47926199261993,269.9792619926199,-1638.0,-408.05,-2046.05,44,67,52,75,50,dqn_penalty_sweep_coeff_0_25_seed44.csv
train,0.25,14,-1,0.962,155.1657121506055,74.65277777777779,0,0,0,0,298.2,23.47926199261993,321.6792619926199,354.0,-404.825,-50.825,62,53,51,61,61,dqn_penalty_sweep_coeff_0_25_seed44.csv
train,0.25,15,-1,0.9592857142857144,96.74851887584666,65.97222222222221,70,4,0,0,295.6,23.47926199261993,319.07926199261993,-1473.0,-421.475,-1894.475,43,59,65,62,59,dqn_penalty_sweep_coeff_0_25_seed44.csv
train,0.25,16,-1,0.9565714285714286,90.52851059682855,55.55555555555556,103,8,0,0,266.0,23.47926199261993,289.4792619926199,-2355.0,-403.45,-2758.45,62,61,48,51,66,dqn_penalty_sweep_coeff_0_25_seed44.csv
train,0.25,17,-1,0.9538571428571428,122.80286445664528,44.44444444444444,80,3,1,1,231.4,23.47926199261993,254.87926199261992,-1874.0,-393.25,-2267.25,46,75,54,63,50,dqn_penalty_sweep_coeff_0_25_seed44.csv
train,0.25,18,-1,0.9511428571428572,127.66194966849604,61.11111111111112,44,3,0,0,238.6,23.47926199261993,262.07926199261993,-897.0,-376.175,-1273.1750000000002,59,58,67,57,47,dqn_penalty_sweep_coeff_0_25_seed44.csv
train,0.25,19,-1,0.9484285714285714,210.31378580018028,38.88888888888889,0,0,24,1,212.0,23.47926199261993,235.47926199261997,-288.0,-362.375,-650.375,69,63,58,47,51,dqn_penalty_sweep_coeff_0_25_seed44.csv
train,0.25,20,-1,0.9457142857142856,135.97226429426283,95.13888888888889,0,0,0,0,282.9,23.47926199261993,306.3792619926199,525.0,-398.94999999999993,126.04999999999998,59,52,57,66,54,dqn_penalty_sweep_coeff_0_25_seed44.csv
train,0.25,21,-1,0.943,104.8828261152586,37.15277777777778,121,11,0,0,275.7,23.47926199261993,299.1792619926199,-2961.0,-391.8,-3352.8,59,67,45,61,56,dqn_penalty_sweep_coeff_0_25_seed44.csv
train,0.25,22,-1,0.9402857142857144,86.26548742189713,44.09722222222222,95,13,0,0,270.4,23.47926199261993,293.8792619926199,-2385.0,-396.82499999999993,-2781.825,61,56,60,50,61,dqn_penalty_sweep_coeff_0_25_seed44.csv
train,0.25,23,-1,0.9375714285714286,92.56316058741687,65.625,69,8,0,0,232.1,23.47926199261993,255.57926199261996,-1467.0,-391.625,-1858.625,51,75,48,61,53,dqn_penalty_sweep_coeff_0_25_seed44.csv
train,0.25,24,-1,0.9348571428571428,129.64639595078845,79.16666666666666,2,2,0,0,262.6,23.47926199261993,286.07926199261993,252.0,-410.525,-158.52499999999998,54,51,68,54,61,dqn_penalty_sweep_coeff_0_25_seed44.csv
train,0.25,25,-1,0.9321428571428572,83.35964906607595,50.69444444444444,129,3,0,0,269.3,23.47926199261993,292.7792619926199,-2985.0,-383.675,-3368.675,58,58,59,66,47,dqn_penalty_sweep_coeff_0_25_seed44.csv
train,0.25,26,-1,0.9294285714285714,113.27132382012044,89.23611111111111,12,3,0,0,248.3,23.47926199261993,271.7792619926199,138.0,-374.05,-236.04999999999995,61,69,51,57,50,dqn_penalty_sweep_coeff_0_25_seed44.csv
train,0.25,27,-1,0.9267142857142856,147.0280332572619,39.23611111111111,25,6,0,0,284.0,23.47926199261993,307.4792619926199,-657.0,-411.45,-1068.4500000000005,54,60,46,70,58,dqn_penalty_sweep_coeff_0_25_seed44.csv
train,0.25,28,-1,0.924,191.0941322271395,34.72222222222222,0,0,0,0,256.79999999999995,23.47926199261993,280.27926199261987,12.0,-389.85,-377.85,61,57,63,49,58,dqn_penalty_sweep_coeff_0_25_seed44.csv
train,0.25,29,-1,0.9212857142857144,121.74150749530584,93.4027777777778,7,1,0,0,255.9,23.47926199261993,279.3792619926199,321.0,-368.65,-47.650000000000006,66,72,47,49,54,dqn_penalty_sweep_coeff_0_25_seed44.csv
train,0.25,30,-1,0.9185714285714286,265.0033596226358,4.861111111111112,0,0,66,15,279.0,23.47926199261993,302.4792619926199,-1170.0,-409.125,-1579.125,59,46,65,57,61,dqn_penalty_sweep_coeff_0_25_seed44.csv
train,0.25,31,-1,0.9158571428571428,149.10597582820802,68.05555555555556,0,0,0,0,273.1,23.47926199261993,296.57926199261993,285.0,-416.775,-131.77499999999998,50,60,58,57,63,dqn_penalty_sweep_coeff_0_25_seed44.csv
train,0.25,32,-1,0.9131428571428571,95.5198206184846,49.65277777777778,81,9,0,0,235.3,23.47926199261993,258.7792619926199,-1959.0,-395.0,-2354.0,53,61,60,62,52,dqn_penalty_sweep_coeff_0_25_seed44.csv
train,0.25,33,-1,0.9104285714285714,57.9353726259238,9.722222222222223,227,9,0,0,265.2,23.47926199261993,288.6792619926199,-5751.0,-385.05,-6136.049999999999,48,67,60,71,42,dqn_penalty_sweep_coeff_0_25_seed44.csv
train,0.25,34,-1,0.9077142857142856,112.85795788461672,51.04166666666666,48,7,0,0,293.2,23.47926199261993,316.6792619926199,-1137.0,-384.05,-1521.05,64,60,51,59,54,dqn_penalty_sweep_coeff_0_25_seed44.csv
train,0.25,35,-1,0.905,185.53063332202768,46.52777777777778,0,0,0,0,295.5,23.47926199261993,318.9792619926199,114.0,-385.125,-271.125,63,55,59,58,53,dqn_penalty_sweep_coeff_0_25_seed44.csv
train,0.25,36,-1,0.9022857142857142,168.84266551452689,70.48611111111111,0,0,0,0,297.0,23.47926199261993,320.4792619926199,321.0,-383.625,-62.62499999999999,72,56,49,50,61,dqn_penalty_sweep_coeff_0_25_seed44.csv
train,0.25,37,-1,0.8995714285714286,193.5395514602632,25.0,0,0,0,0,302.0,23.47926199261993,325.4792619926199,-72.0,-394.15,-466.15,68,47,62,49,62,dqn_penalty_sweep_coeff_0_25_seed44.csv
train,0.25,38,-1,0.8968571428571429,92.86178669185878,38.19444444444444,110,14,0,0,267.0,23.47926199261993,290.4792619926199,-2748.0,-397.125,-3145.125,63,59,49,56,61,dqn_penalty_sweep_coeff_0_25_seed44.csv
train,0.25,39,-1,0.8941428571428571,148.7893907604465,77.77777777777779,5,3,0,0,343.6,23.47926199261993,367.07926199261993,243.0,-419.275,-176.27500000000003,57,48,56,64,63,dqn_penalty_sweep_coeff_0_25_seed44.csv
train,0.25,40,-1,0.8914285714285715,85.54244983235147,53.81944444444444,71,13,0,0,294.4,23.47926199261993,317.8792619926199,-1713.0,-402.05,-2115.05,54,55,61,64,54,dqn_penalty_sweep_coeff_0_25_seed44.csv
train,0.25,41,-1,0.8887142857142857,90.7658895399859,59.72222222222222,80,6,0,0,278.7,23.47926199261993,302.1792619926199,-1800.0,-379.625,-2179.625,83,46,42,56,61,dqn_penalty_sweep_coeff_0_25_seed44.csv
train,0.25,42,-1,0.886,83.68227802546603,49.30555555555556,117,7,0,0,293.2,23.47926199261993,316.6792619926199,-2757.0,-418.05,-3175.05,51,54,55,70,58,dqn_penalty_sweep_coeff_0_25_seed44.csv
train,0.25,43,-1,0.8832857142857142,113.66659625858172,76.38888888888889,33,5,0,0,209.3,23.47926199261993,232.77926199261995,-522.0,-384.5,-906.5,67,61,51,49,60,dqn_penalty_sweep_coeff_0_25_seed44.csv
train,0.25,44,-1,0.8805714285714286,264.4275255728375,0.0,0,0,66,7,274.40000000000003,23.47926199261993,297.87926199261994,-1212.0,-373.55,-1585.55,74,43,61,60,50,dqn_penalty_sweep_coeff_0_25_seed44.csv
train,0.25,45,-1,0.8778571428571429,81.56291777911275,54.86111111111112,76,9,0,0,277.1,23.47926199261993,300.57926199261993,-1800.0,-381.775,-2181.775,56,68,57,56,51,dqn_penalty_sweep_coeff_0_25_seed44.csv
train,0.25,46,-1,0.8751428571428571,142.61305955336476,81.59722222222221,9,1,0,0,263.7,23.47926199261993,287.1792619926199,183.0,-394.675,-211.675,67,48,50,68,55,dqn_penalty_sweep_coeff_0_25_seed44.csv
train,0.25,47,-1,0.8724285714285714,100.14992535418794,65.97222222222221,87,5,0,0,251.90000000000003,23.47926199261993,275.37926199261994,-1839.0,-406.975,-2245.975,65,52,52,52,67,dqn_penalty_sweep_coeff_0_25_seed44.csv
train,0.25,48,-1,0.8697142857142857,165.21025088930776,46.52777777777778,11,1,0,0,260.29999999999995,23.47926199261993,283.77926199261987,-180.0,-354.67499999999995,-534.675,77,55,54,55,47,dqn_penalty_sweep_coeff_0_25_seed44.csv
train,0.25,49,-1,0.867,115.69712409211606,81.25,28,5,0,0,262.29999999999995,23.47926199261993,285.77926199261987,-309.0,-392.15,-701.15,71,48,55,52,62,dqn_penalty_sweep_coeff_0_25_seed44.csv
eval,0.25,49,0,0.0,80.94593105596199,40.97222222222222,106,19,0,0,181.7,23.47926199261993,205.17926199261996,-2670.0,-313.1,-2983.1,41,129,44,50,24,dqn_penalty_sweep_coeff_0_25_seed44.csv
eval,0.25,49,1,0.0,107.40622647089243,69.79166666666666,52,5,0,0,272.9,23.47926199261993,296.3792619926199,-1020.0,-302.82500000000005,-1322.8249999999998,62,110,43,44,29,dqn_penalty_sweep_coeff_0_25_seed44.csv
eval,0.25,49,2,0.0,209.43925897294827,15.625,0,0,0,0,355.4,23.47926199261993,378.8792619926199,-153.0,-210.775,-363.775,128,79,45,9,27,dqn_penalty_sweep_coeff_0_25_seed44.csv
train,0.25,50,-1,0.8642857142857143,155.2628593178748,88.54166666666666,0,0,0,0,302.9,23.47926199261993,326.3792619926199,477.0,-408.875,68.12500000000001,58,58,44,69,59,dqn_penalty_sweep_coeff_0_25_seed44.csv
train,0.25,51,-1,0.8615714285714285,209.40547842805427,24.305555555555557,0,0,0,0,284.8,23.47926199261993,308.2792619926199,-78.0,-392.65,-470.65,65,60,50,51,62,dqn_penalty_sweep_coeff_0_25_seed44.csv
train,0.25,52,-1,0.8588571428571429,105.0955500033205,59.375,74,6,0,0,287.5,23.47926199261993,310.9792619926199,-1641.0,-403.375,-2044.375,52,61,56,64,55,dqn_penalty_sweep_coeff_0_25_seed44.csv
train,0.25,53,-1,0.8561428571428571,142.9847386636721,65.625,14,3,0,0,279.1,23.47926199261993,302.57926199261993,-123.0,-394.05,-517.0500000000001,62,56,56,56,58,dqn_penalty_sweep_coeff_0_25_seed44.csv
train,0.25,54,-1,0.8534285714285714,93.03195785553602,59.72222222222222,77,10,0,0,272.0,23.47926199261993,295.4792619926199,-1737.0,-389.8,-2126.8,55,61,55,69,48,dqn_penalty_sweep_coeff_0_25_seed44.csv
train,0.25,55,-1,0.8507142857142858,163.09680477712857,67.01388888888889,0,0,0,0,274.4,23.47926199261993,297.8792619926199,291.0,-360.55,-69.55000000000001,78,58,43,59,50,dqn_penalty_sweep_coeff_0_25_seed44.csv
train,0.25,56,-1,0.848,102.05288309886431,55.90277777777778,114,3,0,0,312.7,23.47926199261993,336.1792619926199,-2574.0,-374.67500000000007,-2948.675,76,51,49,57,55,dqn_penalty_sweep_coeff_0_25_seed44.csv
train,0.25,57,-1,0.8452857142857143,141.08497256689017,69.44444444444444,21,2,0,0,291.5,23.47926199261993,314.9792619926199,-216.0,-400.5,-616.4999999999999,66,51,48,63,60,dqn_penalty_sweep_coeff_0_25_seed44.csv
train,0.25,58,-1,0.8425714285714285,70.3300347384299,33.33333333333333,157,5,0,0,288.5,23.47926199261993,311.9792619926199,-3873.0,-382.925,-4255.924999999999,64,50,61,64,49,dqn_penalty_sweep_coeff_0_25_seed44.csv
train,0.25,59,-1,0.8398571428571429,133.85752735505005,86.45833333333334,8,3,0,0,296.5,23.47926199261993,319.9792619926199,204.0,-382.125,-178.125,72,59,46,50,61,dqn_penalty_sweep_coeff_0_25_seed44.csv
train,0.25,60,-1,0.8371428571428572,196.79492872230173,31.944444444444443,0,0,0,0,252.1,23.47926199261993,275.57926199261993,-12.0,-334.02500000000003,-346.025,92,47,53,51,45,dqn_penalty_sweep_coeff_0_25_seed44.csv
train,0.25,61,-1,0.8344285714285714,266.68370375706127,4.166666666666666,0,0,98,4,271.4,23.47926199261993,294.8792619926199,-1624.0,-353.65000000000003,-1977.65,84,49,52,53,50,dqn_penalty_sweep_coeff_0_25_seed44.csv
train,0.25,62,-1,0.8317142857142857,143.44836597794705,83.33333333333334,8,1,0,0,295.70000000000005,23.47926199261993,319.17926199262,216.0,-364.725,-148.725,70,65,52,48,53,dqn_penalty_sweep_coeff_0_25_seed44.csv
train,0.25,63,-1,0.829,133.1631996013531,73.26388888888889,5,2,0,0,279.7,23.47926199261993,303.1792619926199,174.0,-375.05,-201.05,72,63,44,51,58,dqn_penalty_sweep_coeff_0_25_seed44.csv
train,0.25,64,-1,0.8262857142857143,174.99457929594735,62.84722222222222,0,0,0,0,283.0,23.47926199261993,306.4792619926199,255.0,-366.575,-111.575,76,49,57,55,51,dqn_penalty_sweep_coeff_0_25_seed44.csv
train,0.25,65,-1,0.8235714285714286,211.2122312502471,36.80555555555556,0,0,23,5,257.6,23.47926199261993,281.07926199261993,-292.0,-379.275,-671.2750000000001,69,60,53,47,59,dqn_penalty_sweep_coeff_0_25_seed44.csv
train,0.25,66,-1,0.8208571428571428,160.71125265243614,51.73611111111112,8,3,0,0,297.9,23.47926199261993,321.3792619926199,-66.0,-355.075,-421.075,84,50,50,53,51,dqn_penalty_sweep_coeff_0_25_seed44.csv
train,0.25,67,-1,0.8181428571428572,67.88879911793731,27.77777777777778,171,9,0,0,281.8,23.47926199261993,305.2792619926199,-4263.0,-354.225,-4617.225,68,67,62,42,49,dqn_penalty_sweep_coeff_0_25_seed44.csv
train,0.25,68,-1,0.8154285714285714,179.93840238648414,57.29166666666666,0,0,0,0,286.6,23.47926199261993,310.0792619926199,207.0,-367.875,-160.875,78,57,43,55,55,dqn_penalty_sweep_coeff_0_25_seed44.csv
train,0.25,69,-1,0.8127142857142857,292.3101838628762,2.7777777777777777,0,0,163,12,248.0,23.47926199261993,271.4792619926199,-2546.0,-311.475,-2857.475,90,64,51,44,39,dqn_penalty_sweep_coeff_0_25_seed44.csv
train,0.25,70,-1,0.81,198.85684688658068,36.11111111111111,0,0,2,2,264.5,23.47926199261993,287.9792619926199,-4.0,-344.925,-348.925,80,61,46,56,45,dqn_penalty_sweep_coeff_0_25_seed44.csv
train,0.25,71,-1,0.8072857142857143,135.90152269617886,75.34722222222221,18,5,0,0,275.0,23.47926199261993,298.4792619926199,-123.0,-367.15,-490.15000000000015,68,73,49,40,58,dqn_penalty_sweep_coeff_0_25_seed44.csv
train,0.25,72,-1,0.8045714285714286,112.03031322751538,66.66666666666666,59,6,0,0,266.8,23.47926199261993,290.2792619926199,-1215.0,-347.725,-1562.725,69,72,53,49,45,dqn_penalty_sweep_coeff_0_25_seed44.csv
train,0.25,73,-1,0.8018571428571428,245.4812241235262,10.76388888888889,0,0,46,8,244.2,23.47926199261993,267.67926199262,-839.0,-341.5,-1180.5,86,51,50,57,44,dqn_penalty_sweep_coeff_0_25_seed44.csv
train,0.25,74,-1,0.7991428571428572,120.11045311318318,67.01388888888889,69,11,0,0,298.5,23.47926199261993,321.9792619926199,-1413.0,-351.875,-1764.875,87,45,48,61,47,dqn_penalty_sweep_coeff_0_25_seed44.csv
train,0.25,75,-1,0.7964285714285715,93.72970106142712,58.333333333333336,78,10,0,0,259.20000000000005,23.47926199261993,282.67926199262,-1782.0,-394.225,-2176.225,55,70,42,68,53,dqn_penalty_sweep_coeff_0_25_seed44.csv
train,0.25,76,-1,0.7937142857142857,154.61646248687558,81.25,0,0,0,0,252.7,23.47926199261993,276.17926199262,414.0,-354.5,59.49999999999999,86,53,49,44,56,dqn_penalty_sweep_coeff_0_25_seed44.csv
train,0.25,77,-1,0.791,135.1512466829914,87.5,0,0,0,0,243.0,23.47926199261993,266.4792619926199,459.0,-352.275,106.725,79,55,52,55,47,dqn_penalty_sweep_coeff_0_25_seed44.csv
train,0.25,78,-1,0.7882857142857143,173.07145055826777,62.15277777777778,0,0,0,0,261.4,23.47926199261993,284.8792619926199,249.0,-325.85,-76.85,91,50,57,48,42,dqn_penalty_sweep_coeff_0_25_seed44.csv
train,0.25,79,-1,0.7855714285714286,64.92018768981704,26.041666666666668,199,6,0,0,253.5,23.47926199261993,276.9792619926199,-4881.0,-359.375,-5240.375,66,72,48,55,47,dqn_penalty_sweep_coeff_0_25_seed44.csv
train,0.25,80,-1,0.7828571428571429,214.66683752293363,26.38888888888889,0,0,3,1,266.5,23.47926199261993,289.9792619926199,-102.0,-338.025,-440.025,81,64,48,50,45,dqn_penalty_sweep_coeff_0_25_seed44.csv
train,0.25,81,-1,0.7801428571428571,130.76224696246098,99.6527777777778,0,0,0,0,318.70000000000005,23.47926199261993,342.17926199262,573.0,-393.75,179.25,68,59,42,57,62,dqn_penalty_sweep_coeff_0_25_seed44.csv
train,0.25,82,-1,0.7774285714285715,123.12332659524137,77.77777777777779,41,2,0,0,271.0,23.47926199261993,294.4792619926199,-633.0,-376.9,-1009.9,66,66,49,51,56,dqn_penalty_sweep_coeff_0_25_seed44.csv
train,0.25,83,-1,0.7747142857142857,158.4981017829506,70.13888888888889,0,0,0,0,284.4,23.47926199261993,307.8792619926199,306.0,-342.4,-36.4,69,69,57,53,40,dqn_penalty_sweep_coeff_0_25_seed44.csv
train,0.25,84,-1,0.772,227.4701192148227,28.47222222222222,0,0,44,2,330.1,23.47926199261993,353.57926199261993,-658.0,-402.125,-1060.1250000000002,72,47,45,59,65,dqn_penalty_sweep_coeff_0_25_seed44.csv
train,0.25,85,-1,0.7692857142857144,93.77814517822844,53.47222222222222,114,3,0,0,235.6,23.47926199261993,259.07926199261993,-2622.0,-335.95000000000005,-2957.95,74,72,58,38,46,dqn_penalty_sweep_coeff_0_25_seed44.csv
train,0.25,86,-1,0.7665714285714286,143.61060612855562,69.44444444444444,10,4,0,0,268.9,23.47926199261993,292.3792619926199,15.0,-399.875,-384.875,55,65,53,56,59,dqn_penalty_sweep_coeff_0_25_seed44.csv
train,0.25,87,-1,0.7638571428571428,197.48170008034907,38.19444444444444,0,0,0,0,281.9,23.47926199261993,305.3792619926199,42.0,-326.95,-284.95,91,59,47,45,46,dqn_penalty_sweep_coeff_0_25_seed44.csv
train,0.25,88,-1,0.7611428571428571,98.15965594022391,77.77777777777779,29,5,0,0,294.5,23.47926199261993,317.9792619926199,-417.0,-379.32499999999993,-796.325,58,73,50,54,53,dqn_penalty_sweep_coeff_0_25_seed44.csv
train,0.25,89,-1,0.7584285714285715,176.56943305636116,38.88888888888889,0,0,0,0,245.0,23.47926199261993,268.4792619926199,33.0,-351.8,-318.8,76,60,54,50,48,dqn_penalty_sweep_coeff_0_25_seed44.csv
train,0.25,90,-1,0.7557142857142858,84.95521381903899,42.70833333333333,123,8,0,0,206.3,23.47926199261993,229.77926199261995,-2982.0,-355.6,-3337.6,65,83,46,42,52,dqn_penalty_sweep_coeff_0_25_seed44.csv
train,0.25,91,-1,0.753,151.3739494209545,69.79166666666666,0,0,0,0,266.79999999999995,23.47926199261993,290.27926199261987,282.0,-401.15,-119.15,57,58,56,59,58,dqn_penalty_sweep_coeff_0_25_seed44.csv
train,0.25,92,-1,0.7502857142857143,128.19247507688175,62.84722222222222,51,1,0,0,303.9,23.47926199261993,327.3792619926199,-990.0,-377.625,-1367.625,67,66,47,51,57,dqn_penalty_sweep_coeff_0_25_seed44.csv
train,0.25,93,-1,0.7475714285714286,85.8879828206524,46.875,144,4,0,0,216.6,23.47926199261993,240.07926199262,-3366.0,-402.05,-3768.0499999999993,55,75,38,58,62,dqn_penalty_sweep_coeff_0_25_seed44.csv
train,0.25,94,-1,0.7448571428571429,132.21345295241048,70.48611111111111,34,2,0,0,271.3,23.47926199261993,294.7792619926199,-540.0,-359.4,-899.4,79,53,54,50,52,dqn_penalty_sweep_coeff_0_25_seed44.csv
train,0.25,95,-1,0.7421428571428572,218.05018997293337,22.569444444444446,0,0,35,6,266.4,23.47926199261993,289.8792619926199,-583.0,-311.42499999999995,-894.4250000000002,90,62,51,48,37,dqn_penalty_sweep_coeff_0_25_seed44.csv
train,0.25,96,-1,0.7394285714285714,164.53501988194,69.79166666666666,0,0,0,0,340.20000000000005,23.47926199261993,363.67926199262,315.0,-381.8,-66.79999999999998,68,50,64,50,56,dqn_penalty_sweep_coeff_0_25_seed44.csv
train,0.25,97,-1,0.7367142857142857,128.78689606596222,75.0,38,3,0,0,239.2,23.47926199261993,262.6792619926199,-627.0,-337.05,-964.0500000000002,92,56,49,37,54,dqn_penalty_sweep_coeff_0_25_seed44.csv
train,0.25,98,-1,0.734,227.54783371009745,30.55555555555556,0,0,90,2,229.8,23.47926199261993,253.27926199261995,-1284.0,-306.225,-1590.225,98,56,54,39,41,dqn_penalty_sweep_coeff_0_25_seed44.csv
train,0.25,99,-1,0.7312857142857143,168.10458888470623,57.638888888888886,0,0,0,0,263.79999999999995,23.47926199261993,287.27926199261987,210.0,-335.55,-125.55,88,49,60,45,46,dqn_penalty_sweep_coeff_0_25_seed44.csv
eval,0.25,99,0,0.0,116.9655567377712,71.18055555555556,29,5,0,0,271.2,23.47926199261993,294.6792619926199,-477.0,-560.85,-1037.85,44,47,36,15,146,dqn_penalty_sweep_coeff_0_25_seed44.csv
eval,0.25,99,1,0.0,171.18437157955475,59.72222222222222,0,0,0,0,402.7000000000001,23.47926199261993,426.17926199262,228.0,-504.69999999999993,-276.7,67,18,72,3,128,dqn_penalty_sweep_coeff_0_25_seed44.csv
eval,0.25,99,2,0.0,202.56137566920427,19.444444444444446,0,0,0,0,387.5,23.47926199261993,410.9792619926199,-120.0,-499.675,-619.675,79,8,69,1,131,dqn_penalty_sweep_coeff_0_25_seed44.csv
train,0.25,0,-1,1.0,83.3934674151409,42.70833333333333,133,13,0,0,258.79999999999995,23.47926199261993,282.27926199261987,-3207.0,-376.675,-3583.675,56,60,71,54,47,dqn_penalty_sweep_coeff_0_25_seed45.csv
train,0.25,1,-1,0.9972857142857144,163.53404709007498,25.0,46,2,0,0,292.0,23.47926199261993,315.4792619926199,-1203.0,-375.2,-1578.2,69,65,38,64,52,dqn_penalty_sweep_coeff_0_25_seed45.csv
train,0.25,2,-1,0.9945714285714286,234.63813255572973,18.40277777777778,0,0,3,1,282.5,23.47926199261993,305.9792619926199,-171.0,-420.175,-591.175,51,55,59,60,63,dqn_penalty_sweep_coeff_0_25_seed45.csv
train,0.25,3,-1,0.9918571428571428,198.6271081932448,30.20833333333333,0,0,0,0,270.1,23.47926199261993,293.57926199261993,-27.0,-417.25,-444.25,49,59,67,47,66,dqn_penalty_sweep_coeff_0_25_seed45.csv
train,0.25,4,-1,0.9891428571428572,140.3913981417591,62.5,31,2,0,0,270.5,23.47926199261993,293.9792619926199,-531.0,-374.9,-905.9,61,61,60,58,48,dqn_penalty_sweep_coeff_0_25_seed45.csv
train,0.25,5,-1,0.9864285714285714,85.25426673728658,32.29166666666667,120,11,0,0,274.9,23.47926199261993,298.3792619926199,-3096.0,-390.55,-3486.55,62,49,59,68,50,dqn_penalty_sweep_coeff_0_25_seed45.csv
train,0.25,6,-1,0.9837142857142858,177.36144899412693,56.94444444444444,0,0,0,0,263.9,23.47926199261993,287.3792619926199,204.0,-393.775,-189.775,50,64,56,71,47,dqn_penalty_sweep_coeff_0_25_seed45.csv
train,0.25,7,-1,0.981,222.72131028419489,42.70833333333333,0,0,59,2,248.0,23.47926199261993,271.4792619926199,-745.0,-394.025,-1139.025,55,62,70,40,61,dqn_penalty_sweep_coeff_0_25_seed45.csv
train,0.25,8,-1,0.9782857142857144,104.800326475625,59.375,79,7,0,0,220.8,23.47926199261993,244.27926199261995,-1761.0,-421.8999999999999,-2182.9,46,59,58,65,60,dqn_penalty_sweep_coeff_0_25_seed45.csv
train,0.25,9,-1,0.9755714285714284,163.76794162371624,79.86111111111111,0,0,0,0,269.4,23.47926199261993,292.8792619926199,402.0,-388.625,13.375,62,56,62,51,57,dqn_penalty_sweep_coeff_0_25_seed45.csv
train,0.25,10,-1,0.9728571428571428,87.41482676697898,41.31944444444444,106,15,0,0,302.0,23.47926199261993,325.4792619926199,-2661.0,-381.025,-3042.025,43,79,71,46,49,dqn_penalty_sweep_coeff_0_25_seed45.csv
train,0.25,11,-1,0.9701428571428572,168.07435789660502,56.94444444444444,0,0,0,0,289.4,23.47926199261993,312.8792619926199,204.0,-398.5,-194.5,48,59,72,57,52,dqn_penalty_sweep_coeff_0_25_seed45.csv
train,0.25,12,-1,0.9674285714285714,94.58651769105448,64.93055555555556,66,10,0,0,249.4,23.47926199261993,272.87926199261994,-1416.0,-419.125,-1835.1250000000005,54,59,49,61,65,dqn_penalty_sweep_coeff_0_25_seed45.csv
train,0.25,13,-1,0.9647142857142856,142.345052428383,69.79166666666666,2,1,0,0,296.5,23.47926199261993,319.9792619926199,207.0,-414.75,-207.75,49,64,62,47,66,dqn_penalty_sweep_coeff_0_25_seed45.csv
train,0.25,14,-1,0.962,104.57773243702616,65.625,66,2,0,0,287.6,23.47926199261993,311.07926199261993,-1362.0,-420.275,-1782.275,38,72,58,61,59,dqn_penalty_sweep_coeff_0_25_seed45.csv
train,0.25,15,-1,0.9592857142857144,93.26001579331005,57.29166666666666,106,6,0,0,276.3,23.47926199261993,299.7792619926199,-2388.0,-399.725,-2787.7250000000004,51,56,69,59,53,dqn_penalty_sweep_coeff_0_25_seed45.csv
train,0.25,16,-1,0.9565714285714286,120.9528225224771,43.40277777777778,82,3,1,1,261.6,23.47926199261993,285.07926199261993,-1943.0,-397.525,-2340.525,57,53,61,64,53,dqn_penalty_sweep_coeff_0_25_seed45.csv
train,0.25,17,-1,0.9538571428571428,119.22341237502695,64.93055555555556,45,4,0,0,238.3,23.47926199261993,261.7792619926199,-897.0,-344.525,-1241.525,72,67,58,46,45,dqn_penalty_sweep_coeff_0_25_seed45.csv
train,0.25,18,-1,0.9511428571428572,183.11135524462463,33.68055555555556,1,1,17,1,288.0,23.47926199261993,311.4792619926199,-343.0,-423.175,-766.175,50,57,61,53,67,dqn_penalty_sweep_coeff_0_25_seed45.csv
train,0.25,19,-1,0.9484285714285714,129.37886151648485,97.91666666666666,0,0,0,0,247.1,23.47926199261993,270.57926199261993,546.0,-379.875,166.125,57,61,69,50,51,dqn_penalty_sweep_coeff_0_25_seed45.csv
train,0.25,20,-1,0.9457142857142856,104.40623209964582,34.02777777777778,123,11,0,0,241.9,23.47926199261993,265.3792619926199,-3039.0,-394.075,-3433.075,59,60,52,62,55,dqn_penalty_sweep_coeff_0_25_seed45.csv
train,0.25,21,-1,0.943,90.83601816813204,56.59722222222222,68,12,0,0,263.9,23.47926199261993,287.3792619926199,-1602.0,-393.7000000000001,-1995.7,61,57,54,60,56,dqn_penalty_sweep_coeff_0_25_seed45.csv
train,0.25,22,-1,0.9402857142857144,82.96357363329841,48.95833333333333,96,7,0,0,315.4,23.47926199261993,338.8792619926199,-2322.0,-379.5,-2701.5,66,65,47,54,56,dqn_penalty_sweep_coeff_0_25_seed45.csv
train,0.25,23,-1,0.9375714285714286,131.3375417841218,78.81944444444444,2,2,0,0,263.8,23.47926199261993,287.2792619926199,252.0,-359.725,-107.72500000000002,68,63,61,47,49,dqn_penalty_sweep_coeff_0_25_seed45.csv
train,0.25,24,-1,0.9348571428571428,83.61948913645148,50.69444444444444,128,2,0,0,273.1,23.47926199261993,296.5792619926199,-2964.0,-389.825,-3353.825,61,63,51,56,57,dqn_penalty_sweep_coeff_0_25_seed45.csv
train,0.25,25,-1,0.9321428571428572,96.4565438686936,72.22222222222221,49,6,0,0,288.4,23.47926199261993,311.8792619926199,-933.0,-381.875,-1314.8750000000002,53,68,65,51,51,dqn_penalty_sweep_coeff_0_25_seed45.csv
train,0.25,26,-1,0.9294285714285714,150.30563742392854,45.48611111111111,16,4,0,0,288.79999999999995,23.47926199261993,312.27926199261987,-354.0,-374.45,-728.45,62,70,53,49,54,dqn_penalty_sweep_coeff_0_25_seed45.csv
train,0.25,27,-1,0.9267142857142856,179.72069472713943,46.875,0,0,0,0,263.7,23.47926199261993,287.1792619926199,117.0,-393.35,-276.35,63,55,56,56,58,dqn_penalty_sweep_coeff_0_25_seed45.csv
train,0.25,28,-1,0.924,138.94109765067105,96.18055555555556,0,0,0,0,226.5,23.47926199261993,249.97926199261997,534.0,-386.925,147.07500000000002,64,63,47,57,57,dqn_penalty_sweep_coeff_0_25_seed45.csv
train,0.25,29,-1,0.9212857142857144,271.3399915670802,4.861111111111112,0,0,104,10,274.8,23.47926199261993,298.2792619926199,-1702.0,-354.975,-2056.975,69,61,58,57,43,dqn_penalty_sweep_coeff_0_25_seed45.csv
train,0.25,30,-1,0.9185714285714286,139.15007305043034,77.77777777777779,0,0,0,0,266.7,23.47926199261993,290.1792619926199,321.0,-377.625,-56.625,69,50,62,54,53,dqn_penalty_sweep_coeff_0_25_seed45.csv
train,0.25,31,-1,0.9158571428571428,90.6255883453824,45.83333333333333,86,11,0,0,248.9,23.47926199261993,272.37926199261994,-2136.0,-360.15,-2496.15,63,78,57,36,54,dqn_penalty_sweep_coeff_0_25_seed45.csv
train,0.25,32,-1,0.9131428571428571,59.46812390536,13.541666666666666,220,9,0,0,221.8,23.47926199261993,245.27926199261995,-5538.0,-385.875,-5923.875,60,60,54,63,51,dqn_penalty_sweep_coeff_0_25_seed45.csv
train,0.25,33,-1,0.9104285714285714,109.09935987692184,45.13888888888889,69,12,0,0,258.8,23.47926199261993,282.2792619926199,-1680.0,-367.35,-2047.35,74,47,63,54,50,dqn_penalty_sweep_coeff_0_25_seed45.csv
train,0.25,34,-1,0.9077142857142856,193.7010005642698,31.59722222222222,0,0,0,0,248.8,23.47926199261993,272.2792619926199,-15.0,-385.15,-400.15,69,50,60,51,58,dqn_penalty_sweep_coeff_0_25_seed45.csv
train,0.25,35,-1,0.905,163.96176273674934,70.48611111111111,0,0,0,0,286.5,23.47926199261993,309.9792619926199,321.0,-371.9,-50.89999999999998,77,44,57,58,52,dqn_penalty_sweep_coeff_0_25_seed45.csv
train,0.25,36,-1,0.9022857142857142,182.0423292380408,41.66666666666667,0,0,0,0,298.9,23.47926199261993,322.3792619926199,72.0,-366.75,-294.75,83,42,55,54,54,dqn_penalty_sweep_coeff_0_25_seed45.csv
train,0.25,37,-1,0.8995714285714286,96.18446991634534,39.58333333333333,95,13,0,0,285.5,23.47926199261993,308.9792619926199,-2397.0,-391.55,-2788.55,76,47,44,59,62,dqn_penalty_sweep_coeff_0_25_seed45.csv
train,0.25,38,-1,0.8968571428571429,169.39216853822427,59.72222222222222,0,0,0,0,297.29999999999995,23.47926199261993,320.77926199261987,222.0,-397.07499999999993,-175.07500000000002,65,55,54,51,63,dqn_penalty_sweep_coeff_0_25_seed45.csv
train,0.25,39,-1,0.8941428571428571,88.81729131593289,57.638888888888886,59,10,0,0,222.0,23.47926199261993,245.47926199261997,-1395.0,-380.775,-1775.775,64,55,59,59,51,dqn_penalty_sweep_coeff_0_25_seed45.csv
train,0.25,40,-1,0.8914285714285715,99.10119985045009,70.48611111111111,61,7,0,0,271.9,23.47926199261993,295.3792619926199,-1215.0,-390.1,-1605.1,57,71,60,36,64,dqn_penalty_sweep_coeff_0_25_seed45.csv
train,0.25,41,-1,0.8887142857142857,92.8566200490602,58.333333333333336,101,7,0,0,254.8,23.47926199261993,278.2792619926199,-2265.0,-383.5,-2648.5,63,60,58,51,56,dqn_penalty_sweep_coeff_0_25_seed45.csv
train,0.25,42,-1,0.886,104.13298454405414,69.09722222222221,54,8,0,0,268.3,23.47926199261993,291.7792619926199,-1089.0,-384.425,-1473.425,59,73,47,52,57,dqn_penalty_sweep_coeff_0_25_seed45.csv
train,0.25,43,-1,0.8832857142857142,254.7971436283932,0.0,0,0,49,1,253.1,23.47926199261993,276.57926199261993,-974.0,-386.925,-1360.9250000000002,76,44,54,53,61,dqn_penalty_sweep_coeff_0_25_seed45.csv
train,0.25,44,-1,0.8805714285714286,78.4310435164475,47.56944444444444,85,12,0,0,263.90000000000003,23.47926199261993,287.37926199261994,-2115.0,-375.525,-2490.525,57,76,60,38,57,dqn_penalty_sweep_coeff_0_25_seed45.csv
train,0.25,45,-1,0.8778571428571429,156.556983164476,73.61111111111111,1,1,0,0,226.9,23.47926199261993,250.37926199261997,306.0,-373.4,-67.4,65,60,53,62,48,dqn_penalty_sweep_coeff_0_25_seed45.csv
train,0.25,46,-1,0.8751428571428571,100.72222443942456,64.58333333333334,88,5,0,0,231.3,23.47926199261993,254.77926199261992,-1884.0,-359.65,-2243.65,77,65,42,50,54,dqn_penalty_sweep_coeff_0_25_seed45.csv
train,0.25,47,-1,0.8724285714285714,178.73350262652755,42.36111111111111,7,2,0,0,285.9,23.47926199261993,309.3792619926199,-102.0,-375.225,-477.225,80,41,51,63,53,dqn_penalty_sweep_coeff_0_25_seed45.csv
train,0.25,48,-1,0.8697142857142857,90.69211971585032,60.41666666666666,72,6,0,0,262.1,23.47926199261993,285.57926199261993,-1608.0,-406.6,-2014.6000000000004,60,63,35,70,60,dqn_penalty_sweep_coeff_0_25_seed45.csv
train,0.25,49,-1,0.867,139.7595607067636,95.48611111111111,0,0,0,0,262.4,23.47926199261993,285.8792619926199,534.0,-358.75,175.25,74,53,58,57,46,dqn_penalty_sweep_coeff_0_25_seed45.csv
eval,0.25,49,0,0.0,188.41618227330108,48.61111111111111,0,0,0,0,64.4,23.47926199261993,87.87926199261993,132.0,-130.375,1.6250000000000284,179,67,0,39,3,dqn_penalty_sweep_coeff_0_25_seed45.csv
eval,0.25,49,1,0.0,105.69286724530616,50.0,95,6,0,0,95.2,23.47926199261993,118.67926199261991,-2214.0,-224.7,-2438.7,96,108,22,58,4,dqn_penalty_sweep_coeff_0_25_seed45.csv
eval,0.25,49,2,0.0,208.15141556192057,9.375,0,0,0,0,53.2,23.47926199261993,76.67926199261993,-207.0,-114.0,-321.0,204,38,0,46,0,dqn_penalty_sweep_coeff_0_25_seed45.csv
train,0.25,50,-1,0.8642857142857143,210.60895065027657,27.43055555555556,0,0,0,0,297.3,23.47926199261993,320.7792619926199,-51.0,-368.82499999999993,-419.82499999999993,76,55,54,46,57,dqn_penalty_sweep_coeff_0_25_seed45.csv
train,0.25,51,-1,0.8615714285714285,101.904413480401,52.43055555555556,86,8,0,0,271.0,23.47926199261993,294.4792619926199,-2013.0,-332.925,-2345.925,87,50,56,54,41,dqn_penalty_sweep_coeff_0_25_seed45.csv
train,0.25,52,-1,0.8588571428571429,151.23525949700544,43.05555555555556,16,2,0,0,273.0,23.47926199261993,296.4792619926199,-387.0,-372.8,-759.8,66,63,60,43,56,dqn_penalty_sweep_coeff_0_25_seed45.csv
train,0.25,53,-1,0.8561428571428571,91.04980522735832,60.41666666666666,78,10,0,0,247.8,23.47926199261993,271.2792619926199,-1746.0,-359.67499999999995,-2105.675,62,67,60,56,43,dqn_penalty_sweep_coeff_0_25_seed45.csv
train,0.25,54,-1,0.8534285714285714,150.37076311046175,75.34722222222221,0,0,0,0,284.0,23.47926199261993,307.4792619926199,327.0,-378.1,-51.100000000000016,68,56,59,49,56,dqn_penalty_sweep_coeff_0_25_seed45.csv
train,0.25,55,-1,0.8507142857142858,97.09917008505512,55.55555555555556,118,3,0,0,249.2,23.47926199261993,272.6792619926199,-2670.0,-372.025,-3042.025,69,64,53,45,57,dqn_penalty_sweep_coeff_0_25_seed45.csv
train,0.25,56,-1,0.848,142.3834695013246,66.31944444444444,21,2,0,0,258.20000000000005,23.47926199261993,281.67926199262,-246.0,-371.275,-617.2750000000001,76,48,59,50,55,dqn_penalty_sweep_coeff_0_25_seed45.csv
train,0.25,57,-1,0.8452857142857143,68.95057441391522,30.20833333333333,161,8,0,0,279.5,23.47926199261993,302.9792619926199,-4011.0,-373.8,-4384.8,62,65,59,50,52,dqn_penalty_sweep_coeff_0_25_seed45.csv
train,0.25,58,-1,0.8425714285714285,133.2322453296035,81.94444444444444,6,1,0,0,248.2,23.47926199261993,271.67926199262,207.0,-365.475,-158.47500000000002,65,58,66,52,47,dqn_penalty_sweep_coeff_0_25_seed45.csv
train,0.25,59,-1,0.8398571428571429,194.7938870556351,32.98611111111111,0,0,0,0,257.40000000000003,23.47926199261993,280.87926199261994,-3.0,-345.3,-348.29999999999995,87,48,47,62,44,dqn_penalty_sweep_coeff_0_25_seed45.csv
train,0.25,60,-1,0.8371428571428572,258.205800515506,5.208333333333334,0,0,79,6,313.1,23.47926199261993,336.57926199261993,-1349.0,-394.07499999999993,-1743.0749999999998,65,68,43,45,67,dqn_penalty_sweep_coeff_0_25_seed45.csv
train,0.25,61,-1,0.8344285714285714,141.40910796993904,88.19444444444444,7,2,0,0,265.80000000000007,23.47926199261993,289.27926199262,285.0,-365.6,-80.59999999999997,79,49,52,56,52,dqn_penalty_sweep_coeff_0_25_seed45.csv
train,0.25,62,-1,0.8317142857142857,137.4343801569086,64.58333333333334,5,2,0,0,275.1,23.47926199261993,298.57926199261993,111.0,-408.625,-297.625,54,66,52,51,65,dqn_penalty_sweep_coeff_0_25_seed45.csv
train,0.25,63,-1,0.829,189.212461240392,47.56944444444444,0,0,0,0,263.8,23.47926199261993,287.2792619926199,123.0,-388.025,-265.025,61,54,69,47,57,dqn_penalty_sweep_coeff_0_25_seed45.csv
train,0.25,64,-1,0.8262857142857143,206.0808076391359,43.75,0,0,12,3,287.5,23.47926199261993,310.9792619926199,-78.0,-375.925,-453.925,76,52,49,54,57,dqn_penalty_sweep_coeff_0_25_seed45.csv
train,0.25,65,-1,0.8235714285714286,161.39198181910285,53.81944444444444,8,3,0,0,291.5,23.47926199261993,314.9792619926199,-45.0,-397.125,-442.125,57,65,48,61,57,dqn_penalty_sweep_coeff_0_25_seed45.csv
train,0.25,66,-1,0.8208571428571428,70.62552422946393,29.51388888888889,165,12,0,0,276.29999999999995,23.47926199261993,299.77926199261987,-4107.0,-369.05,-4476.05,71,62,50,51,54,dqn_penalty_sweep_coeff_0_25_seed45.csv
train,0.25,67,-1,0.8181428571428572,178.57104127537306,59.375,0,0,0,0,333.5,23.47926199261993,356.9792619926199,225.0,-409.25,-184.25000000000003,61,49,56,60,62,dqn_penalty_sweep_coeff_0_25_seed45.csv
train,0.25,68,-1,0.8154285714285714,268.7440380295428,3.4722222222222223,0,0,80,6,287.70000000000005,23.47926199261993,311.17926199262,-1378.0,-357.0,-1735.0,75,59,51,55,48,dqn_penalty_sweep_coeff_0_25_seed45.csv
train,0.25,69,-1,0.8127142857142857,208.61136077546968,33.33333333333333,0,0,25,2,249.9,23.47926199261993,273.37926199261994,-350.0,-373.1,-723.1,71,56,58,47,56,dqn_penalty_sweep_coeff_0_25_seed45.csv
train,0.25,70,-1,0.81,142.79752964062325,74.65277777777779,4,2,0,0,300.2,23.47926199261993,323.6792619926199,189.0,-387.675,-198.675,59,63,56,55,55,dqn_penalty_sweep_coeff_0_25_seed45.csv
train,0.25,71,-1,0.8072857142857143,118.05652850529312,72.22222222222221,55,7,0,0,271.29999999999995,23.47926199261993,294.77926199261987,-1029.0,-402.9,-1431.9,60,55,54,59,60,dqn_penalty_sweep_coeff_0_25_seed45.csv
train,0.25,72,-1,0.8045714285714286,223.1904255124149,15.97222222222222,0,0,1,1,309.90000000000003,23.47926199261993,333.37926199261994,-164.0,-396.2,-560.1999999999999,66,54,49,59,60,dqn_penalty_sweep_coeff_0_25_seed45.csv
train,0.25,73,-1,0.8018571428571428,107.7563890310676,63.888888888888886,83,11,0,0,312.8,23.47926199261993,336.2792619926199,-1788.0,-387.3,-2175.3,65,63,49,51,60,dqn_penalty_sweep_coeff_0_25_seed45.csv
train,0.25,74,-1,0.7991428571428572,92.79952962640496,56.94444444444444,81,9,0,0,283.7,23.47926199261993,307.1792619926199,-1869.0,-397.825,-2266.825,52,63,64,52,57,dqn_penalty_sweep_coeff_0_25_seed45.csv
train,0.25,75,-1,0.7964285714285715,130.97028193132022,87.5,4,2,0,0,310.8,23.47926199261993,334.2792619926199,324.0,-369.75,-45.75,70,63,57,40,58,dqn_penalty_sweep_coeff_0_25_seed45.csv
train,0.25,76,-1,0.7937142857142857,130.52537862743597,86.45833333333334,1,1,0,0,298.5,23.47926199261993,321.9792619926199,393.0,-378.725,14.275000000000006,68,53,58,56,53,dqn_penalty_sweep_coeff_0_25_seed45.csv
train,0.25,77,-1,0.791,158.9742283360454,75.69444444444444,0,0,0,0,298.9,23.47926199261993,322.3792619926199,366.0,-409.275,-43.275000000000006,54,64,51,56,63,dqn_penalty_sweep_coeff_0_25_seed45.csv
train,0.25,78,-1,0.7882857142857143,68.74265635800187,27.43055555555556,193,6,0,0,225.9,23.47926199261993,249.37926199261997,-4731.0,-359.95,-5090.95,59,67,66,54,42,dqn_penalty_sweep_coeff_0_25_seed45.csv
train,0.25,79,-1,0.7855714285714286,219.14513613404452,26.041666666666668,0,0,8,4,290.79999999999995,23.47926199261993,314.27926199261987,-175.0,-375.8250000000001,-550.8249999999999,61,63,57,58,49,dqn_penalty_sweep_coeff_0_25_seed45.csv
train,0.25,80,-1,0.7828571428571429,153.35904688738594,90.625,0,0,0,0,298.1,23.47926199261993,321.57926199261993,495.0,-387.175,107.825,70,60,46,49,63,dqn_penalty_sweep_coeff_0_25_seed45.csv
train,0.25,81,-1,0.7801428571428571,114.021158917137,78.125,46,3,0,0,294.6,23.47926199261993,318.07926199261993,-750.0,-380.65,-1130.65,54,74,59,47,54,dqn_penalty_sweep_coeff_0_25_seed45.csv
train,0.25,82,-1,0.7774285714285715,146.19549761628377,81.59722222222221,4,1,0,0,292.2,23.47926199261993,315.6792619926199,291.0,-393.775,-102.775,59,55,61,58,55,dqn_penalty_sweep_coeff_0_25_seed45.csv
train,0.25,83,-1,0.7747142857142857,224.925327548156,27.77777777777778,0,0,29,8,277.9,23.47926199261993,301.3792619926199,-454.0,-336.94999999999993,-790.9500000000002,93,51,41,57,46,dqn_penalty_sweep_coeff_0_25_seed45.csv
train,0.25,84,-1,0.772,96.49816595727287,52.77777777777778,117,3,0,0,272.4,23.47926199261993,295.8792619926199,-2691.0,-375.07499999999993,-3066.075,70,59,51,53,55,dqn_penalty_sweep_coeff_0_25_seed45.csv
train,0.25,85,-1,0.7692857142857144,152.92644162553742,75.34722222222221,1,1,0,0,237.3,23.47926199261993,260.7792619926199,324.0,-346.3,-22.3,78,62,53,47,48,dqn_penalty_sweep_coeff_0_25_seed45.csv
train,0.25,86,-1,0.7665714285714286,188.4190264692381,42.01388888888889,0,0,0,0,297.0,23.47926199261993,320.4792619926199,75.0,-372.19999999999993,-297.2,64,69,56,43,56,dqn_penalty_sweep_coeff_0_25_seed45.csv
train,0.25,87,-1,0.7638571428571428,96.6466351068906,76.73611111111111,28,4,0,0,309.0,23.47926199261993,332.4792619926199,-414.0,-390.3,-804.3,62,67,46,53,60,dqn_penalty_sweep_coeff_0_25_seed45.csv
train,0.25,88,-1,0.7611428571428571,154.92184584159278,46.875,21,3,0,0,274.3,23.47926199261993,297.7792619926199,-420.0,-365.3,-785.3000000000001,75,62,48,47,56,dqn_penalty_sweep_coeff_0_25_seed45.csv
train,0.25,89,-1,0.7584285714285715,87.83603451881478,41.66666666666667,121,8,0,0,308.0,23.47926199261993,331.4792619926199,-2937.0,-390.025,-3327.025,70,62,42,49,65,dqn_penalty_sweep_coeff_0_25_seed45.csv
train,0.25,90,-1,0.7557142857142858,152.19634525428793,61.458333333333336,5,2,0,0,276.4,23.47926199261993,299.8792619926199,75.0,-369.1,-294.1,72,56,61,43,56,dqn_penalty_sweep_coeff_0_25_seed45.csv
train,0.25,91,-1,0.753,153.55433161673105,44.44444444444444,39,2,0,0,265.4,23.47926199261993,288.8792619926199,-870.0,-381.675,-1251.6749999999995,61,66,54,52,55,dqn_penalty_sweep_coeff_0_25_seed45.csv
train,0.25,92,-1,0.7502857142857143,79.76826683264045,43.40277777777778,149,6,0,0,305.0,23.47926199261993,328.4792619926199,-3531.0,-393.125,-3924.125,56,67,46,66,53,dqn_penalty_sweep_coeff_0_25_seed45.csv
train,0.25,93,-1,0.7475714285714286,147.38473526677498,51.388888888888886,27,2,0,0,266.3,23.47926199261993,289.7792619926199,-513.0,-362.3,-875.3000000000001,68,68,54,46,52,dqn_penalty_sweep_coeff_0_25_seed45.csv
train,0.25,94,-1,0.7448571428571429,212.8288358062667,24.65277777777778,0,0,12,4,257.7,23.47926199261993,281.1792619926199,-243.0,-331.725,-574.725,86,59,52,46,45,dqn_penalty_sweep_coeff_0_25_seed45.csv
train,0.25,95,-1,0.7421428571428572,161.81227682638448,71.52777777777779,0,0,0,0,294.9,23.47926199261993,318.3792619926199,330.0,-382.475,-52.47499999999999,63,54,68,48,55,dqn_penalty_sweep_coeff_0_25_seed45.csv
train,0.25,96,-1,0.7394285714285714,133.11174572028378,74.30555555555556,31,7,0,0,315.0,23.47926199261993,338.4792619926199,-483.0,-394.07499999999993,-877.075,62,57,56,54,59,dqn_penalty_sweep_coeff_0_25_seed45.csv
train,0.25,97,-1,0.7367142857142857,208.25009065454176,50.69444444444444,0,0,61,6,286.0,23.47926199261993,309.4792619926199,-704.0,-328.1,-1032.1,93,54,52,41,48,dqn_penalty_sweep_coeff_0_25_seed45.csv
train,0.25,98,-1,0.734,153.71552638470646,69.79166666666666,0,0,0,0,277.1,23.47926199261993,300.5792619926199,306.0,-352.95,-46.95,74,52,61,59,42,dqn_penalty_sweep_coeff_0_25_seed45.csv
train,0.25,99,-1,0.7312857142857143,69.6032680609942,28.125,175,10,0,0,259.5,23.47926199261993,282.9792619926199,-4341.0,-412.6,-4753.599999999999,49,62,51,70,56,dqn_penalty_sweep_coeff_0_25_seed45.csv
eval,0.25,99,0,0.0,62.14027262794983,14.930555555555555,206,13,0,0,193.5,23.47926199261993,216.97926199261997,-5220.0,-423.475,-5643.474999999999,25,80,47,93,43,dqn_penalty_sweep_coeff_0_25_seed45.csv
eval,0.25,99,1,0.0,118.70230493316257,77.43055555555556,36,6,0,0,351.40000000000003,23.47926199261993,374.87926199262,-528.0,-405.675,-933.675,59,55,58,53,63,dqn_penalty_sweep_coeff_0_25_seed45.csv
eval,0.25,99,2,0.0,168.31573003006025,43.75,13,3,0,0,311.9,23.47926199261993,335.3792619926199,-291.0,-346.55,-637.5500000000001,89,33,69,51,46,dqn_penalty_sweep_coeff_0_25_seed45.csv
train,0.25,0,-1,1.0,148.73937184388163,45.83333333333333,42,2,0,0,288.6,23.47926199261993,312.07926199261993,-930.0,-409.05,-1339.0500000000002,53,56,59,62,58,dqn_penalty_sweep_coeff_0_25_seed46.csv
train,0.25,1,-1,0.9972857142857144,244.23032005572955,13.541666666666666,0,0,17,5,307.5,23.47926199261993,330.9792619926199,-409.0,-389.94999999999993,-798.9499999999999,70,45,59,56,58,dqn_penalty_sweep_coeff_0_25_seed46.csv
train,0.25,2,-1,0.9945714285714286,178.74156170926062,53.47222222222222,0,0,0,0,259.2,23.47926199261993,282.6792619926199,174.0,-388.2,-214.2,62,53,59,62,52,dqn_penalty_sweep_coeff_0_25_seed46.csv
train,0.25,3,-1,0.9918571428571428,134.7900034690285,60.41666666666666,37,4,0,0,284.6,23.47926199261993,308.07926199261993,-711.0,-386.4,-1097.4,58,62,57,59,52,dqn_penalty_sweep_coeff_0_25_seed46.csv
train,0.25,4,-1,0.9891428571428572,89.90084094382613,37.5,109,9,0,0,317.2,23.47926199261993,340.6792619926199,-2754.0,-398.5,-3152.5,56,65,47,64,56,dqn_penalty_sweep_coeff_0_25_seed46.csv
train,0.25,5,-1,0.9864285714285714,165.24287260523812,61.80555555555556,0,0,0,0,302.0,23.47926199261993,325.4792619926199,240.0,-411.4,-171.39999999999998,63,49,51,61,64,dqn_penalty_sweep_coeff_0_25_seed46.csv
train,0.25,6,-1,0.9837142857142858,212.16241828426385,52.083333333333336,0,0,55,2,301.1,23.47926199261993,324.57926199261993,-608.0,-411.5,-1019.5,48,54,62,72,52,dqn_penalty_sweep_coeff_0_25_seed46.csv
train,0.25,7,-1,0.981,92.94309444766571,56.25,88,9,0,0,300.8,23.47926199261993,324.2792619926199,-2016.0,-447.0,-2462.9999999999995,49,52,47,68,72,dqn_penalty_sweep_coeff_0_25_seed46.csv
train,0.25,8,-1,0.9782857142857144,140.99814995704935,93.4027777777778,0,0,0,0,301.20000000000005,23.47926199261993,324.67926199262,519.0,-426.175,92.82500000000002,56,52,56,53,71,dqn_penalty_sweep_coeff_0_25_seed46.csv
train,0.25,9,-1,0.9755714285714284,90.8581466307498,51.04166666666666,92,11,0,0,255.4,23.47926199261993,278.87926199261994,-2199.0,-403.675,-2602.675,54,50,62,71,51,dqn_penalty_sweep_coeff_0_25_seed46.csv
train,0.25,10,-1,0.9728571428571428,180.6875523410496,49.30555555555556,0,0,0,0,253.6,23.47926199261993,277.07926199261993,138.0,-371.35,-233.35,60,67,61,50,50,dqn_penalty_sweep_coeff_0_25_seed46.csv
train,0.25,11,-1,0.9701428571428572,95.01504729503915,69.09722222222221,65,5,0,0,276.1,23.47926199261993,299.57926199261993,-1323.0,-417.25,-1740.25,46,55,75,50,62,dqn_penalty_sweep_coeff_0_25_seed46.csv
train,0.25,12,-1,0.9674285714285714,151.9622399283831,76.04166666666666,0,0,0,0,287.1,23.47926199261993,310.57926199261993,357.0,-405.3250000000001,-48.325,59,55,48,69,57,dqn_penalty_sweep_coeff_0_25_seed46.csv
train,0.25,13,-1,0.9647142857142856,106.84783545986996,69.44444444444444,54,5,0,0,232.6,23.47926199261993,256.07926199261993,-1050.0,-373.325,-1423.3249999999998,53,69,58,67,41,dqn_penalty_sweep_coeff_0_25_seed46.csv
train,0.25,14,-1,0.962,89.59961892171026,53.125,114,5,0,0,304.70000000000005,23.47926199261993,328.17926199262,-2628.0,-377.625,-3005.625,65,68,49,49,57,dqn_penalty_sweep_coeff_0_25_seed46.csv
train,0.25,15,-1,0.9592857142857144,120.10007571453414,39.23611111111111,86,6,0,0,315.9,23.47926199261993,339.3792619926199,-2085.0,-421.75,-2506.75,46,60,67,49,66,dqn_penalty_sweep_coeff_0_25_seed46.csv
train,0.25,16,-1,0.9565714285714286,120.84250545110552,60.06944444444444,49,4,0,0,276.9,23.47926199261993,300.3792619926199,-1050.0,-425.625,-1475.625,49,51,60,67,61,dqn_penalty_sweep_coeff_0_25_seed46.csv
train,0.25,17,-1,0.9538571428571428,196.14086913351372,40.97222222222222,0,0,20,1,250.8,23.47926199261993,274.2792619926199,-214.0,-373.225,-587.2249999999999,64,61,56,58,49,dqn_penalty_sweep_coeff_0_25_seed46.csv
train,0.25,18,-1,0.9511428571428572,129.38962540537386,97.56944444444444,0,0,0,0,297.1,23.47926199261993,320.57926199261993,543.0,-388.35,154.64999999999998,67,54,54,55,58,dqn_penalty_sweep_coeff_0_25_seed46.csv
train,0.25,19,-1,0.9484285714285714,104.20566436667237,39.23611111111111,128,9,0,0,302.0,23.47926199261993,325.4792619926199,-3084.0,-411.025,-3495.025,54,57,57,59,61,dqn_penalty_sweep_coeff_0_25_seed46.csv
train,0.25,20,-1,0.9457142857142856,91.70420979833642,63.19444444444444,50,8,0,0,230.4,23.47926199261993,253.87926199261997,-1110.0,-381.425,-1491.4250000000002,59,58,63,59,49,dqn_penalty_sweep_coeff_0_25_seed46.csv
train,0.25,21,-1,0.943,89.49497658514218,55.55555555555556,73,9,0,0,297.6,23.47926199261993,321.07926199261993,-1722.0,-412.825,-2134.825,57,56,55,55,65,dqn_penalty_sweep_coeff_0_25_seed46.csv
train,0.25,22,-1,0.9402857142857144,127.00993761745518,78.47222222222221,4,4,0,0,264.0,23.47926199261993,287.4792619926199,183.0,-394.05,-211.05,68,50,50,62,58,dqn_penalty_sweep_coeff_0_25_seed46.csv
train,0.25,23,-1,0.9375714285714286,80.59233677022748,46.875,133,2,0,0,282.7,23.47926199261993,306.1792619926199,-3135.0,-373.6,-3508.6,62,71,49,54,52,dqn_penalty_sweep_coeff_0_25_seed46.csv
train,0.25,24,-1,0.9348571428571428,100.40741647019156,75.34722222222221,35,6,0,0,262.1,23.47926199261993,285.57926199261993,-585.0,-373.875,-958.875,66,64,48,59,51,dqn_penalty_sweep_coeff_0_25_seed46.csv
train,0.25,25,-1,0.9321428571428572,142.95285964615073,50.69444444444444,14,7,0,0,332.4,23.47926199261993,355.8792619926199,-279.0,-394.95,-673.95,69,50,60,43,66,dqn_penalty_sweep_coeff_0_25_seed46.csv
train,0.25,26,-1,0.9294285714285714,177.4134030604728,49.65277777777778,0,0,0,0,279.0,23.47926199261993,302.4792619926199,141.0,-368.475,-227.475,72,59,48,58,51,dqn_penalty_sweep_coeff_0_25_seed46.csv
train,0.25,27,-1,0.9267142857142856,114.5525559840043,91.66666666666666,7,1,0,0,260.29999999999995,23.47926199261993,283.77926199261987,291.0,-371.525,-80.52499999999998,72,48,66,49,53,dqn_penalty_sweep_coeff_0_25_seed46.csv
train,0.25,28,-1,0.924,274.71151934485795,4.861111111111112,0,0,125,12,282.7,23.47926199261993,306.1792619926199,-1996.0,-353.875,-2349.875,85,57,44,47,55,dqn_penalty_sweep_coeff_0_25_seed46.csv
train,0.25,29,-1,0.9212857142857144,143.16517721709684,80.20833333333334,0,0,0,0,282.6,23.47926199261993,306.07926199261993,384.0,-346.8,37.20000000000002,90,42,54,54,48,dqn_penalty_sweep_coeff_0_25_seed46.csv
train,0.25,30,-1,0.9185714285714286,97.4294047276142,52.77777777777778,70,11,0,0,284.5,23.47926199261993,307.9792619926199,-1674.0,-394.65,-2068.65,61,53,63,53,58,dqn_penalty_sweep_coeff_0_25_seed46.csv
train,0.25,31,-1,0.9158571428571428,58.641146132823074,11.11111111111111,224,9,0,0,276.7,23.47926199261993,300.1792619926199,-5664.0,-409.25,-6073.25,62,41,60,67,58,dqn_penalty_sweep_coeff_0_25_seed46.csv
train,0.25,32,-1,0.9131428571428571,106.62162745286288,39.93055555555556,74,13,0,0,255.8,23.47926199261993,279.2792619926199,-1878.0,-381.25,-2259.25,61,63,58,52,54,dqn_penalty_sweep_coeff_0_25_seed46.csv
train,0.25,33,-1,0.9104285714285714,188.2162235998053,45.83333333333333,0,0,0,0,268.9,23.47926199261993,292.3792619926199,108.0,-349.52500000000003,-241.525,74,62,54,53,45,dqn_penalty_sweep_coeff_0_25_seed46.csv
train,0.25,34,-1,0.9077142857142856,176.79717940341592,52.43055555555556,0,0,0,0,258.5,23.47926199261993,281.9792619926199,165.0,-345.925,-180.925,90,49,52,44,53,dqn_penalty_sweep_coeff_0_25_seed46.csv
train,0.25,35,-1,0.905,180.237815349152,50.0,0,0,0,0,276.4,23.47926199261993,299.8792619926199,144.0,-384.375,-240.375,68,62,45,54,59,dqn_penalty_sweep_coeff_0_25_seed46.csv
train,0.25,36,-1,0.9022857142857142,88.62050648685252,36.45833333333333,110,13,0,0,236.4,23.47926199261993,259.87926199261994,-2787.0,-373.5,-3160.5,65,64,53,54,52,dqn_penalty_sweep_coeff_0_25_seed46.csv
train,0.25,37,-1,0.8995714285714286,157.94546714933546,72.22222222222221,0,0,0,0,248.7,23.47926199261993,272.1792619926199,330.0,-406.65,-76.65,54,71,41,60,62,dqn_penalty_sweep_coeff_0_25_seed46.csv
train,0.25,38,-1,0.8968571428571429,85.57983144714134,52.43055555555556,80,12,0,0,224.8,23.47926199261993,248.27926199261995,-1926.0,-362.9,-2288.9,66,59,60,59,44,dqn_penalty_sweep_coeff_0_25_seed46.csv
train,0.25,39,-1,0.8941428571428571,97.15795817127088,65.625,70,7,0,0,240.2,23.47926199261993,263.67926199262,-1488.0,-387.675,-1875.675,67,55,62,41,63,dqn_penalty_sweep_coeff_0_25_seed46.csv
train,0.25,40,-1,0.8914285714285715,82.09320315182413,47.22222222222222,139,5,0,0,263.70000000000005,23.47926199261993,287.17926199262,-3255.0,-389.575,-3644.575,58,56,61,62,51,dqn_penalty_sweep_coeff_0_25_seed46.csv
train,0.25,41,-1,0.8887142857142857,109.2286991098114,71.52777777777779,47,7,0,0,247.8,23.47926199261993,271.2792619926199,-897.0,-374.975,-1271.975,58,60,68,55,47,dqn_penalty_sweep_coeff_0_25_seed46.csv
train,0.25,42,-1,0.886,238.4252686283932,5.902777777777778,0,0,42,6,280.9,23.47926199261993,304.3792619926199,-825.0,-373.3,-1198.3,69,59,51,57,52,dqn_penalty_sweep_coeff_0_25_seed46.csv
train,0.25,43,-1,0.8832857142857142,86.36443235626058,60.41666666666666,65,11,0,0,265.6,23.47926199261993,289.07926199261993,-1473.0,-374.475,-1847.475,70,49,62,56,51,dqn_penalty_sweep_coeff_0_25_seed46.csv
train,0.25,44,-1,0.8805714285714286,128.38910365870106,75.0,16,4,0,0,287.70000000000005,23.47926199261993,311.17926199262,-93.0,-408.5,-501.5,51,64,55,58,60,dqn_penalty_sweep_coeff_0_25_seed46.csv
train,0.25,45,-1,0.8778571428571429,100.54777353010398,65.625,85,6,0,0,256.6,23.47926199261993,280.07926199261993,-1803.0,-388.625,-2191.625,59,66,53,53,57,dqn_penalty_sweep_coeff_0_25_seed46.csv
train,0.25,46,-1,0.8751428571428571,178.02169707097195,46.52777777777778,0,0,0,0,252.6,23.47926199261993,276.07926199261993,93.0,-391.875,-298.875,59,56,55,67,51,dqn_penalty_sweep_coeff_0_25_seed46.csv
train,0.25,47,-1,0.8724285714285714,101.60060842009446,70.83333333333334,49,4,0,0,267.0,23.47926199261993,290.4792619926199,-936.0,-396.15,-1332.15,57,54,56,71,50,dqn_penalty_sweep_coeff_0_25_seed46.csv
train,0.25,48,-1,0.8697142857142857,153.39046348454158,90.625,0,0,0,0,260.0,23.47926199261993,283.4792619926199,495.0,-379.05,115.95,68,52,61,53,54,dqn_penalty_sweep_coeff_0_25_seed46.csv
train,0.25,49,-1,0.867,202.0131173169432,29.86111111111111,0,0,0,0,278.9,23.47926199261993,302.3792619926199,-30.0,-389.675,-419.675,62,56,64,47,59,dqn_penalty_sweep_coeff_0_25_seed46.csv
eval,0.25,49,0,0.0,70.79079338777318,26.041666666666668,135,25,0,0,157.89999999999998,23.47926199261993,181.37926199261992,-3537.0,-253.025,-3790.025,42,161,60,8,17,dqn_penalty_sweep_coeff_0_25_seed46.csv
eval,0.25,49,1,0.0,237.3629368478786,2.083333333333333,0,0,10,2,304.8,23.47926199261993,328.2792619926199,-410.0,-186.0,-596.0,165,31,64,0,28,dqn_penalty_sweep_coeff_0_25_seed46.csv
eval,0.25,49,2,0.0,74.20340995079727,33.33333333333333,151,9,0,0,205.2,23.47926199261993,228.67926199261996,-3747.0,-271.625,-4018.625,50,127,77,13,21,dqn_penalty_sweep_coeff_0_25_seed46.csv
train,0.25,50,-1,0.8642857142857143,92.91520647186296,49.65277777777778,110,7,0,0,279.90000000000003,23.47926199261993,303.37926199261994,-2568.0,-397.05,-2965.05,64,55,55,52,62,dqn_penalty_sweep_coeff_0_25_seed46.csv
train,0.25,51,-1,0.8615714285714285,166.79741227478326,43.05555555555556,7,3,0,0,223.7,23.47926199261993,247.17926199261996,-114.0,-386.8,-500.8,59,63,59,51,56,dqn_penalty_sweep_coeff_0_25_seed46.csv
train,0.25,52,-1,0.8588571428571429,100.29188066706256,71.18055555555556,27,11,0,0,225.6,23.47926199261993,249.07926199262,-489.0,-382.375,-871.375,65,55,54,63,51,dqn_penalty_sweep_coeff_0_25_seed46.csv
train,0.25,53,-1,0.8561428571428571,153.9960352576089,75.34722222222221,0,0,0,0,305.3,23.47926199261993,328.7792619926199,351.0,-376.45,-25.44999999999998,70,51,61,52,54,dqn_penalty_sweep_coeff_0_25_seed46.csv
train,0.25,54,-1,0.8534285714285714,93.04863359780444,51.388888888888886,123,3,0,0,293.70000000000005,23.47926199261993,317.17926199262,-2847.0,-392.525,-3239.525,68,52,61,42,65,dqn_penalty_sweep_coeff_0_25_seed46.csv
train,0.25,55,-1,0.8507142857142858,139.07299536353796,79.51388888888889,19,2,0,0,290.5,23.47926199261993,313.9792619926199,-78.0,-376.8,-454.8,69,52,58,57,52,dqn_penalty_sweep_coeff_0_25_seed46.csv
train,0.25,56,-1,0.848,70.82060156092105,33.33333333333333,152,9,0,0,245.5,23.47926199261993,268.9792619926199,-3768.0,-399.5,-4167.5,57,55,60,60,56,dqn_penalty_sweep_coeff_0_25_seed46.csv
train,0.25,57,-1,0.8452857142857143,123.23576695525146,84.72222222222221,23,2,0,0,305.1,23.47926199261993,328.5792619926199,-156.0,-409.45,-565.4500000000002,55,56,53,66,58,dqn_penalty_sweep_coeff_0_25_seed46.csv
train,0.25,58,-1,0.8425714285714285,192.7784356667462,34.375,0,0,0,0,304.1,23.47926199261993,327.57926199261993,9.0,-343.875,-334.875,82,52,61,46,47,dqn_penalty_sweep_coeff_0_25_seed46.csv
train,0.25,59,-1,0.8398571428571429,254.63445213787935,7.986111111111111,0,0,67,6,259.79999999999995,23.47926199261993,283.27926199261987,-1157.0,-350.17499999999995,-1507.175,72,62,62,45,47,dqn_penalty_sweep_coeff_0_25_seed46.csv
train,0.25,60,-1,0.8371428571428572,164.65687292239147,66.66666666666666,0,0,0,0,246.8,23.47926199261993,270.2792619926199,288.0,-355.4,-67.4,64,69,59,52,44,dqn_penalty_sweep_coeff_0_25_seed46.csv
train,0.25,61,-1,0.8344285714285714,134.97951904579747,53.81944444444444,11,4,0,0,223.3,23.47926199261993,246.77926199261995,-198.0,-367.225,-565.225,70,46,67,60,45,dqn_penalty_sweep_coeff_0_25_seed46.csv
train,0.25,62,-1,0.8317142857142857,192.21836401816967,41.31944444444444,0,0,0,0,280.0,23.47926199261993,303.4792619926199,69.0,-354.29999999999995,-285.29999999999995,81,57,49,49,52,dqn_penalty_sweep_coeff_0_25_seed46.csv
train,0.25,63,-1,0.829,218.8051131946916,29.166666666666668,0,0,48,7,245.2,23.47926199261993,268.6792619926199,-708.0,-360.875,-1068.875,66,62,63,50,47,dqn_penalty_sweep_coeff_0_25_seed46.csv
train,0.25,64,-1,0.8262857142857143,166.42496636614987,55.90277777777778,0,0,0,0,262.70000000000005,23.47926199261993,286.17926199262,192.0,-360.55,-168.55,68,61,65,44,50,dqn_penalty_sweep_coeff_0_25_seed46.csv
train,0.25,65,-1,0.8235714285714286,70.28868026003937,29.86111111111111,160,8,0,0,233.5,23.47926199261993,256.9792619926199,-3996.0,-377.35,-4373.35,59,63,62,54,50,dqn_penalty_sweep_coeff_0_25_seed46.csv
train,0.25,66,-1,0.8208571428571428,189.51357599759524,51.73611111111112,0,0,0,0,257.6,23.47926199261993,281.07926199261993,159.0,-357.95,-198.95,95,42,42,51,58,dqn_penalty_sweep_coeff_0_25_seed46.csv
train,0.25,67,-1,0.8181428571428572,268.967475529543,3.4722222222222223,0,0,79,5,266.5,23.47926199261993,289.9792619926199,-1364.0,-375.275,-1739.275,63,60,61,53,51,dqn_penalty_sweep_coeff_0_25_seed46.csv
train,0.25,68,-1,0.8154285714285714,207.70111771991407,29.86111111111111,0,0,5,4,233.2,23.47926199261993,256.6792619926199,-100.0,-334.325,-434.32499999999993,73,64,61,53,37,dqn_penalty_sweep_coeff_0_25_seed46.csv
train,0.25,69,-1,0.8127142857142857,137.2582935295121,80.90277777777779,4,2,0,0,262.6,23.47926199261993,286.07926199261993,243.0,-345.9,-102.9,79,59,56,46,48,dqn_penalty_sweep_coeff_0_25_seed46.csv
train,0.25,70,-1,0.81,110.53638961640434,68.75,59,6,0,0,277.9,23.47926199261993,301.3792619926199,-1197.0,-364.3,-1561.3,62,56,67,63,40,dqn_penalty_sweep_coeff_0_25_seed46.csv
train,0.25,71,-1,0.8072857142857143,235.69146561501768,11.11111111111111,0,0,7,4,243.2,23.47926199261993,266.6792619926199,-290.0,-343.225,-633.225,79,64,46,54,45,dqn_penalty_sweep_coeff_0_25_seed46.csv
train,0.25,72,-1,0.8045714285714286,112.9047608682573,64.58333333333334,73,13,0,0,290.0,23.47926199261993,313.4792619926199,-1557.0,-395.575,-1952.575,59,57,62,51,59,dqn_penalty_sweep_coeff_0_25_seed46.csv
train,0.25,73,-1,0.8018571428571428,93.16962173868332,57.98611111111112,77,10,0,0,243.9,23.47926199261993,267.37926199261994,-1767.0,-348.7,-2115.7,58,73,64,57,36,dqn_penalty_sweep_coeff_0_25_seed46.csv
train,0.25,74,-1,0.7991428571428572,151.2735805424311,84.72222222222221,0,0,0,0,252.7,23.47926199261993,276.17926199262,444.0,-331.65,112.35,88,54,50,54,42,dqn_penalty_sweep_coeff_0_25_seed46.csv
train,0.25,75,-1,0.7964285714285715,126.01530918299152,91.31944444444444,0,0,0,0,267.4,23.47926199261993,290.8792619926199,453.0,-346.1,106.9,69,77,52,42,48,dqn_penalty_sweep_coeff_0_25_seed46.csv
train,0.25,76,-1,0.7937142857142857,163.00565194715662,71.52777777777779,0,0,0,0,269.29999999999995,23.47926199261993,292.77926199261987,330.0,-356.35,-26.350000000000023,73,56,66,43,50,dqn_penalty_sweep_coeff_0_25_seed46.csv
train,0.25,77,-1,0.791,64.9737464193667,26.041666666666668,202,4,0,0,264.4,23.47926199261993,287.8792619926199,-4944.0,-417.425,-5361.425,51,57,63,52,65,dqn_penalty_sweep_coeff_0_25_seed46.csv
train,0.25,78,-1,0.7882857142857143,212.1923583562669,26.38888888888889,0,0,7,3,284.6,23.47926199261993,308.07926199261993,-158.0,-356.79999999999995,-514.8,67,66,54,57,44,dqn_penalty_sweep_coeff_0_25_seed46.csv
train,0.25,79,-1,0.7855714285714286,143.6950594624609,97.91666666666666,0,0,0,0,304.0,23.47926199261993,327.4792619926199,558.0,-390.575,167.425,69,43,66,51,59,dqn_penalty_sweep_coeff_0_25_seed46.csv
train,0.25,80,-1,0.7828571428571429,126.2434444516364,76.73611111111111,39,3,0,0,235.4,23.47926199261993,258.8792619926199,-588.0,-348.57500000000005,-936.575,69,57,74,45,43,dqn_penalty_sweep_coeff_0_25_seed46.csv
train,0.25,81,-1,0.7801428571428571,145.86528928295047,88.19444444444444,1,1,0,0,260.4,23.47926199261993,283.8792619926199,432.0,-340.15,91.85,74,51,74,51,38,dqn_penalty_sweep_coeff_0_25_seed46.csv
train,0.25,82,-1,0.7774285714285715,237.17495842903705,27.43055555555556,0,0,51,2,303.20000000000005,23.47926199261993,326.67926199262,-765.0,-355.225,-1120.225,81,66,41,43,57,dqn_penalty_sweep_coeff_0_25_seed46.csv
train,0.25,83,-1,0.7747142857142857,103.32727601858858,53.81944444444444,105,3,0,0,204.7,23.47926199261993,228.17926199261996,-2406.0,-334.9,-2740.9,73,73,57,41,44,dqn_penalty_sweep_coeff_0_25_seed46.csv
train,0.25,84,-1,0.772,135.01518792544414,67.70833333333334,40,3,0,0,270.2,23.47926199261993,293.6792619926199,-684.0,-420.5,-1104.5,58,54,57,47,72,dqn_penalty_sweep_coeff_0_25_seed46.csv
train,0.25,85,-1,0.7692857142857144,195.8388181359048,36.80555555555556,0,0,0,0,307.29999999999995,23.47926199261993,330.77926199261987,30.0,-368.125,-338.12499999999994,74,64,52,37,61,dqn_penalty_sweep_coeff_0_25_seed46.csv
train,0.25,86,-1,0.7665714285714286,101.0830340459554,84.02777777777779,15,3,0,0,262.5,23.47926199261993,285.9792619926199,-15.0,-375.05,-390.05,70,58,58,44,58,dqn_penalty_sweep_coeff_0_25_seed46.csv
train,0.25,87,-1,0.7638571428571428,157.48141222302786,56.59722222222222,10,1,0,0,267.4,23.47926199261993,290.8792619926199,-48.0,-329.92499999999995,-377.925,82,68,50,43,45,dqn_penalty_sweep_coeff_0_25_seed46.csv
train,0.25,88,-1,0.7611428571428571,89.29670305485189,42.70833333333333,121,7,0,0,261.20000000000005,23.47926199261993,284.67926199262,-2919.0,-359.35,-3278.3499999999995,77,53,56,52,50,dqn_penalty_sweep_coeff_0_25_seed46.csv
train,0.25,89,-1,0.7584285714285715,164.65085914317686,60.06944444444444,0,0,0,0,228.7,23.47926199261993,252.17926199261996,219.0,-350.725,-131.72500000000002,76,66,47,50,49,dqn_penalty_sweep_coeff_0_25_seed46.csv
train,0.25,90,-1,0.7557142857142858,154.9161751921007,45.13888888888889,38,1,0,0,247.2,23.47926199261993,270.6792619926199,-840.0,-326.975,-1166.975,83,61,60,41,43,dqn_penalty_sweep_coeff_0_25_seed46.csv
train,0.25,91,-1,0.753,86.44905084062776,45.83333333333333,147,6,0,0,238.4,23.47926199261993,261.87926199261994,-3447.0,-370.875,-3817.875,65,64,62,42,55,dqn_penalty_sweep_coeff_0_25_seed46.csv
train,0.25,92,-1,0.7502857142857143,147.7666596123048,54.86111111111112,27,2,0,0,253.6,23.47926199261993,277.07926199261993,-483.0,-348.55,-831.5500000000001,79,60,47,56,46,dqn_penalty_sweep_coeff_0_25_seed46.csv
train,0.25,93,-1,0.7475714285714286,205.25296775071112,32.98611111111111,0,0,10,2,262.5,23.47926199261993,285.9792619926199,-143.0,-340.075,-483.075,84,59,49,49,47,dqn_penalty_sweep_coeff_0_25_seed46.csv
train,0.25,94,-1,0.7448571428571429,180.1534007628208,46.18055555555556,0,0,0,0,273.0,23.47926199261993,296.4792619926199,111.0,-316.75,-205.75,83,72,47,48,38,dqn_penalty_sweep_coeff_0_25_seed46.csv
train,0.25,95,-1,0.7421428571428572,129.10720700189813,77.08333333333334,34,3,0,0,276.0,23.47926199261993,299.4792619926199,-507.0,-361.775,-868.7750000000001,71,65,57,40,55,dqn_penalty_sweep_coeff_0_25_seed46.csv
train,0.25,96,-1,0.7394285714285714,212.0447087100972,38.19444444444444,0,0,37,7,295.7,23.47926199261993,319.1792619926199,-476.0,-341.1,-817.0999999999999,80,55,60,49,44,dqn_penalty_sweep_coeff_0_25_seed46.csv
train,0.25,97,-1,0.7367142857142857,174.9273319402619,46.875,0,0,0,0,251.1,23.47926199261993,274.5792619926199,117.0,-353.075,-236.075,66,65,69,41,47,dqn_penalty_sweep_coeff_0_25_seed46.csv
train,0.25,98,-1,0.734,69.63736271436238,28.47222222222222,179,8,0,0,243.1,23.47926199261993,266.57926199261993,-4419.0,-430.69999999999993,-4849.7,49,51,65,55,68,dqn_penalty_sweep_coeff_0_25_seed46.csv
train,0.25,99,-1,0.7312857142857143,209.7381019459006,29.51388888888889,0,0,0,0,231.9,23.47926199261993,255.37926199261992,-33.0,-318.825,-351.825,91,63,43,50,41,dqn_penalty_sweep_coeff_0_25_seed46.csv
eval,0.25,99,0,0.0,107.45948722793872,84.375,28,5,0,0,319.5,23.47926199261993,342.9792619926199,-282.0,-436.375,-718.3750000000001,40,77,77,3,91,dqn_penalty_sweep_coeff_0_25_seed46.csv
eval,0.25,99,1,0.0,91.47905679297104,51.388888888888886,132,1,0,0,262.2,23.47926199261993,285.6792619926199,-3027.0,-315.65,-3342.649999999999,65,74,101,6,42,dqn_penalty_sweep_coeff_0_25_seed46.csv
eval,0.25,99,2,0.0,92.87005427968435,45.13888888888889,111,9,0,0,217.3,23.47926199261993,240.77926199261995,-2694.0,-277.45,-2971.45,65,114,66,13,30,dqn_penalty_sweep_coeff_0_25_seed46.csv
