phase,coeff,train_episode,eval_episode,epsilon,mean_glucose,time_in_range_percent,hypo_steps,hypo_events,severe_hyper_steps,severe_hyper_events,total_bolus_units,total_basal_units,total_insulin_units,sum_zone_reward,sum_insulin_penalty,total_reward,action_0_count,action_1_count,action_2_count,action_3_count,action_4_count,source
train,0.6,0,-1,1.0,169.3742283806594,46.18055555555556,0,0,0,0,313.0,23.47926199261993,336.4792619926199,84.0,-1023.18,-939.18,53,47,55,72,61,dqn_penalty_sweep_coeff_0_6_seed42.csv
train,0.6,1,-1,0.9972857142857144,191.48390532175284,34.02777777777778,0,0,0,0,235.2,23.47926199261993,258.6792619926199,6.0,-929.28,-923.28,57,67,50,62,52,dqn_penalty_sweep_coeff_0_6_seed42.csv
train,0.6,2,-1,0.9945714285714286,184.26317499696808,51.04166666666666,0,0,0,0,293.5,23.47926199261993,316.9792619926199,153.0,-939.6,-786.5999999999999,74,47,53,50,64,dqn_penalty_sweep_coeff_0_6_seed42.csv
train,0.6,3,-1,0.9918571428571428,84.04475703266013,42.70833333333333,131,9,0,0,304.0,23.47926199261993,327.4792619926199,-3165.0,-952.38,-4117.38,63,54,58,52,61,dqn_penalty_sweep_coeff_0_6_seed42.csv
train,0.6,4,-1,0.9891428571428572,157.71634024374046,31.25,46,2,0,0,267.29999999999995,23.47926199261993,290.77926199261987,-1149.0,-941.2199999999998,-2090.22,56,64,56,57,55,dqn_penalty_sweep_coeff_0_6_seed42.csv
train,0.6,5,-1,0.9864285714285714,232.68830616684096,19.444444444444446,0,0,6,1,258.8,23.47926199261993,282.2792619926199,-204.0,-915.18,-1119.1799999999998,63,57,61,54,53,dqn_penalty_sweep_coeff_0_6_seed42.csv
train,0.6,6,-1,0.9837142857142858,183.61656170926076,47.22222222222222,0,0,0,0,282.0,23.47926199261993,305.4792619926199,120.0,-913.5599999999998,-793.56,67,61,46,60,54,dqn_penalty_sweep_coeff_0_6_seed42.csv
train,0.6,7,-1,0.981,139.8523298124773,59.72222222222222,36,3,0,0,264.4,23.47926199261993,287.8792619926199,-690.0,-929.22,-1619.22,61,62,53,57,55,dqn_penalty_sweep_coeff_0_6_seed42.csv
train,0.6,8,-1,0.9782857142857144,83.69761946848303,31.944444444444443,131,16,0,0,281.1,23.47926199261993,304.57926199261993,-3333.0,-1015.26,-4348.26,47,61,59,56,65,dqn_penalty_sweep_coeff_0_6_seed42.csv
train,0.6,9,-1,0.9755714285714284,165.42585871634915,59.375,0,0,0,0,287.5,23.47926199261993,310.9792619926199,213.0,-926.58,-713.5799999999999,63,58,56,56,55,dqn_penalty_sweep_coeff_0_6_seed42.csv
train,0.6,10,-1,0.9728571428571428,219.78826165142576,47.91666666666667,0,0,58,1,265.6,23.47926199261993,289.07926199261993,-686.0,-951.78,-1637.7799999999995,58,56,58,61,55,dqn_penalty_sweep_coeff_0_6_seed42.csv
train,0.6,11,-1,0.9701428571428572,102.8323514258171,59.02777777777778,85,9,0,0,233.4,23.47926199261993,256.87926199261994,-1893.0,-974.16,-2867.16,50,73,46,59,60,dqn_penalty_sweep_coeff_0_6_seed42.csv
train,0.6,12,-1,0.9674285714285714,159.13478190149382,84.375,0,0,0,0,311.6,23.47926199261993,335.07926199261993,441.0,-885.5999999999999,-444.5999999999999,70,54,63,49,52,dqn_penalty_sweep_coeff_0_6_seed42.csv
train,0.6,13,-1,0.9647142857142856,88.91592385311009,44.09722222222222,92,15,0,0,280.5,23.47926199261993,303.9792619926199,-2319.0,-983.04,-3302.04,55,55,51,71,56,dqn_penalty_sweep_coeff_0_6_seed42.csv
train,0.6,14,-1,0.962,172.0547398410496,55.208333333333336,0,0,0,0,247.9,23.47926199261993,271.3792619926199,189.0,-888.3599999999999,-699.3599999999999,58,63,68,53,46,dqn_penalty_sweep_coeff_0_6_seed42.csv
train,0.6,15,-1,0.9592857142857144,101.17774353507706,72.22222222222221,47,8,0,0,247.9,23.47926199261993,271.3792619926199,-891.0,-912.66,-1803.66,53,67,62,59,47,dqn_penalty_sweep_coeff_0_6_seed42.csv
train,0.6,16,-1,0.9565714285714286,132.4485246506053,68.05555555555556,3,1,0,0,283.9,23.47926199261993,307.3792619926199,147.0,-960.12,-813.1199999999999,54,59,64,53,58,dqn_penalty_sweep_coeff_0_6_seed42.csv
train,0.6,17,-1,0.9538571428571428,102.05298312041336,67.70833333333334,61,4,0,0,301.2,23.47926199261993,324.6792619926199,-1233.0,-927.12,-2160.12,57,66,53,60,52,dqn_penalty_sweep_coeff_0_6_seed42.csv
train,0.6,18,-1,0.9511428571428572,94.47085163214352,57.29166666666666,94,9,0,0,283.79999999999995,23.47926199261993,307.27926199261987,-2136.0,-903.24,-3039.24,58,66,61,53,50,dqn_penalty_sweep_coeff_0_6_seed42.csv
train,0.6,19,-1,0.9484285714285714,118.76498932494466,45.48611111111111,81,2,0,0,249.5,23.47926199261993,272.9792619926199,-1878.0,-921.6,-2799.6000000000004,52,77,51,56,52,dqn_penalty_sweep_coeff_0_6_seed42.csv
train,0.6,20,-1,0.9457142857142856,122.07167189071818,66.66666666666666,43,3,0,0,225.9,23.47926199261993,249.37926199261992,-819.0,-901.5,-1720.5,61,69,54,51,53,dqn_penalty_sweep_coeff_0_6_seed42.csv
train,0.6,21,-1,0.943,183.6872233001801,36.45833333333333,0,0,16,1,264.1,23.47926199261993,287.57926199261993,-254.0,-946.38,-1200.38,50,65,57,67,49,dqn_penalty_sweep_coeff_0_6_seed42.csv
train,0.6,22,-1,0.9402857142857144,134.7653198498183,93.05555555555556,0,0,0,0,269.2,23.47926199261993,292.6792619926199,507.0,-880.9799999999999,-373.9799999999999,68,56,59,58,47,dqn_penalty_sweep_coeff_0_6_seed42.csv
train,0.6,23,-1,0.9375714285714286,106.150979187692,36.80555555555556,126,9,0,0,324.3,23.47926199261993,347.7792619926199,-3060.0,-976.38,-4036.38,53,65,52,57,61,dqn_penalty_sweep_coeff_0_6_seed42.csv
train,0.6,24,-1,0.9348571428571428,87.25846344732813,48.61111111111111,80,13,0,0,226.3,23.47926199261993,249.77926199261992,-1992.0,-940.98,-2932.98,57,59,55,66,51,dqn_penalty_sweep_coeff_0_6_seed42.csv
train,0.6,25,-1,0.9321428571428572,90.48630561080434,58.68055555555556,76,5,0,0,268.8,23.47926199261993,292.2792619926199,-1734.0,-904.68,-2638.68,61,66,59,48,54,dqn_penalty_sweep_coeff_0_6_seed42.csv
train,0.6,26,-1,0.9294285714285714,119.59448622856628,73.26388888888889,17,6,0,0,258.6,23.47926199261993,282.07926199261993,-186.0,-873.8999999999999,-1059.9,72,60,56,47,53,dqn_penalty_sweep_coeff_0_6_seed42.csv
train,0.6,27,-1,0.9267142857142856,88.85171972230053,54.86111111111112,128,2,0,0,274.0,23.47926199261993,297.4792619926199,-2892.0,-943.2,-3835.2,59,66,52,51,60,dqn_penalty_sweep_coeff_0_6_seed42.csv
train,0.6,28,-1,0.924,120.52774743123152,95.48611111111111,1,1,0,0,264.9,23.47926199261993,288.3792619926199,477.0,-898.6199999999999,-421.62,67,57,67,40,57,dqn_penalty_sweep_coeff_0_6_seed42.csv
train,0.6,29,-1,0.9212857142857144,149.5615402017064,38.19444444444444,27,6,0,0,257.5,23.47926199261993,280.9792619926199,-708.0,-958.44,-1666.44,56,57,63,54,58,dqn_penalty_sweep_coeff_0_6_seed42.csv
train,0.6,30,-1,0.9185714285714286,174.8351044493617,53.125,0,0,0,0,273.9,23.47926199261993,297.3792619926199,171.0,-912.0599999999998,-741.06,66,58,53,58,53,dqn_penalty_sweep_coeff_0_6_seed42.csv
train,0.6,31,-1,0.9158571428571428,110.6625629257362,88.54166666666666,8,2,0,0,252.6,23.47926199261993,276.07926199261993,216.0,-867.06,-651.06,66,64,59,52,47,dqn_penalty_sweep_coeff_0_6_seed42.csv
train,0.6,32,-1,0.9131428571428571,265.8266235115246,4.861111111111112,0,0,74,13,285.5,23.47926199261993,308.9792619926199,-1282.0,-901.26,-2183.26,76,50,46,63,53,dqn_penalty_sweep_coeff_0_6_seed42.csv
train,0.6,33,-1,0.9104285714285714,152.21153138376366,75.69444444444444,0,0,0,0,252.2,23.47926199261993,275.67926199262,366.0,-910.62,-544.6199999999999,70,58,50,53,57,dqn_penalty_sweep_coeff_0_6_seed42.csv
train,0.6,34,-1,0.9077142857142856,86.99358479637506,40.625,122,6,0,0,265.8,23.47926199261993,289.2792619926199,-2985.0,-961.86,-3946.86,56,58,68,43,63,dqn_penalty_sweep_coeff_0_6_seed42.csv
train,0.6,35,-1,0.905,60.43432755815944,14.23611111111111,218,8,0,0,255.7,23.47926199261993,279.1792619926199,-5484.0,-908.4,-6392.400000000001,61,72,50,49,56,dqn_penalty_sweep_coeff_0_6_seed42.csv
train,0.6,36,-1,0.9022857142857142,109.19663632898468,43.05555555555556,72,12,0,0,282.7,23.47926199261993,306.1792619926199,-1770.0,-984.9,-2754.9,54,59,58,54,63,dqn_penalty_sweep_coeff_0_6_seed42.csv
train,0.6,37,-1,0.8995714285714286,176.07664026647203,61.11111111111112,0,0,0,0,311.7,23.47926199261993,335.1792619926199,240.0,-891.3599999999999,-651.3599999999999,76,60,40,56,56,dqn_penalty_sweep_coeff_0_6_seed42.csv
train,0.6,38,-1,0.8968571428571429,159.395790514527,78.47222222222221,0,0,0,0,283.1,23.47926199261993,306.57926199261993,390.0,-817.02,-427.02,80,56,61,46,45,dqn_penalty_sweep_coeff_0_6_seed42.csv
train,0.6,39,-1,0.8941428571428571,205.16507229359644,26.38888888888889,0,0,0,0,229.1,23.47926199261993,252.57926199261996,-60.0,-886.9199999999998,-946.9199999999998,72,67,45,46,58,dqn_penalty_sweep_coeff_0_6_seed42.csv
train,0.6,40,-1,0.8914285714285715,91.13859539844616,35.76388888888889,117,13,0,0,260.3,23.47926199261993,283.7792619926199,-2934.0,-939.66,-3873.66,60,48,70,57,53,dqn_penalty_sweep_coeff_0_6_seed42.csv
train,0.6,41,-1,0.8887142857142857,164.63279353822423,68.40277777777779,0,0,0,0,272.8,23.47926199261993,296.2792619926199,303.0,-896.4,-593.4,84,45,48,51,60,dqn_penalty_sweep_coeff_0_6_seed42.csv
train,0.6,42,-1,0.886,85.43518077229442,53.81944444444444,67,12,0,0,228.7,23.47926199261993,252.17926199261996,-1629.0,-815.2799999999999,-2444.28,81,61,56,42,48,dqn_penalty_sweep_coeff_0_6_seed42.csv
train,0.6,43,-1,0.8832857142857142,91.3332591299706,59.02777777777778,82,7,0,0,260.5,23.47926199261993,283.9792619926199,-1854.0,-856.26,-2710.26,68,64,60,49,47,dqn_penalty_sweep_coeff_0_6_seed42.csv
train,0.6,44,-1,0.8805714285714286,86.89770265042537,52.083333333333336,113,5,0,0,280.8,23.47926199261993,304.2792619926199,-2625.0,-986.16,-3611.16,55,58,51,64,60,dqn_penalty_sweep_coeff_0_6_seed42.csv
train,0.6,45,-1,0.8778571428571429,109.0723231203119,73.95833333333334,40,7,0,0,252.8,23.47926199261993,276.2792619926199,-714.0,-912.96,-1626.96,75,50,54,49,60,dqn_penalty_sweep_coeff_0_6_seed42.csv
train,0.6,46,-1,0.8751428571428571,265.8664144617266,0.0,0,0,74,7,244.1,23.47926199261993,267.57926199261993,-1324.0,-873.8999999999999,-2197.9,65,60,61,57,45,dqn_penalty_sweep_coeff_0_6_seed42.csv
train,0.6,47,-1,0.8724285714285714,87.0258892853621,57.29166666666666,70,10,0,0,261.4,23.47926199261993,284.8792619926199,-1632.0,-892.3199999999999,-2524.32,69,69,43,51,56,dqn_penalty_sweep_coeff_0_6_seed42.csv
train,0.6,48,-1,0.8697142857142857,161.14726094225378,70.48611111111111,0,0,0,0,263.5,23.47926199261993,286.9792619926199,300.0,-939.42,-639.42,66,66,44,47,65,dqn_penalty_sweep_coeff_0_6_seed42.csv
train,0.6,49,-1,0.867,102.7701219923618,66.66666666666666,83,7,0,0,289.5,23.47926199261993,312.9792619926199,-1743.0,-912.24,-2655.24,80,47,46,55,60,dqn_penalty_sweep_coeff_0_6_seed42.csv
eval,0.6,49,0,0.0,149.07034771107126,88.19444444444444,0,0,0,0,303.0,23.47926199261993,326.4792619926199,474.0,-957.78,-483.7799999999999,77,25,77,42,67,dqn_penalty_sweep_coeff_0_6_seed42.csv
eval,0.6,49,1,0.0,169.07453084297362,62.84722222222222,0,0,0,0,178.0,23.47926199261993,201.47926199261997,255.0,-701.58,-446.5799999999999,123,28,61,31,45,dqn_penalty_sweep_coeff_0_6_seed42.csv
eval,0.6,49,2,0.0,98.94229608813204,50.0,65,9,0,0,150.2,23.47926199261993,173.67926199261993,-1578.0,-749.7599999999999,-2327.76,85,78,55,22,48,dqn_penalty_sweep_coeff_0_6_seed42.csv
train,0.6,50,-1,0.8642857142857143,179.5130165154165,43.05555555555556,2,1,0,0,258.5,23.47926199261993,281.9792619926199,12.0,-938.28,-926.28,69,51,57,49,62,dqn_penalty_sweep_coeff_0_6_seed42.csv
train,0.6,51,-1,0.8615714285714285,102.63503659827254,70.83333333333334,45,4,0,0,235.4,23.47926199261993,258.8792619926199,-855.0,-939.78,-1794.7799999999995,70,54,43,62,59,dqn_penalty_sweep_coeff_0_6_seed42.csv
train,0.6,52,-1,0.8588571428571429,136.09358848454133,94.79166666666666,0,0,0,0,276.20000000000005,23.47926199261993,299.67926199262,519.0,-990.9,-471.9,62,46,55,62,63,dqn_penalty_sweep_coeff_0_6_seed42.csv
train,0.6,53,-1,0.8561428571428571,207.59801315027656,30.20833333333333,0,0,0,0,282.2,23.47926199261993,305.6792619926199,-27.0,-841.14,-868.1399999999999,77,55,60,49,47,dqn_penalty_sweep_coeff_0_6_seed42.csv
train,0.6,54,-1,0.8534285714285714,105.23438606970406,55.90277777777778,78,10,0,0,248.7,23.47926199261993,272.1792619926199,-1785.0,-943.38,-2728.38,63,58,53,55,59,dqn_penalty_sweep_coeff_0_6_seed42.csv
train,0.6,55,-1,0.8507142857142858,145.9916831081165,59.72222222222222,13,2,0,0,300.70000000000005,23.47926199261993,324.17926199262,-159.0,-936.3,-1095.3,51,64,62,62,49,dqn_penalty_sweep_coeff_0_6_seed42.csv
train,0.6,56,-1,0.848,110.33146400039593,79.86111111111111,18,6,0,0,257.7,23.47926199261993,281.1792619926199,-150.0,-982.62,-1132.62,66,51,51,51,69,dqn_penalty_sweep_coeff_0_6_seed42.csv
train,0.6,57,-1,0.8452857142857143,171.79124922157294,56.59722222222222,0,0,0,0,282.0,23.47926199261993,305.4792619926199,201.0,-942.3,-741.3,61,56,66,44,61,dqn_penalty_sweep_coeff_0_6_seed42.csv
train,0.6,58,-1,0.8425714285714285,106.69945524952568,57.98611111111112,107,2,0,0,271.5,23.47926199261993,294.9792619926199,-2391.0,-840.7199999999999,-3231.72,77,62,57,40,52,dqn_penalty_sweep_coeff_0_6_seed42.csv
train,0.6,59,-1,0.8398571428571429,160.22452021167308,59.02777777777778,16,2,0,0,273.0,23.47926199261993,296.4792619926199,-168.0,-910.74,-1078.7399999999998,73,50,52,58,55,dqn_penalty_sweep_coeff_0_6_seed42.csv
train,0.6,60,-1,0.8371428571428572,71.16875664880256,33.68055555555556,152,7,0,0,248.6,23.47926199261993,272.07926199261993,-3762.0,-911.88,-4673.880000000001,61,60,58,59,50,dqn_penalty_sweep_coeff_0_6_seed42.csv
train,0.6,61,-1,0.8344285714285714,129.9825406907541,84.375,5,1,0,0,243.9,23.47926199261993,267.37926199261994,252.0,-846.2399999999999,-594.24,69,64,58,53,44,dqn_penalty_sweep_coeff_0_6_seed42.csv
train,0.6,62,-1,0.8317142857142857,199.7543037223017,29.166666666666668,0,0,0,0,284.6,23.47926199261993,308.07926199261993,-36.0,-852.2399999999999,-888.2399999999999,76,52,56,60,44,dqn_penalty_sweep_coeff_0_6_seed42.csv
train,0.6,63,-1,0.829,253.48158431939407,7.638888888888889,0,0,65,5,289.70000000000005,23.47926199261993,313.17926199262,-1132.0,-901.32,-2033.32,77,57,47,45,62,dqn_penalty_sweep_coeff_0_6_seed42.csv
train,0.6,64,-1,0.8262857142857143,140.64992847794707,86.80555555555556,5,1,0,0,262.3,23.47926199261993,285.7792619926199,315.0,-897.3,-582.3,63,67,51,56,51,dqn_penalty_sweep_coeff_0_6_seed42.csv
train,0.6,65,-1,0.8235714285714286,123.90417182357535,53.47222222222222,35,12,0,0,265.5,23.47926199261993,288.9792619926199,-816.0,-865.4999999999999,-1681.4999999999998,77,55,49,58,49,dqn_penalty_sweep_coeff_0_6_seed42.csv
train,0.6,66,-1,0.8208571428571428,161.92478762928076,70.48611111111111,0,0,0,0,294.1,23.47926199261993,317.57926199261993,321.0,-853.4999999999999,-532.4999999999999,74,68,42,55,49,dqn_penalty_sweep_coeff_0_6_seed42.csv
train,0.6,67,-1,0.8181428571428572,190.91327291691357,50.0,0,0,0,0,284.70000000000005,23.47926199261993,308.17926199262,144.0,-836.22,-692.2199999999998,79,48,59,61,41,dqn_penalty_sweep_coeff_0_6_seed42.csv
train,0.6,68,-1,0.8154285714285714,172.01680820799174,48.95833333333333,0,0,0,0,271.8,23.47926199261993,295.2792619926199,114.0,-859.3199999999999,-745.3199999999999,77,64,39,58,50,dqn_penalty_sweep_coeff_0_6_seed42.csv
train,0.6,69,-1,0.8127142857142857,69.94029991549671,31.25,163,8,0,0,250.5,23.47926199261993,273.9792619926199,-4035.0,-856.3199999999999,-4891.32,64,76,45,59,44,dqn_penalty_sweep_coeff_0_6_seed42.csv
train,0.6,70,-1,0.81,193.08666627537292,50.0,0,0,4,2,274.2,23.47926199261993,297.6792619926199,88.0,-829.9199999999998,-741.9199999999998,79,62,51,48,48,dqn_penalty_sweep_coeff_0_6_seed42.csv
train,0.6,71,-1,0.8072857142857143,276.59247552954287,2.7777777777777777,0,0,114,7,273.0,23.47926199261993,296.4792619926199,-1860.0,-795.42,-2655.42,94,60,36,49,49,dqn_penalty_sweep_coeff_0_6_seed42.csv
train,0.6,72,-1,0.8045714285714286,208.20069542261663,28.819444444444443,0,0,10,6,252.8,23.47926199261993,276.2792619926199,-179.0,-774.6599999999999,-953.66,90,54,52,53,39,dqn_penalty_sweep_coeff_0_6_seed42.csv
train,0.6,73,-1,0.8018571428571428,150.65422539888152,81.94444444444444,0,0,0,0,261.8,23.47926199261993,285.2792619926199,405.0,-784.8,-379.8,84,61,45,62,36,dqn_penalty_sweep_coeff_0_6_seed42.csv
train,0.6,74,-1,0.7991428571428572,125.13969014744306,66.66666666666666,37,4,0,0,245.8,23.47926199261993,269.2792619926199,-684.0,-901.86,-1585.86,69,53,56,59,51,dqn_penalty_sweep_coeff_0_6_seed42.csv
train,0.6,75,-1,0.7964285714285715,244.8937241235261,9.722222222222223,0,0,53,8,250.1,23.47926199261993,273.57926199261993,-946.0,-819.1199999999999,-1765.12,83,53,55,53,44,dqn_penalty_sweep_coeff_0_6_seed42.csv
train,0.6,76,-1,0.7937142857142857,125.11038961289258,63.54166666666666,50,5,0,0,263.29999999999995,23.47926199261993,286.77926199261987,-1020.0,-825.54,-1845.54,73,65,56,51,43,dqn_penalty_sweep_coeff_0_6_seed42.csv
train,0.6,77,-1,0.791,93.92740442574154,55.55555555555556,91,11,0,0,282.0,23.47926199261993,305.4792619926199,-2103.0,-894.3599999999999,-2997.36,71,52,55,60,50,dqn_penalty_sweep_coeff_0_6_seed42.csv
train,0.6,78,-1,0.7882857142857143,153.06316387576447,82.63888888888889,0,0,0,0,225.6,23.47926199261993,249.07926199262,426.0,-766.6199999999999,-340.6199999999999,103,47,44,49,45,dqn_penalty_sweep_coeff_0_6_seed42.csv
train,0.6,79,-1,0.7855714285714286,126.39638557188034,89.23611111111111,1,1,0,0,258.4,23.47926199261993,281.8792619926199,408.0,-850.5,-442.5,78,63,52,40,55,dqn_penalty_sweep_coeff_0_6_seed42.csv
train,0.6,80,-1,0.7828571428571429,181.14523528048989,53.47222222222222,0,0,0,0,239.1,23.47926199261993,262.57926199261993,174.0,-821.8799999999999,-647.8799999999999,86,61,42,49,50,dqn_penalty_sweep_coeff_0_6_seed42.csv
train,0.6,81,-1,0.7801428571428571,67.97027732094121,26.041666666666668,191,6,0,0,225.0,23.47926199261993,248.47926199261997,-4713.0,-909.42,-5622.42,65,57,66,43,57,dqn_penalty_sweep_coeff_0_6_seed42.csv
train,0.6,82,-1,0.7774285714285715,218.60183189230287,25.34722222222222,0,0,6,2,268.0,23.47926199261993,291.4792619926199,-153.0,-763.26,-916.26,100,43,61,39,45,dqn_penalty_sweep_coeff_0_6_seed42.csv
train,0.6,83,-1,0.7747142857142857,157.65078862912776,84.72222222222221,0,0,0,0,251.7,23.47926199261993,275.1792619926199,444.0,-718.0799999999999,-274.08,96,64,47,45,36,dqn_penalty_sweep_coeff_0_6_seed42.csv
train,0.6,84,-1,0.772,125.59594662486218,76.73611111111111,39,3,0,0,263.4,23.47926199261993,286.8792619926199,-588.0,-844.26,-1432.2600000000002,84,51,53,49,51,dqn_penalty_sweep_coeff_0_6_seed42.csv
train,0.6,85,-1,0.7692857142857144,151.5060878940617,83.33333333333334,0,0,0,0,254.8,23.47926199261993,278.2792619926199,417.0,-764.8799999999999,-347.87999999999994,89,53,57,53,36,dqn_penalty_sweep_coeff_0_6_seed42.csv
train,0.6,86,-1,0.7665714285714286,247.5098761592673,20.13888888888889,0,0,69,5,299.5,23.47926199261993,322.9792619926199,-1080.0,-697.4399999999998,-1777.44,101,72,39,36,40,dqn_penalty_sweep_coeff_0_6_seed42.csv
train,0.6,87,-1,0.7638571428571428,100.678271948716,53.125,110,4,0,0,235.6,23.47926199261993,259.07926199261993,-2535.0,-781.3199999999999,-3316.32,70,66,73,45,34,dqn_penalty_sweep_coeff_0_6_seed42.csv
train,0.6,88,-1,0.7611428571428571,128.3457807663622,70.48611111111111,37,2,0,0,250.0,23.47926199261993,273.4792619926199,-612.0,-744.5999999999999,-1356.6,90,57,56,51,34,dqn_penalty_sweep_coeff_0_6_seed42.csv
train,0.6,89,-1,0.7584285714285715,213.3051375803493,21.52777777777778,0,0,0,0,261.70000000000005,23.47926199261993,285.17926199262,-102.0,-742.5,-844.5,96,51,60,42,39,dqn_penalty_sweep_coeff_0_6_seed42.csv
train,0.6,90,-1,0.7557142857142858,122.56309066507455,93.75,0,0,0,0,218.8,23.47926199261993,242.27926199261995,492.0,-748.2,-256.19999999999993,82,62,60,54,30,dqn_penalty_sweep_coeff_0_6_seed42.csv
train,0.6,91,-1,0.753,163.48540527858344,52.77777777777778,4,2,0,0,232.7,23.47926199261993,256.1792619926199,54.0,-716.5199999999999,-662.52,97,58,59,36,38,dqn_penalty_sweep_coeff_0_6_seed42.csv
train,0.6,92,-1,0.7502857142857143,82.96608196285622,35.06944444444444,133,7,0,0,255.7,23.47926199261993,279.17926199262,-3306.0,-833.6399999999999,-4139.64,78,55,60,49,46,dqn_penalty_sweep_coeff_0_6_seed42.csv
train,0.6,93,-1,0.7475714285714286,158.87308136539903,68.05555555555556,0,0,0,0,240.3,23.47926199261993,263.7792619926199,285.0,-732.8399999999999,-447.8399999999999,97,57,51,45,38,dqn_penalty_sweep_coeff_0_6_seed42.csv
train,0.6,94,-1,0.7448571428571429,152.69610293070298,46.18055555555556,37,1,0,0,250.0,23.47926199261993,273.4792619926199,-804.0,-824.9999999999999,-1628.9999999999998,81,55,57,49,46,dqn_penalty_sweep_coeff_0_6_seed42.csv
train,0.6,95,-1,0.7421428571428572,84.59043670199463,46.52777777777778,144,4,0,0,267.5,23.47926199261993,290.9792619926199,-3372.0,-929.7,-4301.7,67,50,64,48,59,dqn_penalty_sweep_coeff_0_6_seed42.csv
train,0.6,96,-1,0.7394285714285714,152.23454445445986,50.0,26,1,0,0,247.2,23.47926199261993,270.6792619926199,-489.0,-817.56,-1306.56,87,51,52,52,46,dqn_penalty_sweep_coeff_0_6_seed42.csv
train,0.6,97,-1,0.7367142857142857,201.3970649729333,34.375,0,0,7,1,259.4,23.47926199261993,282.8792619926199,-89.0,-791.6999999999999,-880.6999999999999,85,56,59,45,43,dqn_penalty_sweep_coeff_0_6_seed42.csv
train,0.6,98,-1,0.734,162.9364087708289,73.95833333333334,0,0,0,0,284.1,23.47926199261993,307.57926199261993,351.0,-826.0799999999999,-475.0799999999999,93,40,53,54,48,dqn_penalty_sweep_coeff_0_6_seed42.csv
train,0.6,99,-1,0.7312857142857143,137.8308274155528,67.36111111111111,27,5,0,0,230.7,23.47926199261993,254.17926199261996,-447.0,-770.5799999999999,-1217.58,94,52,47,56,39,dqn_penalty_sweep_coeff_0_6_seed42.csv
eval,0.6,99,0,0.0,78.04944519954434,40.27777777777778,140,7,0,0,162.0,23.47926199261993,185.47926199261997,-3396.0,-778.2,-4174.2,127,41,19,35,66,dqn_penalty_sweep_coeff_0_6_seed42.csv
eval,0.6,99,1,0.0,167.29498444726525,65.27777777777779,0,0,0,0,160.0,23.47926199261993,183.47926199261997,276.0,-387.84,-111.83999999999996,188,19,8,73,0,dqn_penalty_sweep_coeff_0_6_seed42.csv
eval,0.6,99,2,0.0,174.09440891218,54.16666666666666,0,0,0,0,188.8,23.47926199261993,212.27926199261992,180.0,-423.36,-243.36,192,5,0,91,0,dqn_penalty_sweep_coeff_0_6_seed42.csv
train,0.6,0,-1,1.0,169.7460580995306,68.75,0,0,0,0,298.6,23.47926199261993,322.07926199261993,306.0,-970.02,-664.0199999999999,44,66,68,55,55,dqn_penalty_sweep_coeff_0_6_seed43.csv
train,0.6,1,-1,0.9972857142857144,182.16439027474584,52.083333333333336,0,0,0,0,286.6,23.47926199261993,310.07926199261993,162.0,-964.9199999999998,-802.9200000000001,59,57,51,63,58,dqn_penalty_sweep_coeff_0_6_seed43.csv
train,0.6,2,-1,0.9945714285714286,81.47880132471225,41.66666666666667,142,10,0,0,307.40000000000003,23.47926199261993,330.87926199261994,-3414.0,-980.88,-4394.88,59,50,57,62,60,dqn_penalty_sweep_coeff_0_6_seed43.csv
train,0.6,3,-1,0.9918571428571428,145.0947242991431,47.22222222222222,42,2,0,0,305.0,23.47926199261993,328.4792619926199,-918.0,-968.28,-1886.28,57,59,51,63,58,dqn_penalty_sweep_coeff_0_6_seed43.csv
train,0.6,4,-1,0.9891428571428572,243.3066338695436,13.541666666666666,0,0,17,4,280.2,23.47926199261993,303.6792619926199,-409.0,-939.3,-1348.3,66,50,61,52,59,dqn_penalty_sweep_coeff_0_6_seed43.csv
train,0.6,5,-1,0.9864285714285714,202.15128393148316,29.166666666666668,0,0,0,0,284.5,23.47926199261993,307.9792619926199,-36.0,-916.32,-952.32,62,56,63,55,52,dqn_penalty_sweep_coeff_0_6_seed43.csv
train,0.6,6,-1,0.9837142857142858,134.51767475391455,60.41666666666666,39,4,0,0,327.0,23.47926199261993,350.4792619926199,-765.0,-949.9199999999998,-1714.92,63,55,56,54,60,dqn_penalty_sweep_coeff_0_6_seed43.csv
train,0.6,7,-1,0.981,86.15985619064054,35.76388888888889,118,11,0,0,259.29999999999995,23.47926199261993,282.77926199261987,-2994.0,-936.66,-3930.66,66,48,59,60,55,dqn_penalty_sweep_coeff_0_6_seed43.csv
train,0.6,8,-1,0.9782857142857144,175.81231704968255,59.02777777777778,0,0,0,0,291.5,23.47926199261993,314.9792619926199,222.0,-1007.6999999999998,-785.6999999999999,58,43,61,63,63,dqn_penalty_sweep_coeff_0_6_seed43.csv
train,0.6,9,-1,0.9755714285714284,221.515513903678,44.44444444444444,0,0,59,2,251.4,23.47926199261993,274.87926199261994,-730.0,-956.16,-1686.16,58,52,57,69,52,dqn_penalty_sweep_coeff_0_6_seed43.csv
train,0.6,10,-1,0.9728571428571428,99.1837330067562,56.94444444444444,88,9,0,0,255.3,23.47926199261993,278.7792619926199,-1992.0,-857.1599999999999,-2849.16,60,73,64,45,46,dqn_penalty_sweep_coeff_0_6_seed43.csv
train,0.6,11,-1,0.9701428571428572,151.68269856816048,90.2777777777778,0,0,0,0,292.40000000000003,23.47926199261993,315.87926199261994,492.0,-904.92,-412.92,66,65,47,56,54,dqn_penalty_sweep_coeff_0_6_seed43.csv
train,0.6,12,-1,0.9674285714285714,95.02552258295742,53.81944444444444,90,9,0,0,243.7,23.47926199261993,267.1792619926199,-2097.0,-929.76,-3026.76,56,62,61,57,52,dqn_penalty_sweep_coeff_0_6_seed43.csv
train,0.6,13,-1,0.9647142857142856,193.28147595216063,39.58333333333333,0,0,0,0,264.0,23.47926199261993,287.4792619926199,54.0,-950.52,-896.5199999999999,66,55,44,65,58,dqn_penalty_sweep_coeff_0_6_seed43.csv
train,0.6,14,-1,0.962,102.6567245599901,74.65277777777779,41,7,0,0,249.2,23.47926199261993,272.67926199262,-723.0,-976.26,-1699.26,54,62,58,51,63,dqn_penalty_sweep_coeff_0_6_seed43.csv
train,0.6,15,-1,0.9592857142857144,151.024566317272,76.38888888888889,0,0,0,0,251.8,23.47926199261993,275.2792619926199,363.0,-859.1999999999999,-496.19999999999993,73,52,60,59,44,dqn_penalty_sweep_coeff_0_6_seed43.csv
train,0.6,16,-1,0.9565714285714286,99.83641616674257,68.05555555555556,67,6,0,0,263.6,23.47926199261993,287.0792619926199,-1380.0,-941.34,-2321.34,62,53,62,54,57,dqn_penalty_sweep_coeff_0_6_seed43.csv
train,0.6,17,-1,0.9538571428571428,90.43512840818832,54.16666666666666,106,6,0,0,300.5,23.47926199261993,323.9792619926199,-2442.0,-951.4199999999998,-3393.42,54,54,76,47,57,dqn_penalty_sweep_coeff_0_6_seed43.csv
train,0.6,18,-1,0.9511428571428572,119.51300521153992,46.18055555555556,80,3,0,0,279.1,23.47926199261993,302.57926199261993,-1845.0,-870.24,-2715.24,58,69,65,52,44,dqn_penalty_sweep_coeff_0_6_seed43.csv
train,0.6,19,-1,0.9484285714285714,124.0859076430508,63.19444444444444,48,1,0,0,234.2,23.47926199261993,257.6792619926199,-969.0,-954.0,-1923.0,58,65,50,55,60,dqn_penalty_sweep_coeff_0_6_seed43.csv
train,0.6,20,-1,0.9457142857142856,184.86638996684704,42.01388888888889,0,0,16,1,309.70000000000005,23.47926199261993,333.17926199262,-161.0,-896.9399999999998,-1057.9399999999998,73,51,55,56,53,dqn_penalty_sweep_coeff_0_6_seed43.csv
train,0.6,21,-1,0.943,130.9835490164849,97.56944444444444,0,0,0,0,271.29999999999995,23.47926199261993,294.77926199261987,543.0,-930.78,-387.78,59,55,66,55,53,dqn_penalty_sweep_coeff_0_6_seed43.csv
train,0.6,22,-1,0.9402857142857144,97.98395043232686,39.58333333333333,132,12,0,0,302.0,23.47926199261993,325.4792619926199,-3201.0,-943.14,-4144.139999999999,71,46,52,60,59,dqn_penalty_sweep_coeff_0_6_seed43.csv
train,0.6,23,-1,0.9375714285714286,90.15268414876336,57.29166666666666,67,10,0,0,265.4,23.47926199261993,288.8792619926199,-1569.0,-829.0799999999999,-2398.08,75,52,69,50,42,dqn_penalty_sweep_coeff_0_6_seed43.csv
train,0.6,24,-1,0.9348571428571428,90.45432864692371,61.80555555555556,67,12,0,0,249.6,23.47926199261993,273.07926199261993,-1488.0,-921.4199999999998,-2409.42,65,61,45,64,53,dqn_penalty_sweep_coeff_0_6_seed43.csv
train,0.6,25,-1,0.9321428571428572,151.15906956189983,70.83333333333334,0,0,0,0,247.3,23.47926199261993,270.7792619926199,324.0,-895.02,-571.02,67,60,57,51,53,dqn_penalty_sweep_coeff_0_6_seed43.csv
train,0.6,26,-1,0.9294285714285714,83.67545133111052,45.48611111111111,137,5,0,0,268.3,23.47926199261993,291.7792619926199,-3243.0,-907.74,-4150.74,57,65,61,56,49,dqn_penalty_sweep_coeff_0_6_seed43.csv
train,0.6,27,-1,0.9267142857142856,118.13121965345373,95.48611111111111,1,1,0,0,238.4,23.47926199261993,261.87926199261994,477.0,-935.1,-458.0999999999999,60,56,66,49,57,dqn_penalty_sweep_coeff_0_6_seed43.csv
train,0.6,28,-1,0.924,164.16622770170628,51.388888888888886,5,3,0,0,254.8,23.47926199261993,278.2792619926199,-12.0,-963.48,-975.48,61,52,62,51,62,dqn_penalty_sweep_coeff_0_6_seed43.csv
train,0.6,29,-1,0.9212857142857144,165.3663544493616,67.01388888888889,0,0,0,0,294.5,23.47926199261993,317.9792619926199,291.0,-871.3799999999999,-580.3799999999999,74,58,59,42,55,dqn_penalty_sweep_coeff_0_6_seed43.csv
train,0.6,30,-1,0.9185714285714286,131.63033376178225,96.875,3,3,0,0,268.70000000000005,23.47926199261993,292.17926199262,465.0,-889.02,-424.0199999999999,78,54,48,51,57,dqn_penalty_sweep_coeff_0_6_seed43.csv
train,0.6,31,-1,0.9158571428571428,257.9061374004136,4.861111111111112,0,0,38,10,277.0,23.47926199261993,300.4792619926199,-778.0,-850.9799999999999,-1628.98,88,40,57,52,51,dqn_penalty_sweep_coeff_0_6_seed43.csv
train,0.6,32,-1,0.9131428571428571,163.0377466615414,63.19444444444444,0,0,0,0,248.8,23.47926199261993,272.2792619926199,258.0,-892.3799999999999,-634.3799999999999,64,54,70,51,49,dqn_penalty_sweep_coeff_0_6_seed43.csv
train,0.6,33,-1,0.9104285714285714,90.21937795393362,40.27777777777778,102,11,0,0,246.0,23.47926199261993,269.4792619926199,-2562.0,-932.16,-3494.1600000000003,62,61,59,46,60,dqn_penalty_sweep_coeff_0_6_seed43.csv
train,0.6,34,-1,0.9077142857142856,59.78376847309072,13.541666666666666,219,8,0,0,225.4,23.47926199261993,248.87926199261997,-5517.0,-855.4199999999998,-6372.42,68,71,45,59,45,dqn_penalty_sweep_coeff_0_6_seed43.csv
train,0.6,35,-1,0.905,118.84527097127705,53.125,43,10,0,0,296.20000000000005,23.47926199261993,319.67926199262,-984.0,-939.12,-1923.12,71,56,46,51,64,dqn_penalty_sweep_coeff_0_6_seed43.csv
train,0.6,36,-1,0.9022857142857142,189.1577166553608,38.88888888888889,0,0,0,0,277.90000000000003,23.47926199261993,301.37926199261994,48.0,-898.56,-850.56,73,50,54,59,52,dqn_penalty_sweep_coeff_0_6_seed43.csv
train,0.6,37,-1,0.8995714285714286,150.96280440341582,87.15277777777779,0,0,0,0,272.1,23.47926199261993,295.5792619926199,465.0,-834.48,-369.4799999999999,72,61,62,49,44,dqn_penalty_sweep_coeff_0_6_seed43.csv
train,0.6,38,-1,0.8968571428571429,196.38746812692975,24.305555555555557,0,0,0,0,257.6,23.47926199261993,281.07926199261993,-78.0,-887.6999999999998,-965.7,68,56,62,51,51,dqn_penalty_sweep_coeff_0_6_seed43.csv
train,0.6,39,-1,0.8941428571428571,95.44116057081558,37.84722222222222,106,15,0,0,222.8,23.47926199261993,246.27926199261995,-2658.0,-839.1599999999999,-3497.16,68,66,65,43,46,dqn_penalty_sweep_coeff_0_6_seed43.csv
train,0.6,40,-1,0.8914285714285715,138.59379682967335,88.54166666666666,13,1,0,0,302.1,23.47926199261993,325.57926199261993,138.0,-866.76,-728.76,78,54,49,57,50,dqn_penalty_sweep_coeff_0_6_seed43.csv
train,0.6,41,-1,0.8887142857142857,85.00058019659943,52.083333333333336,90,12,0,0,261.6,23.47926199261993,285.07926199261993,-2142.0,-877.0799999999999,-3019.08,70,59,63,42,54,dqn_penalty_sweep_coeff_0_6_seed43.csv
train,0.6,42,-1,0.886,92.7080326122654,60.41666666666666,84,6,0,0,255.0,23.47926199261993,278.4792619926199,-1872.0,-889.7399999999999,-2761.74,64,66,58,47,53,dqn_penalty_sweep_coeff_0_6_seed43.csv
train,0.6,43,-1,0.8832857142857142,96.54594433696238,59.375,81,9,0,0,237.5,23.47926199261993,260.9792619926199,-1827.0,-919.8,-2746.8,55,72,56,51,54,dqn_penalty_sweep_coeff_0_6_seed43.csv
train,0.6,44,-1,0.8805714285714286,111.2380395769,75.34722222222221,38,7,0,0,264.7,23.47926199261993,288.1792619926199,-636.0,-869.04,-1505.04,73,55,63,45,52,dqn_penalty_sweep_coeff_0_6_seed43.csv
train,0.6,45,-1,0.8778571428571429,256.1726644617265,0.3472222222222222,0,0,54,5,263.79999999999995,23.47926199261993,287.27926199261987,-1041.0,-869.2799999999999,-1910.28,73,59,56,48,52,dqn_penalty_sweep_coeff_0_6_seed43.csv
train,0.6,46,-1,0.8751428571428571,82.37769036092578,53.81944444444444,78,11,0,0,265.2,23.47926199261993,288.6792619926199,-1860.0,-908.4,-2768.4,68,58,48,62,52,dqn_penalty_sweep_coeff_0_6_seed43.csv
train,0.6,47,-1,0.8724285714285714,154.7682678866982,73.95833333333334,0,0,0,0,312.3,23.47926199261993,335.7792619926199,336.0,-880.4399999999998,-544.4399999999998,67,62,57,52,50,dqn_penalty_sweep_coeff_0_6_seed43.csv
train,0.6,48,-1,0.8697142857142857,103.29189042422875,66.66666666666666,82,5,0,0,258.29999999999995,23.47926199261993,281.77926199261987,-1722.0,-859.4999999999999,-2581.5,72,58,54,59,45,dqn_penalty_sweep_coeff_0_6_seed43.csv
train,0.6,49,-1,0.867,155.56804055196233,50.0,22,4,0,0,335.29999999999995,23.47926199261993,358.77926199261987,-408.0,-926.16,-1334.16,69,52,59,48,60,dqn_penalty_sweep_coeff_0_6_seed43.csv
eval,0.6,49,0,0.0,178.0695983445794,68.75,0,0,0,0,175.5,23.47926199261993,198.97926199261997,306.0,-282.17999999999995,23.82000000000005,195,15,64,11,3,dqn_penalty_sweep_coeff_0_6_seed43.csv
eval,0.6,49,1,0.0,268.0921435846672,14.583333333333334,0,0,138,1,106.9,23.47926199261993,130.37926199261994,-2094.0,-178.38,-2272.38,215,36,32,4,1,dqn_penalty_sweep_coeff_0_6_seed43.csv
eval,0.6,49,2,0.0,206.98864865374856,14.23611111111111,0,0,0,0,151.5,23.47926199261993,174.97926199261994,-165.0,-200.34,-365.34,216,23,42,4,3,dqn_penalty_sweep_coeff_0_6_seed43.csv
train,0.6,50,-1,0.8642857142857143,97.60336011143158,64.58333333333334,68,7,0,0,273.4,23.47926199261993,296.8792619926199,-1443.0,-981.48,-2424.48,47,58,72,53,58,dqn_penalty_sweep_coeff_0_6_seed43.csv
train,0.6,51,-1,0.8615714285714285,147.6484495956526,91.31944444444444,0,0,0,0,328.4,23.47926199261993,351.8792619926199,492.0,-920.3399999999998,-428.3399999999999,63,59,58,53,55,dqn_penalty_sweep_coeff_0_6_seed43.csv
train,0.6,52,-1,0.8588571428571429,209.57422842805445,28.125,0,0,0,0,282.9,23.47926199261993,306.3792619926199,-45.0,-899.6399999999999,-944.64,66,54,55,67,46,dqn_penalty_sweep_coeff_0_6_seed43.csv
train,0.6,53,-1,0.8561428571428571,96.5409346843796,48.61111111111111,108,11,0,0,302.0,23.47926199261993,325.4792619926199,-2541.0,-946.26,-3487.26,63,57,46,67,55,dqn_penalty_sweep_coeff_0_6_seed43.csv
train,0.6,54,-1,0.8534285714285714,168.2224122747832,44.44444444444444,1,1,0,0,292.4,23.47926199261993,315.8792619926199,36.0,-895.26,-859.2599999999999,72,59,52,48,57,dqn_penalty_sweep_coeff_0_6_seed43.csv
train,0.6,55,-1,0.8507142857142858,105.25455427817366,74.30555555555556,16,6,0,0,270.1,23.47926199261993,293.57926199261993,-204.0,-839.6999999999998,-1043.6999999999998,71,58,58,62,39,dqn_penalty_sweep_coeff_0_6_seed43.csv
train,0.6,56,-1,0.848,161.25617977712844,64.58333333333334,0,0,0,0,286.1,23.47926199261993,309.57926199261993,255.0,-938.9399999999998,-683.9399999999998,62,55,60,54,57,dqn_penalty_sweep_coeff_0_6_seed43.csv
train,0.6,57,-1,0.8452857142857143,97.9365560940398,56.59722222222222,114,3,0,0,246.5,23.47926199261993,269.9792619926199,-2568.0,-884.6399999999999,-3452.64,67,55,63,55,48,dqn_penalty_sweep_coeff_0_6_seed43.csv
train,0.6,58,-1,0.8425714285714285,143.4169733176409,65.625,24,2,0,0,298.1,23.47926199261993,321.57926199261993,-324.0,-868.0199999999999,-1192.02,74,58,54,51,51,dqn_penalty_sweep_coeff_0_6_seed43.csv
train,0.6,59,-1,0.8398571428571429,70.08224010365886,32.63888888888889,154,8,0,0,264.0,23.47926199261993,287.4792619926199,-3822.0,-857.04,-4679.04,68,63,56,57,44,dqn_penalty_sweep_coeff_0_6_seed43.csv
train,0.6,60,-1,0.8371428571428572,126.45172408553228,81.94444444444444,18,3,0,0,238.0,23.47926199261993,261.4792619926199,-57.0,-808.8599999999999,-865.8599999999999,82,51,69,41,45,dqn_penalty_sweep_coeff_0_6_seed43.csv
train,0.6,61,-1,0.8344285714285714,176.4216648334128,53.125,0,0,0,0,326.3,23.47926199261993,349.7792619926199,171.0,-875.6399999999999,-704.6399999999999,70,63,50,55,50,dqn_penalty_sweep_coeff_0_6_seed43.csv
train,0.6,62,-1,0.8317142857142857,263.50976862835546,6.944444444444445,0,0,97,2,302.1,23.47926199261993,325.57926199261993,-1586.0,-824.3399999999999,-2410.34,89,57,41,50,51,dqn_penalty_sweep_coeff_0_6_seed43.csv
train,0.6,63,-1,0.829,149.82249792239134,85.41666666666666,0,0,0,0,234.6,23.47926199261993,258.07926199261993,441.0,-828.1199999999999,-387.12,88,51,43,60,46,dqn_penalty_sweep_coeff_0_6_seed43.csv
train,0.6,64,-1,0.8262857142857143,144.8354218235753,56.94444444444444,5,2,0,0,283.5,23.47926199261993,306.9792619926199,30.0,-914.52,-884.5199999999999,63,60,51,64,50,dqn_penalty_sweep_coeff_0_6_seed43.csv
train,0.6,65,-1,0.8235714285714286,196.2511765181699,32.98611111111111,0,0,0,0,260.20000000000005,23.47926199261993,283.67926199262,-3.0,-844.3199999999999,-847.3199999999999,91,38,58,49,52,dqn_penalty_sweep_coeff_0_6_seed43.csv
train,0.6,66,-1,0.8208571428571428,211.8035506946916,40.625,0,0,31,7,235.3,23.47926199261993,258.7792619926199,-371.0,-864.4199999999998,-1235.4199999999998,75,53,55,58,47,dqn_penalty_sweep_coeff_0_6_seed43.csv
train,0.6,67,-1,0.8181428571428572,177.8425026524363,50.69444444444444,0,0,0,0,232.7,23.47926199261993,256.17926199262,150.0,-797.8799999999999,-647.8799999999999,94,59,38,47,50,dqn_penalty_sweep_coeff_0_6_seed43.csv
train,0.6,68,-1,0.8154285714285714,71.42616892716643,30.20833333333333,169,9,0,0,256.4,23.47926199261993,279.8792619926199,-4179.0,-890.6999999999999,-5069.7,69,56,61,49,53,dqn_penalty_sweep_coeff_0_6_seed43.csv
train,0.6,69,-1,0.8127142857142857,178.9673954420395,58.333333333333336,0,0,0,0,277.5,23.47926199261993,300.9792619926199,216.0,-810.8999999999999,-594.9,79,60,57,49,43,dqn_penalty_sweep_coeff_0_6_seed43.csv
train,0.6,70,-1,0.81,263.7752880295428,4.166666666666666,0,0,77,5,274.6,23.47926199261993,298.07926199261993,-1330.0,-852.9599999999999,-2182.96,76,64,49,47,52,dqn_penalty_sweep_coeff_0_6_seed43.csv
train,0.6,71,-1,0.8072857142857143,197.73844410880287,31.944444444444443,0,0,0,0,242.1,23.47926199261993,265.57926199261993,-12.0,-784.6800000000001,-796.68,89,61,49,43,46,dqn_penalty_sweep_coeff_0_6_seed43.csv
train,0.6,72,-1,0.8045714285714286,138.7435365850677,75.34722222222221,5,3,0,0,234.4,23.47926199261993,257.87926199261994,156.0,-835.26,-679.26,82,64,45,44,53,dqn_penalty_sweep_coeff_0_6_seed43.csv
train,0.6,73,-1,0.8018571428571428,129.6041157850169,67.70833333333334,31,6,0,0,267.8,23.47926199261993,291.2792619926199,-540.0,-803.8199999999999,-1343.82,85,62,52,40,49,dqn_penalty_sweep_coeff_0_6_seed43.csv
train,0.6,74,-1,0.7991428571428572,225.24185975916168,14.930555555555555,0,0,0,0,255.90000000000003,23.47926199261993,279.37926199261994,-159.0,-771.78,-930.78,89,63,48,45,43,dqn_penalty_sweep_coeff_0_6_seed43.csv
train,0.6,75,-1,0.7964285714285715,132.0514593814781,69.79166666666666,31,4,0,0,251.3,23.47926199261993,274.7792619926199,-483.0,-826.8,-1309.8,83,55,54,48,48,dqn_penalty_sweep_coeff_0_6_seed43.csv
train,0.6,76,-1,0.7937142857142857,94.25044250169256,59.02777777777778,79,10,0,0,294.2,23.47926199261993,317.6792619926199,-1791.0,-928.86,-2719.86,66,51,55,63,53,dqn_penalty_sweep_coeff_0_6_seed43.csv
train,0.6,77,-1,0.791,144.8942402646534,84.02777777777779,0,0,0,0,286.1,23.47926199261993,309.57926199261993,417.0,-890.28,-473.28,73,59,54,44,58,dqn_penalty_sweep_coeff_0_6_seed43.csv
train,0.6,78,-1,0.7882857142857143,127.92034390521378,81.59722222222221,3,2,0,0,277.1,23.47926199261993,300.5792619926199,291.0,-867.7199999999999,-576.72,85,49,45,55,54,dqn_penalty_sweep_coeff_0_6_seed43.csv
train,0.6,79,-1,0.7855714285714286,163.48672833604553,71.52777777777779,0,0,0,0,250.0,23.47926199261993,273.4792619926199,330.0,-812.9999999999999,-482.9999999999999,84,55,49,58,42,dqn_penalty_sweep_coeff_0_6_seed43.csv
train,0.6,80,-1,0.7828571428571429,65.82287213138144,26.041666666666668,197,7,0,0,241.0,23.47926199261993,264.4792619926199,-4839.0,-867.24,-5706.24,57,83,49,53,46,dqn_penalty_sweep_coeff_0_6_seed43.csv
train,0.6,81,-1,0.7801428571428571,228.92430280071125,21.875,0,0,19,3,246.1,23.47926199261993,269.57926199261993,-365.0,-789.3,-1154.3,94,49,48,54,43,dqn_penalty_sweep_coeff_0_6_seed43.csv
train,0.6,82,-1,0.7774285714285715,137.11849696246102,98.95833333333334,0,0,0,0,327.20000000000005,23.47926199261993,350.67926199262,567.0,-890.4599999999999,-323.4599999999999,74,47,63,51,53,dqn_penalty_sweep_coeff_0_6_seed43.csv
train,0.6,83,-1,0.7747142857142857,117.8435779644738,72.91666666666666,46,3,0,0,249.9,23.47926199261993,273.37926199261994,-816.0,-813.4799999999999,-1629.48,84,63,42,53,46,dqn_penalty_sweep_coeff_0_6_seed43.csv
train,0.6,84,-1,0.772,157.14983789406173,73.95833333333334,0,0,0,0,242.4,23.47926199261993,265.8792619926199,348.0,-798.8999999999999,-450.8999999999999,76,66,55,52,39,dqn_penalty_sweep_coeff_0_6_seed43.csv
train,0.6,85,-1,0.7692857142857144,227.47086840150945,24.305555555555557,0,0,38,5,268.6,23.47926199261993,292.0792619926199,-610.0,-759.3599999999999,-1369.36,107,41,46,50,44,dqn_penalty_sweep_coeff_0_6_seed43.csv
train,0.6,86,-1,0.7665714285714286,107.05417623900836,55.208333333333336,105,2,0,0,237.2,23.47926199261993,260.6792619926199,-2373.0,-798.24,-3171.24,83,62,52,47,44,dqn_penalty_sweep_coeff_0_6_seed43.csv
train,0.6,87,-1,0.7638571428571428,145.47991384775963,63.888888888888886,11,3,0,0,220.5,23.47926199261993,243.97926199261997,-75.0,-802.3799999999999,-877.3799999999999,81,63,55,44,45,dqn_penalty_sweep_coeff_0_6_seed43.csv
train,0.6,88,-1,0.7611428571428571,200.82579730257137,34.72222222222222,0,0,0,0,274.20000000000005,23.47926199261993,297.67926199262,12.0,-856.98,-844.98,77,60,49,51,51,dqn_penalty_sweep_coeff_0_6_seed43.csv
train,0.6,89,-1,0.7584285714285715,104.4552562681776,87.5,15,3,0,0,219.9,23.47926199261993,243.37926199261992,51.0,-822.3,-771.3,76,64,55,48,45,dqn_penalty_sweep_coeff_0_6_seed43.csv
train,0.6,90,-1,0.7557142857142858,164.95137750080565,50.69444444444444,2,1,0,0,241.0,23.47926199261993,264.4792619926199,78.0,-770.0999999999999,-692.0999999999999,82,70,49,48,39,dqn_penalty_sweep_coeff_0_6_seed43.csv
train,0.6,91,-1,0.753,92.18050548573812,48.95833333333333,92,8,0,0,246.8,23.47926199261993,270.2792619926199,-2205.0,-814.02,-3019.0200000000004,76,66,53,50,43,dqn_penalty_sweep_coeff_0_6_seed43.csv
train,0.6,92,-1,0.7502857142857143,153.97149696850207,62.84722222222222,3,2,0,0,255.6,23.47926199261993,279.07926199261993,141.0,-811.92,-670.92,92,50,47,51,48,dqn_penalty_sweep_coeff_0_6_seed43.csv
train,0.6,93,-1,0.7475714285714286,163.8469691636347,46.18055555555556,18,3,0,0,236.0,23.47926199261993,259.4792619926199,-378.0,-759.7199999999999,-1137.72,95,52,56,43,42,dqn_penalty_sweep_coeff_0_6_seed43.csv
train,0.6,94,-1,0.7448571428571429,81.28982828240123,44.79166666666667,145,4,0,0,248.0,23.47926199261993,271.4792619926199,-3423.0,-848.6999999999999,-4271.700000000001,80,52,49,62,45,dqn_penalty_sweep_coeff_0_6_seed43.csv
train,0.6,95,-1,0.7421428571428572,145.33823350548275,50.69444444444444,30,1,0,0,289.5,23.47926199261993,312.9792619926199,-597.0,-799.2599999999999,-1396.26,84,64,47,48,45,dqn_penalty_sweep_coeff_0_6_seed43.csv
train,0.6,96,-1,0.7394285714285714,201.87970386182215,32.29166666666667,0,0,1,1,281.1,23.47926199261993,304.5792619926199,-23.0,-825.06,-848.06,80,64,46,51,47,dqn_penalty_sweep_coeff_0_6_seed43.csv
train,0.6,97,-1,0.7367142857142857,168.1719990486067,63.54166666666666,0,0,0,0,245.1,23.47926199261993,268.57926199261993,261.0,-739.1999999999999,-478.19999999999993,94,54,57,47,36,dqn_penalty_sweep_coeff_0_6_seed43.csv
train,0.6,98,-1,0.734,148.8920426107991,65.625,11,3,0,0,235.4,23.47926199261993,258.8792619926199,-48.0,-790.4999999999999,-838.4999999999999,80,62,56,51,39,dqn_penalty_sweep_coeff_0_6_seed43.csv
train,0.6,99,-1,0.7312857142857143,215.85130593231952,47.91666666666667,0,0,81,5,284.90000000000003,23.47926199261993,308.37926199261994,-1008.0,-743.28,-1751.2800000000002,95,58,52,43,40,dqn_penalty_sweep_coeff_0_6_seed43.csv
eval,0.6,99,0,0.0,176.82960762574936,54.16666666666666,0,0,0,0,103.4,23.47926199261993,126.87926199261992,180.0,-110.28,69.72000000000003,230,55,1,0,2,dqn_penalty_sweep_coeff_0_6_seed43.csv
eval,0.6,99,1,0.0,225.4449396625294,22.22222222222222,0,0,43,3,83.79999999999998,23.47926199261993,107.27926199261992,-698.0,-100.20000000000002,-798.2000000000002,236,49,1,0,2,dqn_penalty_sweep_coeff_0_6_seed43.csv
eval,0.6,99,2,0.0,89.04206746474276,63.19444444444444,47,4,0,0,123.7,23.47926199261993,147.17926199261993,-1047.0,-514.5,-1561.5,89,115,63,6,15,dqn_penalty_sweep_coeff_0_6_seed43.csv
train,0.6,0,-1,1.0,167.23105694141248,67.01388888888889,0,0,0,0,295.2,23.47926199261993,318.6792619926199,291.0,-995.5799999999998,-704.5799999999999,60,63,46,46,73,dqn_penalty_sweep_coeff_0_6_seed44.csv
train,0.6,1,-1,0.9972857142857144,85.35409032038277,44.44444444444444,118,14,0,0,264.0,23.47926199261993,287.4792619926199,-2862.0,-927.84,-3789.84,64,57,56,55,56,dqn_penalty_sweep_coeff_0_6_seed44.csv
train,0.6,2,-1,0.9945714285714286,157.84880136679993,29.166666666666668,46,2,0,0,270.20000000000005,23.47926199261993,293.67926199262,-1167.0,-905.82,-2072.82,65,53,61,60,49,dqn_penalty_sweep_coeff_0_6_seed44.csv
train,0.6,3,-1,0.9918571428571428,225.094729777952,21.52777777777778,0,0,0,0,311.40000000000003,23.47926199261993,334.87926199261994,-102.0,-1058.58,-1160.58,57,45,51,60,75,dqn_penalty_sweep_coeff_0_6_seed44.csv
train,0.6,4,-1,0.9891428571428572,186.07194365370515,47.56944444444444,0,0,0,0,238.3,23.47926199261993,261.7792619926199,123.0,-972.06,-849.06,51,58,58,68,53,dqn_penalty_sweep_coeff_0_6_seed44.csv
train,0.6,5,-1,0.9864285714285714,140.09056765975356,62.15277777777778,33,3,0,0,240.7,23.47926199261993,264.1792619926199,-591.0,-939.24,-1530.2399999999998,51,64,62,61,50,dqn_penalty_sweep_coeff_0_6_seed44.csv
train,0.6,6,-1,0.9837142857142858,90.42017029241045,33.33333333333333,109,14,0,0,260.9,23.47926199261993,284.3792619926199,-2826.0,-911.28,-3737.28,65,53,63,55,52,dqn_penalty_sweep_coeff_0_6_seed44.csv
train,0.6,7,-1,0.981,165.06440038301585,61.458333333333336,0,0,0,0,315.6,23.47926199261993,339.07926199261993,228.0,-1020.84,-792.8399999999999,48,55,58,65,62,dqn_penalty_sweep_coeff_0_6_seed44.csv
train,0.6,8,-1,0.9782857142857144,229.3936795284391,36.45833333333333,0,0,78,4,212.1,23.47926199261993,235.57926199261996,-1065.0,-868.9799999999999,-1933.98,66,61,63,51,47,dqn_penalty_sweep_coeff_0_6_seed44.csv
train,0.6,9,-1,0.9755714285714284,97.656393011735,57.98611111111112,86,9,0,0,280.9,23.47926199261993,304.3792619926199,-1932.0,-985.7399999999998,-2917.74,46,74,50,57,61,dqn_penalty_sweep_coeff_0_6_seed44.csv
train,0.6,10,-1,0.9728571428571428,140.37558051260498,95.13888888888889,0,0,0,0,294.4,23.47926199261993,317.8792619926199,534.0,-974.76,-440.75999999999993,65,54,48,55,66,dqn_penalty_sweep_coeff_0_6_seed44.csv
train,0.6,11,-1,0.9701428571428572,96.05028743203172,54.16666666666666,78,13,0,0,222.0,23.47926199261993,245.47926199261997,-1839.0,-982.38,-2821.38,45,61,70,55,57,dqn_penalty_sweep_coeff_0_6_seed44.csv
train,0.6,12,-1,0.9674285714285714,183.8781773410496,43.05555555555556,0,0,0,0,290.4,23.47926199261993,313.8792619926199,84.0,-983.1,-899.0999999999999,50,54,61,70,53,dqn_penalty_sweep_coeff_0_6_seed44.csv
train,0.6,13,-1,0.9647142857142856,99.1651880858735,73.26388888888889,54,6,0,0,286.79999999999995,23.47926199261993,310.27926199261987,-1020.0,-941.76,-1961.76,64,58,53,53,60,dqn_penalty_sweep_coeff_0_6_seed44.csv
train,0.6,14,-1,0.962,164.66345520616116,68.05555555555556,0,0,4,2,302.29999999999995,23.47926199261993,325.77926199261987,241.0,-948.7199999999998,-707.7199999999999,61,51,62,58,56,dqn_penalty_sweep_coeff_0_6_seed44.csv
train,0.6,15,-1,0.9592857142857144,104.8746897207088,68.75,58,4,0,0,270.1,23.47926199261993,293.57926199261993,-1149.0,-940.5,-2089.5,64,51,64,50,59,dqn_penalty_sweep_coeff_0_6_seed44.csv
train,0.6,16,-1,0.9565714285714286,90.98553851498872,55.90277777777778,105,6,0,0,268.0,23.47926199261993,291.4792619926199,-2391.0,-952.86,-3343.86,59,59,53,60,57,dqn_penalty_sweep_coeff_0_6_seed44.csv
train,0.6,17,-1,0.9538571428571428,118.60511967238736,48.61111111111111,79,4,0,0,230.7,23.47926199261993,254.17926199261996,-1812.0,-943.86,-2755.86,49,66,63,59,51,dqn_penalty_sweep_coeff_0_6_seed44.csv
train,0.6,18,-1,0.9511428571428572,114.17827005664816,54.513888888888886,57,10,0,0,270.3,23.47926199261993,293.7792619926199,-1335.0,-938.4,-2273.4,47,82,53,50,56,dqn_penalty_sweep_coeff_0_6_seed44.csv
train,0.6,19,-1,0.9484285714285714,200.85059135573576,39.23611111111111,0,0,23,1,265.3,23.47926199261993,288.7792619926199,-271.0,-950.76,-1221.76,56,69,47,58,58,dqn_penalty_sweep_coeff_0_6_seed44.csv
train,0.6,20,-1,0.9457142857142856,136.98910457204053,93.75,0,0,0,0,262.0,23.47926199261993,285.4792619926199,516.0,-970.92,-454.9199999999999,59,66,39,62,62,dqn_penalty_sweep_coeff_0_6_seed44.csv
train,0.6,21,-1,0.943,106.90351778463928,32.98611111111111,128,8,0,0,255.2,23.47926199261993,278.6792619926199,-3138.0,-914.76,-4052.76,61,59,58,60,50,dqn_penalty_sweep_coeff_0_6_seed44.csv
train,0.6,22,-1,0.9402857142857144,86.8945937594929,44.44444444444444,89,17,0,0,238.7,23.47926199261993,262.1792619926199,-2253.0,-952.14,-3205.1400000000003,57,56,64,54,57,dqn_penalty_sweep_coeff_0_6_seed44.csv
train,0.6,23,-1,0.9375714285714286,100.1914591985279,72.56944444444444,47,6,0,0,298.7,23.47926199261993,322.1792619926199,-885.0,-892.3799999999999,-1777.3799999999997,77,48,52,58,53,dqn_penalty_sweep_coeff_0_6_seed44.csv
train,0.6,24,-1,0.9348571428571428,124.31653483967736,76.04166666666666,6,4,0,0,284.1,23.47926199261993,307.5792619926199,84.0,-900.18,-816.18,63,59,63,52,51,dqn_penalty_sweep_coeff_0_6_seed44.csv
train,0.6,25,-1,0.9321428571428572,87.94994681452438,53.125,129,1,0,0,255.6,23.47926199261993,279.0792619926199,-2943.0,-887.7599999999999,-3830.76,64,68,54,50,52,dqn_penalty_sweep_coeff_0_6_seed44.csv
train,0.6,26,-1,0.9294285714285714,106.81663632012034,81.59722222222221,19,4,0,0,263.7,23.47926199261993,287.1792619926199,-141.0,-890.4599999999999,-1031.46,74,61,46,50,57,dqn_penalty_sweep_coeff_0_6_seed44.csv
train,0.6,27,-1,0.9267142857142856,137.7756611710103,41.66666666666667,42,7,0,0,291.3,23.47926199261993,314.7792619926199,-1014.0,-949.26,-1963.26,60,61,56,50,61,dqn_penalty_sweep_coeff_0_6_seed44.csv
train,0.6,28,-1,0.924,167.32937528269494,66.31944444444444,0,0,0,0,286.20000000000005,23.47926199261993,309.67926199262,285.0,-910.68,-625.68,64,65,49,56,54,dqn_penalty_sweep_coeff_0_6_seed44.csv
train,0.6,29,-1,0.9212857142857144,121.23120181733756,93.4027777777778,1,1,0,0,338.2,23.47926199261993,361.6792619926199,447.0,-837.5999999999999,-390.5999999999999,81,55,53,51,48,dqn_penalty_sweep_coeff_0_6_seed44.csv
train,0.6,30,-1,0.9185714285714286,281.8751595475608,4.861111111111112,0,0,143,11,267.29999999999995,23.47926199261993,290.77926199261987,-2248.0,-944.16,-3192.16,54,52,75,55,52,dqn_penalty_sweep_coeff_0_6_seed44.csv
train,0.6,31,-1,0.9158571428571428,157.89764249487482,63.54166666666666,0,0,0,0,254.9,23.47926199261993,278.3792619926199,261.0,-828.3,-567.3,65,70,64,48,41,dqn_penalty_sweep_coeff_0_6_seed44.csv
train,0.6,32,-1,0.9131428571428571,89.9818399953263,40.625,118,9,0,0,249.2,23.47926199261993,272.6792619926199,-2892.0,-837.8999999999999,-3729.9,75,59,57,52,45,dqn_penalty_sweep_coeff_0_6_seed44.csv
train,0.6,33,-1,0.9104285714285714,59.6680923979208,12.84722222222222,221,8,0,0,290.8,23.47926199261993,314.2792619926199,-5571.0,-976.5,-6547.5,49,64,61,55,59,dqn_penalty_sweep_coeff_0_6_seed44.csv
train,0.6,34,-1,0.9077142857142856,110.75299070113704,38.88888888888889,76,15,0,0,286.6,23.47926199261993,310.07926199261993,-1920.0,-914.4,-2834.4,63,58,58,57,52,dqn_penalty_sweep_coeff_0_6_seed44.csv
train,0.6,35,-1,0.905,191.93670971091652,39.58333333333333,0,0,2,2,251.1,23.47926199261993,274.57926199261993,26.0,-783.06,-757.06,95,49,49,52,43,dqn_penalty_sweep_coeff_0_6_seed44.csv
train,0.6,36,-1,0.9022857142857142,161.09162384786035,74.30555555555556,0,0,0,0,263.2,23.47926199261993,286.6792619926199,354.0,-860.8199999999999,-506.82,80,44,52,69,43,dqn_penalty_sweep_coeff_0_6_seed44.csv
train,0.6,37,-1,0.8995714285714286,185.60795423804083,43.40277777777778,0,0,0,0,290.29999999999995,23.47926199261993,313.77926199261987,87.0,-952.5599999999998,-865.56,64,56,50,58,60,dqn_penalty_sweep_coeff_0_6_seed44.csv
train,0.6,38,-1,0.8968571428571429,94.2321801939135,37.15277777777778,98,16,0,0,254.1,23.47926199261993,277.5792619926199,-2511.0,-956.58,-3467.58,56,61,59,53,59,dqn_penalty_sweep_coeff_0_6_seed44.csv
train,0.6,39,-1,0.8941428571428571,159.23123103822425,60.06944444444444,4,3,0,0,294.5,23.47926199261993,317.9792619926199,111.0,-815.6399999999999,-704.6399999999999,85,49,62,46,46,dqn_penalty_sweep_coeff_0_6_seed44.csv
train,0.6,40,-1,0.8914285714285715,83.19275867033922,46.18055555555556,91,17,0,0,266.70000000000005,23.47926199261993,290.17926199262,-2265.0,-850.1999999999999,-3115.2,82,47,60,49,50,dqn_penalty_sweep_coeff_0_6_seed44.csv
train,0.6,41,-1,0.8887142857142857,96.89960145929577,68.05555555555556,67,5,0,0,264.1,23.47926199261993,287.5792619926199,-1383.0,-903.96,-2286.96,60,69,50,59,50,dqn_penalty_sweep_coeff_0_6_seed44.csv
train,0.6,42,-1,0.886,89.2686531539884,54.86111111111112,105,8,0,0,254.0,23.47926199261993,277.4792619926199,-2409.0,-811.9200000000001,-3220.92,79,63,53,49,44,dqn_penalty_sweep_coeff_0_6_seed44.csv
train,0.6,43,-1,0.8832857142857142,106.2635166164395,72.56944444444444,47,9,0,0,250.7,23.47926199261993,274.1792619926199,-885.0,-833.6399999999999,-1718.64,79,54,52,61,42,dqn_penalty_sweep_coeff_0_6_seed44.csv
train,0.6,44,-1,0.8805714285714286,242.31137973950436,1.3888888888888888,0,0,33,6,264.4,23.47926199261993,287.8792619926199,-738.0,-800.5799999999999,-1538.58,81,61,56,47,43,dqn_penalty_sweep_coeff_0_6_seed44.csv
train,0.6,45,-1,0.8778571428571429,82.76632565778576,47.22222222222222,93,12,0,0,274.3,23.47926199261993,297.7792619926199,-2289.0,-943.02,-3232.0200000000004,80,42,52,45,69,dqn_penalty_sweep_coeff_0_6_seed44.csv
train,0.6,46,-1,0.8751428571428571,146.90130091973117,79.86111111111111,7,1,0,0,303.4,23.47926199261993,326.8792619926199,222.0,-898.3799999999999,-676.38,69,58,53,55,53,dqn_penalty_sweep_coeff_0_6_seed44.csv
train,0.6,47,-1,0.8724285714285714,106.54843517354512,65.625,85,4,0,0,252.0,23.47926199261993,275.4792619926199,-1803.0,-818.0999999999999,-2621.1,82,65,43,51,47,dqn_penalty_sweep_coeff_0_6_seed44.csv
train,0.6,48,-1,0.8697142857142857,185.27707901541635,39.93055555555556,3,2,0,0,274.8,23.47926199261993,298.2792619926199,-36.0,-833.8199999999999,-869.8199999999999,81,62,52,40,53,dqn_penalty_sweep_coeff_0_6_seed44.csv
train,0.6,49,-1,0.867,100.28142426400603,68.40277777777779,53,6,0,0,269.9,23.47926199261993,293.3792619926199,-1062.0,-878.3999999999999,-1940.4,71,66,51,44,56,dqn_penalty_sweep_coeff_0_6_seed44.csv
eval,0.6,49,0,0.0,91.82652063328224,62.84722222222222,48,7,0,0,155.39999999999998,23.47926199261993,178.87926199261992,-1074.0,-316.98,-1390.98,188,63,1,21,15,dqn_penalty_sweep_coeff_0_6_seed44.csv
eval,0.6,49,1,0.0,123.29686859089546,84.02777777777779,9,7,0,0,234.9,23.47926199261993,258.37926199261994,141.0,-274.14,-133.13999999999993,213,31,3,32,9,dqn_penalty_sweep_coeff_0_6_seed44.csv
eval,0.6,49,2,0.0,232.46239460858385,2.7777777777777777,0,0,0,0,159.6,23.47926199261993,183.07926199261996,-264.0,-337.43999999999994,-601.4399999999999,214,0,0,74,0,dqn_penalty_sweep_coeff_0_6_seed44.csv
train,0.6,50,-1,0.8642857142857143,142.0783107067636,95.13888888888889,0,0,0,0,238.3,23.47926199261993,261.7792619926199,531.0,-784.3199999999999,-253.31999999999996,87,57,58,42,44,dqn_penalty_sweep_coeff_0_6_seed44.csv
train,0.6,51,-1,0.8615714285714285,210.70704092805428,24.305555555555557,0,0,0,0,283.2,23.47926199261993,306.6792619926199,-78.0,-855.1199999999999,-933.12,79,48,67,42,52,dqn_penalty_sweep_coeff_0_6_seed44.csv
train,0.6,52,-1,0.8588571428571429,102.4224140663096,52.43055555555556,84,10,0,0,275.0,23.47926199261993,298.4792619926199,-1971.0,-907.68,-2878.68,56,58,74,52,48,dqn_penalty_sweep_coeff_0_6_seed44.csv
train,0.6,53,-1,0.8561428571428571,141.24996405208907,55.90277777777778,35,4,0,0,261.29999999999995,23.47926199261993,284.77926199261987,-711.0,-837.3,-1548.3000000000002,78,60,51,52,47,dqn_penalty_sweep_coeff_0_6_seed44.csv
train,0.6,54,-1,0.8534285714285714,106.52260983372912,80.90277777777779,16,6,0,0,262.79999999999995,23.47926199261993,286.27926199261987,-90.0,-901.62,-991.62,71,54,56,52,55,dqn_penalty_sweep_coeff_0_6_seed44.csv
train,0.6,55,-1,0.8507142857142858,162.5530547771285,70.48611111111111,0,0,0,0,287.5,23.47926199261993,310.9792619926199,318.0,-823.2599999999999,-505.25999999999993,79,49,65,54,41,dqn_penalty_sweep_coeff_0_6_seed44.csv
train,0.6,56,-1,0.848,94.79187695281745,55.55555555555556,117,2,0,0,276.0,23.47926199261993,299.4792619926199,-2649.0,-831.8999999999999,-3480.9,76,56,63,48,45,dqn_penalty_sweep_coeff_0_6_seed44.csv
train,0.6,57,-1,0.8452857142857143,141.1219485348671,67.70833333333334,26,3,0,0,230.7,23.47926199261993,254.17926199261996,-354.0,-839.8199999999999,-1193.82,77,54,59,53,45,dqn_penalty_sweep_coeff_0_6_seed44.csv
train,0.6,58,-1,0.8425714285714285,70.25484909689574,33.33333333333333,159,6,0,0,266.6,23.47926199261993,290.07926199261993,-3915.0,-836.28,-4751.280000000001,73,62,60,47,46,dqn_penalty_sweep_coeff_0_6_seed44.csv
train,0.6,59,-1,0.8398571428571429,141.53366772337174,81.25,5,1,0,0,210.3,23.47926199261993,233.77926199261992,249.0,-746.76,-497.7599999999999,96,52,54,48,38,dqn_penalty_sweep_coeff_0_6_seed44.csv
train,0.6,60,-1,0.8371428571428572,202.10557374232184,25.694444444444443,0,0,0,0,246.7,23.47926199261993,270.17926199262,-66.0,-775.8599999999999,-841.8599999999999,85,72,41,47,43,dqn_penalty_sweep_coeff_0_6_seed44.csv
train,0.6,61,-1,0.8344285714285714,268.0240901267296,7.986111111111111,0,0,107,6,280.20000000000005,23.47926199261993,303.67926199262,-1717.0,-843.54,-2560.54,60,77,53,59,39,dqn_penalty_sweep_coeff_0_6_seed44.csv
train,0.6,62,-1,0.8317142857142857,149.20635208905807,82.98611111111111,0,0,0,0,286.0,23.47926199261993,309.4792619926199,408.0,-827.3399999999999,-419.3399999999999,84,63,39,53,49,dqn_penalty_sweep_coeff_0_6_seed44.csv
train,0.6,63,-1,0.829,139.88368571246417,61.80555555555556,5,2,0,0,254.1,23.47926199261993,277.57926199261993,72.0,-874.8599999999999,-802.8599999999999,64,77,48,46,53,dqn_penalty_sweep_coeff_0_6_seed44.csv
train,0.6,64,-1,0.8262857142857143,190.5680167959473,39.58333333333333,0,0,0,0,282.1,23.47926199261993,305.57926199261993,54.0,-776.6399999999999,-722.6399999999999,95,61,41,43,48,dqn_penalty_sweep_coeff_0_6_seed44.csv
train,0.6,65,-1,0.8235714285714286,199.3259465280247,48.95833333333333,0,0,12,3,276.20000000000005,23.47926199261993,299.67926199262,-33.0,-826.02,-859.0199999999999,87,45,52,61,43,dqn_penalty_sweep_coeff_0_6_seed44.csv
train,0.6,66,-1,0.8208571428571428,176.09475959688066,39.58333333333333,0,0,0,0,260.7,23.47926199261993,284.1792619926199,30.0,-759.3599999999999,-729.3599999999999,88,60,58,42,40,dqn_penalty_sweep_coeff_0_6_seed44.csv
train,0.6,67,-1,0.8181428571428572,71.64886630504009,31.25,158,7,0,0,264.29999999999995,23.47926199261993,287.77926199261987,-3930.0,-912.66,-4842.66,72,62,40,55,59,dqn_penalty_sweep_coeff_0_6_seed44.csv
train,0.6,68,-1,0.8154285714285714,183.8715621087063,55.90277777777778,0,0,0,0,311.1,23.47926199261993,334.57926199261993,195.0,-899.8799999999999,-704.88,79,52,44,55,58,dqn_penalty_sweep_coeff_0_6_seed44.csv
train,0.6,69,-1,0.8127142857142857,266.142822751765,3.4722222222222223,0,0,81,6,317.9,23.47926199261993,341.3792619926199,-1392.0,-801.78,-2193.78,81,60,57,47,43,dqn_penalty_sweep_coeff_0_6_seed44.csv
train,0.6,70,-1,0.81,212.33011077546973,29.86111111111111,0,0,25,2,258.1,23.47926199261993,281.57926199261993,-380.0,-852.5999999999999,-1232.6,87,40,57,54,50,dqn_penalty_sweep_coeff_0_6_seed44.csv
train,0.6,71,-1,0.8072857142857143,128.00898640989243,80.55555555555556,24,3,0,0,287.6,23.47926199261993,311.07926199261993,-210.0,-785.5799999999999,-995.58,87,57,52,51,41,dqn_penalty_sweep_coeff_0_6_seed44.csv
train,0.6,72,-1,0.8045714285714286,117.54277091546652,63.888888888888886,66,4,0,0,281.2,23.47926199261993,304.6792619926199,-1368.0,-921.96,-2289.96,63,65,52,50,58,dqn_penalty_sweep_coeff_0_6_seed44.csv
train,0.6,73,-1,0.8018571428571428,233.4954602346372,14.583333333333334,0,0,10,3,208.4,23.47926199261993,231.87926199261992,-302.0,-789.8999999999999,-1091.9,96,50,44,53,45,dqn_penalty_sweep_coeff_0_6_seed44.csv
train,0.6,74,-1,0.7991428571428572,120.36216440666408,61.11111111111112,71,11,0,0,317.30000000000007,23.47926199261993,340.77926199262,-1524.0,-872.6399999999999,-2396.6400000000003,74,58,53,51,52,dqn_penalty_sweep_coeff_0_6_seed44.csv
train,0.6,75,-1,0.7964285714285715,92.83861174263308,57.98611111111112,78,12,0,0,284.5,23.47926199261993,307.9792619926199,-1788.0,-861.7799999999999,-2649.78,68,65,55,53,47,dqn_penalty_sweep_coeff_0_6_seed44.csv
train,0.6,76,-1,0.7937142857142857,141.19840693132016,90.625,0,0,0,0,274.70000000000005,23.47926199261993,298.17926199262,483.0,-777.72,-294.72,98,48,51,45,46,dqn_penalty_sweep_coeff_0_6_seed44.csv
train,0.6,77,-1,0.791,139.5720581194279,84.72222222222221,0,0,0,0,271.3,23.47926199261993,294.7792619926199,444.0,-808.1399999999999,-364.13999999999993,83,52,58,54,41,dqn_penalty_sweep_coeff_0_6_seed44.csv
train,0.6,78,-1,0.7882857142857143,162.54558250271214,71.875,0,0,0,0,307.9,23.47926199261993,331.3792619926199,333.0,-765.8999999999999,-432.8999999999999,90,62,47,48,41,dqn_penalty_sweep_coeff_0_6_seed44.csv
train,0.6,79,-1,0.7855714285714286,66.73260913463605,25.34722222222222,193,10,0,0,252.8,23.47926199261993,276.2792619926199,-4767.0,-801.6,-5568.6,81,57,57,53,40,dqn_penalty_sweep_coeff_0_6_seed44.csv
train,0.6,80,-1,0.7828571428571429,225.13471946737783,23.26388888888889,0,0,17,3,263.4,23.47926199261993,286.8792619926199,-325.0,-727.74,-1052.7399999999998,101,52,50,48,37,dqn_penalty_sweep_coeff_0_6_seed44.csv
train,0.6,81,-1,0.7801428571428571,158.01751003803656,84.72222222222221,0,0,0,0,309.6,23.47926199261993,333.07926199261993,444.0,-838.1999999999999,-394.2,75,71,45,47,50,dqn_penalty_sweep_coeff_0_6_seed44.csv
train,0.6,82,-1,0.7774285714285715,115.80489367683197,72.56944444444444,46,4,0,0,294.0,23.47926199261993,317.4792619926199,-837.0,-824.76,-1661.76,79,60,54,49,46,dqn_penalty_sweep_coeff_0_6_seed44.csv
train,0.6,83,-1,0.7747142857142857,166.53976844961724,63.54166666666666,0,0,0,0,252.00000000000003,23.47926199261993,275.47926199262,261.0,-889.9199999999998,-628.9199999999998,76,57,46,53,56,dqn_penalty_sweep_coeff_0_6_seed44.csv
train,0.6,84,-1,0.772,234.88348727037848,22.916666666666664,0,0,50,1,290.1,23.47926199261993,313.57926199261993,-790.0,-828.78,-1618.7800000000002,96,40,52,47,53,dqn_penalty_sweep_coeff_0_6_seed44.csv
train,0.6,85,-1,0.7692857142857144,100.35053806637605,54.16666666666666,112,3,0,0,241.3,23.47926199261993,264.7792619926199,-2559.0,-792.06,-3351.0600000000004,76,71,54,46,41,dqn_penalty_sweep_coeff_0_6_seed44.csv
train,0.6,86,-1,0.7665714285714286,138.53216439497734,63.19444444444444,36,3,0,0,262.4,23.47926199261993,285.8792619926199,-633.0,-843.4199999999998,-1476.4199999999998,75,60,52,56,45,dqn_penalty_sweep_coeff_0_6_seed44.csv
train,0.6,87,-1,0.7638571428571428,202.536213969238,34.375,0,0,0,0,223.5,23.47926199261993,246.97926199261997,9.0,-728.46,-719.4599999999999,100,51,47,57,33,dqn_penalty_sweep_coeff_0_6_seed44.csv
train,0.6,88,-1,0.7611428571428571,111.01083372063016,90.9722222222222,12,2,0,0,243.2,23.47926199261993,266.6792619926199,177.0,-843.4799999999999,-666.4799999999999,86,57,43,48,54,dqn_penalty_sweep_coeff_0_6_seed44.csv
train,0.6,89,-1,0.7584285714285715,161.79061361191674,58.333333333333336,0,0,0,0,242.3,23.47926199261993,265.7792619926199,195.0,-749.46,-554.4599999999999,87,64,51,51,35,dqn_penalty_sweep_coeff_0_6_seed44.csv
train,0.6,90,-1,0.7557142857142858,79.06441086467005,30.90277777777778,136,11,0,0,249.1,23.47926199261993,272.57926199261993,-3456.0,-856.8,-4312.8,69,65,57,49,48,dqn_penalty_sweep_coeff_0_6_seed44.csv
train,0.6,91,-1,0.753,165.98401886539904,63.888888888888886,0,0,0,0,254.8,23.47926199261993,278.2792619926199,264.0,-773.8199999999999,-509.82,85,66,49,47,41,dqn_penalty_sweep_coeff_0_6_seed44.csv
train,0.6,92,-1,0.7502857142857143,164.8580802747458,44.44444444444444,9,2,0,0,237.6,23.47926199261993,261.07926199261993,-183.0,-807.1799999999998,-990.1799999999998,90,64,40,41,53,dqn_penalty_sweep_coeff_0_6_seed44.csv
train,0.6,93,-1,0.7475714285714286,85.51568953877647,45.48611111111111,146,6,0,0,194.7,23.47926199261993,218.17926199261996,-3432.0,-863.5799999999999,-4295.58,63,65,57,62,41,dqn_penalty_sweep_coeff_0_6_seed44.csv
train,0.6,94,-1,0.7448571428571429,133.17562491142604,65.625,44,2,0,0,265.5,23.47926199261993,288.9792619926199,-819.0,-879.48,-1698.48,73,61,50,50,54,dqn_penalty_sweep_coeff_0_6_seed44.csv
train,0.6,95,-1,0.7421428571428572,219.35088441737776,22.916666666666664,0,0,42,5,250.9,23.47926199261993,274.37926199261994,-678.0,-738.96,-1416.96,102,56,39,51,40,dqn_penalty_sweep_coeff_0_6_seed44.csv
train,0.6,96,-1,0.7394285714285714,161.70116571527336,74.30555555555556,0,0,0,0,263.6,23.47926199261993,287.07926199261993,354.0,-789.8999999999999,-435.8999999999999,96,50,44,53,45,dqn_penalty_sweep_coeff_0_6_seed44.csv
train,0.6,97,-1,0.7367142857142857,140.73136064771128,67.36111111111111,28,5,0,0,233.4,23.47926199261993,256.8792619926199,-465.0,-717.8399999999999,-1182.84,93,63,50,50,32,dqn_penalty_sweep_coeff_0_6_seed44.csv
train,0.6,98,-1,0.734,225.92700037676403,38.88888888888889,0,0,92,2,247.2,23.47926199261993,270.6792619926199,-1240.0,-749.52,-1989.52,92,60,53,43,40,dqn_penalty_sweep_coeff_0_6_seed44.csv
train,0.6,99,-1,0.7312857142857143,185.88774860692857,43.40277777777778,0,0,0,0,213.9,23.47926199261993,237.37926199261992,87.0,-832.68,-745.6800000000001,84,54,46,58,46,dqn_penalty_sweep_coeff_0_6_seed44.csv
eval,0.6,99,0,0.0,167.87398940608287,65.27777777777779,0,0,0,0,156.4,23.47926199261993,179.87926199261994,276.0,-634.4999999999999,-358.4999999999999,70,76,89,50,3,dqn_penalty_sweep_coeff_0_6_seed44.csv
eval,0.6,99,1,0.0,218.43332991288804,20.833333333333336,0,0,0,0,120.79999999999998,23.47926199261993,144.27926199261992,-108.0,-475.68,-583.68,96,91,82,19,0,dqn_penalty_sweep_coeff_0_6_seed44.csv
eval,0.6,99,2,0.0,260.8960978914255,4.861111111111112,0,0,57,2,81.19999999999999,23.47926199261993,104.67926199261991,-1044.0,-323.76,-1367.76,137,101,44,6,0,dqn_penalty_sweep_coeff_0_6_seed44.csv
train,0.6,0,-1,1.0,88.95255545762362,46.52777777777778,124,9,0,0,235.9,23.47926199261993,259.3792619926199,-2952.0,-822.5999999999999,-3774.6,74,50,72,54,38,dqn_penalty_sweep_coeff_0_6_seed45.csv
train,0.6,1,-1,0.9972857142857144,153.01348329085488,37.5,42,2,0,0,240.2,23.47926199261993,263.6792619926199,-1002.0,-855.48,-1857.48,76,50,54,66,42,dqn_penalty_sweep_coeff_0_6_seed45.csv
train,0.6,2,-1,0.9945714285714286,236.1442089446184,17.36111111111111,0,0,9,1,253.6,23.47926199261993,277.07926199261993,-264.0,-943.26,-1207.26,60,59,56,56,57,dqn_penalty_sweep_coeff_0_6_seed45.csv
train,0.6,3,-1,0.9918571428571428,188.3179505981496,43.05555555555556,0,0,0,0,324.4,23.47926199261993,347.8792619926199,84.0,-1008.3,-924.3,62,49,50,58,69,dqn_penalty_sweep_coeff_0_6_seed45.csv
train,0.6,4,-1,0.9891428571428572,143.85507586049894,58.333333333333336,37,2,0,0,307.1,23.47926199261993,330.57926199261993,-714.0,-987.54,-1701.5399999999995,64,44,55,62,63,dqn_penalty_sweep_coeff_0_6_seed45.csv
train,0.6,5,-1,0.9864285714285714,91.02053117264104,40.625,97,11,0,0,229.0,23.47926199261993,252.47926199261997,-2454.0,-874.8599999999999,-3328.86,59,75,58,47,49,dqn_penalty_sweep_coeff_0_6_seed45.csv
train,0.6,6,-1,0.9837142857142858,183.5598864941271,51.388888888888886,0,0,0,0,301.4,23.47926199261993,324.8792619926199,156.0,-988.32,-832.3199999999999,51,56,57,68,56,dqn_penalty_sweep_coeff_0_6_seed45.csv
train,0.6,7,-1,0.981,225.017006020795,40.27777777777778,0,0,67,4,278.79999999999995,23.47926199261993,302.27926199261987,-878.0,-905.16,-1783.16,60,54,68,60,46,dqn_penalty_sweep_coeff_0_6_seed45.csv
train,0.6,8,-1,0.9782857142857144,94.96227860098098,59.02777777777778,85,9,0,0,262.4,23.47926199261993,285.8792619926199,-1905.0,-933.2399999999998,-2838.24,64,49,63,58,54,dqn_penalty_sweep_coeff_0_6_seed45.csv
train,0.6,9,-1,0.9755714285714284,149.80162217927165,89.93055555555556,0,0,0,0,257.5,23.47926199261993,280.9792619926199,489.0,-955.62,-466.6199999999999,58,64,49,58,59,dqn_penalty_sweep_coeff_0_6_seed45.csv
train,0.6,10,-1,0.9728571428571428,98.13016160530928,57.638888888888886,73,10,0,0,252.9,23.47926199261993,276.37926199261994,-1674.0,-897.8399999999999,-2571.84,68,57,56,55,52,dqn_penalty_sweep_coeff_0_6_seed45.csv
train,0.6,11,-1,0.9701428571428572,162.51064261882723,72.91666666666666,0,0,0,0,312.6,23.47926199261993,336.07926199261993,342.0,-928.86,-586.8599999999999,59,65,50,61,53,dqn_penalty_sweep_coeff_0_6_seed45.csv
train,0.6,12,-1,0.9674285714285714,103.07357891434442,76.04166666666666,39,4,0,0,244.5,23.47926199261993,267.9792619926199,-657.0,-950.7,-1607.6999999999998,51,59,76,45,57,dqn_penalty_sweep_coeff_0_6_seed45.csv
train,0.6,13,-1,0.9647142857142856,144.95269131727193,74.65277777777779,1,1,0,0,282.0,23.47926199261993,305.4792619926199,309.0,-962.52,-653.52,66,45,61,54,62,dqn_penalty_sweep_coeff_0_6_seed45.csv
train,0.6,14,-1,0.962,101.71999453972748,67.36111111111111,65,2,0,0,232.3,23.47926199261993,255.77926199261995,-1323.0,-968.1,-2291.1,54,73,44,54,63,dqn_penalty_sweep_coeff_0_6_seed45.csv
train,0.6,15,-1,0.9592857142857144,92.65884265975816,54.86111111111112,100,8,0,0,314.6,23.47926199261993,338.0792619926199,-2304.0,-953.76,-3257.76,62,64,48,50,64,dqn_penalty_sweep_coeff_0_6_seed45.csv
train,0.6,16,-1,0.9565714285714286,121.34127858066464,39.23611111111111,86,5,1,1,307.9,23.47926199261993,331.3792619926199,-2093.0,-1009.32,-3102.32,47,67,54,54,66,dqn_penalty_sweep_coeff_0_6_seed45.csv
train,0.6,17,-1,0.9538571428571428,126.05760903193966,63.888888888888886,47,1,0,0,262.4,23.47926199261993,285.8792619926199,-939.0,-1001.04,-1940.04,62,54,44,60,68,dqn_penalty_sweep_coeff_0_6_seed45.csv
train,0.6,18,-1,0.9511428571428572,203.77437607795804,39.58333333333333,0,0,24,1,277.1,23.47926199261993,300.57926199261993,-282.0,-846.1199999999999,-1128.12,71,67,51,53,46,dqn_penalty_sweep_coeff_0_6_seed45.csv
train,0.6,19,-1,0.9484285714285714,117.9713962387071,92.01388888888889,8,2,0,0,279.20000000000005,23.47926199261993,302.67926199262,273.0,-957.6,-684.5999999999999,58,62,53,55,60,dqn_penalty_sweep_coeff_0_6_seed45.csv
train,0.6,20,-1,0.9457142857142856,105.5432845682003,33.33333333333333,119,9,0,0,275.40000000000003,23.47926199261993,298.87926199261994,-2952.0,-991.26,-3943.2600000000007,50,57,65,55,61,dqn_penalty_sweep_coeff_0_6_seed45.csv
train,0.6,21,-1,0.943,86.21416760466826,52.083333333333336,80,9,0,0,277.79999999999995,23.47926199261993,301.27926199261987,-1932.0,-840.5999999999999,-2772.6,78,52,61,51,46,dqn_penalty_sweep_coeff_0_6_seed45.csv
train,0.6,22,-1,0.9402857142857144,90.24139585077435,60.06944444444444,78,9,0,0,250.9,23.47926199261993,274.37926199261994,-1749.0,-899.2199999999998,-2648.2200000000003,69,58,56,50,55,dqn_penalty_sweep_coeff_0_6_seed45.csv
train,0.6,23,-1,0.9375714285714286,144.2229584507886,75.34722222222221,0,0,0,0,275.79999999999995,23.47926199261993,299.27926199261987,357.0,-880.86,-523.8599999999999,70,66,47,52,53,dqn_penalty_sweep_coeff_0_6_seed45.csv
train,0.6,24,-1,0.9348571428571428,92.97885127481194,55.208333333333336,127,2,0,0,280.9,23.47926199261993,304.3792619926199,-2865.0,-952.44,-3817.440000000001,65,60,44,57,62,dqn_penalty_sweep_coeff_0_6_seed45.csv
train,0.6,25,-1,0.9321428571428572,107.72549048678697,84.375,15,4,0,0,257.70000000000005,23.47926199261993,281.17926199262,-9.0,-948.72,-957.72,65,61,55,39,68,dqn_penalty_sweep_coeff_0_6_seed45.csv
train,0.6,26,-1,0.9294285714285714,155.3183110350397,43.75,17,4,0,0,267.20000000000005,23.47926199261993,290.67926199262,-402.0,-925.1999999999998,-1327.1999999999998,76,50,44,58,60,dqn_penalty_sweep_coeff_0_6_seed45.csv
train,0.6,27,-1,0.9267142857142856,191.0255558382505,35.41666666666667,0,0,0,0,295.2,23.47926199261993,318.6792619926199,18.0,-913.74,-895.7399999999999,67,57,51,60,53,dqn_penalty_sweep_coeff_0_6_seed45.csv
train,0.6,28,-1,0.924,132.93762542844877,97.56944444444444,0,0,0,0,298.7,23.47926199261993,322.1792619926199,540.0,-899.9399999999999,-359.93999999999994,75,64,43,43,63,dqn_penalty_sweep_coeff_0_6_seed45.csv
train,0.6,29,-1,0.9212857142857144,259.1016235115246,4.861111111111112,0,0,57,13,313.1,23.47926199261993,336.57926199261993,-1044.0,-889.56,-1933.56,75,52,61,42,58,dqn_penalty_sweep_coeff_0_6_seed45.csv
train,0.6,30,-1,0.9185714285714286,151.1275036059859,63.19444444444444,0,0,0,0,255.9,23.47926199261993,279.37926199261994,231.0,-917.28,-686.28,73,47,62,46,60,dqn_penalty_sweep_coeff_0_6_seed45.csv
train,0.6,31,-1,0.9158571428571428,95.02943781319657,47.91666666666667,80,8,0,0,281.7,23.47926199261993,305.1792619926199,-1968.0,-902.52,-2870.52,62,64,61,47,54,dqn_penalty_sweep_coeff_0_6_seed45.csv
train,0.6,32,-1,0.9131428571428571,59.6004698665948,14.23611111111111,219,7,0,0,305.79999999999995,23.47926199261993,329.27926199261987,-5505.0,-897.6599999999999,-6402.66,66,56,51,70,45,dqn_penalty_sweep_coeff_0_6_seed45.csv
train,0.6,33,-1,0.9104285714285714,106.84927815353628,43.05555555555556,71,13,0,0,237.1,23.47926199261993,260.57926199261993,-1761.0,-842.8199999999999,-2603.82,71,75,48,43,51,dqn_penalty_sweep_coeff_0_6_seed45.csv
train,0.6,34,-1,0.9077142857142856,203.082152028234,23.61111111111111,0,0,9,2,255.5,23.47926199261993,278.9792619926199,-210.0,-885.9,-1095.9,66,63,53,57,49,dqn_penalty_sweep_coeff_0_6_seed45.csv
train,0.6,35,-1,0.905,170.16306403805052,60.06944444444444,0,0,0,0,280.5,23.47926199261993,303.9792619926199,231.0,-867.72,-636.7199999999999,78,56,52,48,54,dqn_penalty_sweep_coeff_0_6_seed45.csv
train,0.6,36,-1,0.9022857142857142,193.530002849152,26.041666666666668,0,0,0,0,264.5,23.47926199261993,287.9792619926199,-63.0,-857.76,-920.76,80,63,37,56,52,dqn_penalty_sweep_coeff_0_6_seed45.csv
train,0.6,37,-1,0.8995714285714286,94.69338200803176,45.48611111111111,95,8,0,0,251.6,23.47926199261993,275.07926199261993,-2304.0,-877.26,-3181.26,68,64,51,56,49,dqn_penalty_sweep_coeff_0_6_seed45.csv
train,0.6,38,-1,0.8968571428571429,154.5482449271132,70.83333333333334,0,0,0,0,268.4,23.47926199261993,291.8792619926199,306.0,-871.3199999999999,-565.3199999999999,73,51,58,60,46,dqn_penalty_sweep_coeff_0_6_seed45.csv
train,0.6,39,-1,0.8941428571428571,85.31121159903385,52.77777777777778,70,15,0,0,276.70000000000005,23.47926199261993,300.17926199262,-1710.0,-1033.14,-2743.1400000000003,53,52,51,65,67,dqn_penalty_sweep_coeff_0_6_seed45.csv
train,0.6,40,-1,0.8914285714285715,97.1753985137992,65.625,69,5,0,0,240.3,23.47926199261993,263.7792619926199,-1467.0,-790.1399999999999,-2257.1400000000003,73,70,65,39,41,dqn_penalty_sweep_coeff_0_6_seed45.csv
train,0.6,41,-1,0.8887142857142857,78.90267541241994,39.23611111111111,142,8,0,0,280.0,23.47926199261993,303.4792619926199,-3456.0,-925.9199999999998,-4381.92,61,63,55,53,56,dqn_penalty_sweep_coeff_0_6_seed45.csv
train,0.6,42,-1,0.886,97.01085365826776,58.68055555555556,83,9,0,0,249.7,23.47926199261993,273.1792619926199,-1875.0,-868.1999999999999,-2743.2,78,57,50,49,54,dqn_penalty_sweep_coeff_0_6_seed45.csv
train,0.6,43,-1,0.8832857142857142,271.5066922395042,0.0,0,0,99,9,241.1,23.47926199261993,264.57926199261993,-1674.0,-879.5999999999999,-2553.6000000000004,70,59,51,60,48,dqn_penalty_sweep_coeff_0_6_seed45.csv
train,0.6,44,-1,0.8805714285714286,90.41474961430816,62.84722222222222,58,13,0,0,251.3,23.47926199261993,274.7792619926199,-1284.0,-879.06,-2163.0599999999995,59,68,57,61,43,dqn_penalty_sweep_coeff_0_6_seed45.csv
train,0.6,45,-1,0.8778571428571429,142.82052483114254,80.20833333333334,7,1,0,0,274.2,23.47926199261993,297.6792619926199,222.0,-931.74,-709.74,67,56,56,48,61,dqn_penalty_sweep_coeff_0_6_seed45.csv
train,0.6,46,-1,0.8751428571428571,96.247484434754,63.19444444444444,87,5,0,0,241.0,23.47926199261993,264.4792619926199,-1887.0,-825.9599999999999,-2712.96,67,71,60,48,42,dqn_penalty_sweep_coeff_0_6_seed45.csv
train,0.6,47,-1,0.8724285714285714,174.20798179319425,45.13888888888889,7,2,0,0,268.3,23.47926199261993,291.7792619926199,-78.0,-835.8,-913.8,79,62,51,46,50,dqn_penalty_sweep_coeff_0_6_seed45.csv
train,0.6,48,-1,0.8697142857142857,97.95228973519092,66.66666666666666,61,5,0,0,268.40000000000003,23.47926199261993,291.87926199261994,-1260.0,-882.8399999999999,-2142.84,75,52,51,60,50,dqn_penalty_sweep_coeff_0_6_seed45.csv
train,0.6,49,-1,0.867,154.78490792898597,90.9722222222222,0,0,0,0,232.5,23.47926199261993,255.97926199261997,498.0,-811.4399999999999,-313.43999999999994,77,57,62,52,40,dqn_penalty_sweep_coeff_0_6_seed45.csv
eval,0.6,49,0,0.0,169.75734843946734,62.15277777777778,0,0,0,0,213.6,23.47926199261993,237.07926199262,246.0,-419.04,-173.03999999999996,89,169,15,7,8,dqn_penalty_sweep_coeff_0_6_seed45.csv
eval,0.6,49,1,0.0,100.17499151617685,48.95833333333333,114,5,0,0,191.3,23.47926199261993,214.77926199261995,-2631.0,-462.72,-3093.7200000000003,79,158,35,8,8,dqn_penalty_sweep_coeff_0_6_seed45.csv
eval,0.6,49,2,0.0,192.1444961425011,24.305555555555557,0,0,0,0,243.3,23.47926199261993,266.7792619926199,-78.0,-414.54,-492.54,101,159,4,15,9,dqn_penalty_sweep_coeff_0_6_seed45.csv
train,0.6,50,-1,0.8642857142857143,205.8848187058322,28.125,0,0,0,0,312.29999999999995,23.47926199261993,335.77926199261987,-45.0,-899.8799999999999,-944.88,71,53,64,42,58,dqn_penalty_sweep_coeff_0_6_seed45.csv
train,0.6,51,-1,0.8615714285714285,111.56583204443643,63.19444444444444,67,9,0,0,265.3,23.47926199261993,288.7792619926199,-1428.0,-843.4199999999998,-2271.42,64,71,56,56,41,dqn_penalty_sweep_coeff_0_6_seed45.csv
train,0.6,52,-1,0.8588571428571429,154.09845394144995,54.513888888888886,7,3,0,0,331.70000000000005,23.47926199261993,355.17926199262,-30.0,-856.8,-886.8,79,55,61,37,56,dqn_penalty_sweep_coeff_0_6_seed45.csv
train,0.6,53,-1,0.8561428571428571,98.50368622261826,66.66666666666666,51,10,0,0,246.7,23.47926199261993,270.1792619926199,-1071.0,-868.9199999999998,-1939.92,68,58,54,66,42,dqn_penalty_sweep_coeff_0_6_seed45.csv
train,0.6,54,-1,0.8534285714285714,160.1579158882397,73.26388888888889,0,0,0,0,315.7,23.47926199261993,339.1792619926199,345.0,-923.34,-578.3399999999999,67,49,66,49,57,dqn_penalty_sweep_coeff_0_6_seed45.csv
train,0.6,55,-1,0.8507142857142858,98.22482706251772,56.59722222222222,115,2,0,0,267.3,23.47926199261993,290.7792619926199,-2589.0,-876.1199999999999,-3465.1200000000003,79,48,51,60,50,dqn_penalty_sweep_coeff_0_6_seed45.csv
train,0.6,56,-1,0.848,146.4930341523268,69.09722222222221,18,1,0,0,277.9,23.47926199261993,301.3792619926199,-135.0,-854.9399999999999,-989.94,70,68,52,49,49,dqn_penalty_sweep_coeff_0_6_seed45.csv
train,0.6,57,-1,0.8452857142857143,67.06646861114811,27.77777777777778,161,8,0,0,270.0,23.47926199261993,293.4792619926199,-4053.0,-899.6399999999999,-4952.639999999999,70,50,58,60,50,dqn_penalty_sweep_coeff_0_6_seed45.csv
train,0.6,58,-1,0.8425714285714285,136.08749539875163,82.29166666666666,5,1,0,0,282.29999999999995,23.47926199261993,305.77926199261987,237.0,-890.0999999999999,-653.0999999999999,71,58,56,48,55,dqn_penalty_sweep_coeff_0_6_seed45.csv
train,0.6,59,-1,0.8398571428571429,211.62930372230187,14.930555555555555,0,0,0,0,279.0,23.47926199261993,302.4792619926199,-159.0,-811.9199999999998,-970.9199999999998,85,57,47,55,44,dqn_penalty_sweep_coeff_0_6_seed45.csv
train,0.6,60,-1,0.8371428571428572,272.6871888210725,3.8194444444444446,0,0,100,4,237.5,23.47926199261993,260.9792619926199,-1655.0,-768.3,-2423.3,93,64,48,34,49,dqn_penalty_sweep_coeff_0_6_seed45.csv
train,0.6,61,-1,0.8344285714285714,142.93551875572473,87.84722222222221,3,2,0,0,294.20000000000005,23.47926199261993,317.67926199262,372.0,-912.84,-540.8399999999999,70,53,52,59,54,dqn_penalty_sweep_coeff_0_6_seed45.csv
train,0.6,62,-1,0.8317142857142857,129.98958849024197,71.875,6,4,0,0,274.0,23.47926199261993,297.4792619926199,114.0,-823.1399999999999,-709.1399999999999,82,51,57,55,43,dqn_penalty_sweep_coeff_0_6_seed45.csv
train,0.6,63,-1,0.829,185.7867667959476,48.95833333333333,0,0,0,0,325.4,23.47926199261993,348.8792619926199,135.0,-842.0999999999999,-707.0999999999999,79,48,66,48,47,dqn_penalty_sweep_coeff_0_6_seed45.csv
train,0.6,64,-1,0.8262857142857143,193.74504375024696,50.69444444444444,0,0,2,1,275.0,23.47926199261993,298.4792619926199,122.0,-765.5999999999999,-643.5999999999999,82,65,55,50,36,dqn_penalty_sweep_coeff_0_6_seed45.csv
train,0.6,65,-1,0.8235714285714286,184.39840543021407,43.05555555555556,0,0,0,0,255.6,23.47926199261993,279.07926199261993,84.0,-832.9799999999999,-748.9799999999999,86,50,49,56,47,dqn_penalty_sweep_coeff_0_6_seed45.csv
train,0.6,66,-1,0.8208571428571428,71.35471385810557,29.86111111111111,160,8,0,0,230.7,23.47926199261993,254.17926199261996,-3996.0,-889.92,-4885.92,67,66,48,55,52,dqn_penalty_sweep_coeff_0_6_seed45.csv
train,0.6,67,-1,0.8181428571428572,179.9911801642619,59.02777777777778,0,0,0,0,349.5,23.47926199261993,372.9792619926199,222.0,-882.1199999999999,-660.1199999999999,78,58,47,47,58,dqn_penalty_sweep_coeff_0_6_seed45.csv
train,0.6,68,-1,0.8154285714285714,280.61730191843174,4.166666666666666,0,0,138,10,299.9,23.47926199261993,323.3792619926199,-2184.0,-878.8199999999999,-3062.82,76,54,49,58,51,dqn_penalty_sweep_coeff_0_6_seed45.csv
train,0.6,69,-1,0.8127142857142857,183.4481663310252,47.91666666666667,0,0,0,0,318.70000000000005,23.47926199261993,342.17926199262,126.0,-915.3,-789.2999999999998,69,60,50,50,59,dqn_penalty_sweep_coeff_0_6_seed45.csv
train,0.6,70,-1,0.81,140.43589769617878,71.52777777777779,14,5,0,0,251.9,23.47926199261993,275.37926199261994,-81.0,-856.8599999999999,-937.86,69,59,62,53,45,dqn_penalty_sweep_coeff_0_6_seed45.csv
train,0.6,71,-1,0.8072857142857143,128.1475936378696,75.69444444444444,23,5,0,0,292.5,23.47926199261993,315.9792619926199,-249.0,-896.6999999999999,-1145.6999999999998,80,54,52,37,65,dqn_penalty_sweep_coeff_0_6_seed45.csv
train,0.6,72,-1,0.8045714285714286,238.25448801241495,14.930555555555555,0,0,38,9,272.1,23.47926199261993,295.57926199261993,-691.0,-806.6399999999999,-1497.64,66,79,57,46,40,dqn_penalty_sweep_coeff_0_6_seed45.csv
train,0.6,73,-1,0.8018571428571428,120.01242694012213,62.5,56,8,0,0,269.29999999999995,23.47926199261993,292.77926199261987,-1191.0,-820.5,-2011.5,78,60,61,42,47,dqn_penalty_sweep_coeff_0_6_seed45.csv
train,0.6,74,-1,0.7991428571428572,93.57640718957924,55.90277777777778,88,11,0,0,281.1,23.47926199261993,304.57926199261993,-2034.0,-858.3,-2892.3,77,47,67,48,49,dqn_penalty_sweep_coeff_0_6_seed45.csv
train,0.6,75,-1,0.7964285714285715,137.65674026465345,92.70833333333334,0,0,0,0,314.40000000000003,23.47926199261993,337.87926199261994,504.0,-803.8799999999999,-299.87999999999994,94,54,43,47,50,dqn_penalty_sweep_coeff_0_6_seed45.csv
train,0.6,76,-1,0.7937142857142857,129.52850362743604,83.33333333333334,0,0,0,0,269.2,23.47926199261993,292.6792619926199,375.0,-932.4,-557.3999999999999,67,53,59,49,60,dqn_penalty_sweep_coeff_0_6_seed45.csv
train,0.6,77,-1,0.791,163.46884639160103,70.83333333333334,0,0,0,0,285.1,23.47926199261993,308.57926199261993,324.0,-876.2999999999998,-552.3,68,62,55,54,49,dqn_penalty_sweep_coeff_0_6_seed45.csv
train,0.6,78,-1,0.7882857142857143,66.901984171337,26.041666666666668,195,6,0,0,247.6,23.47926199261993,271.0792619926199,-4797.0,-882.8399999999999,-5679.84,68,59,58,53,50,dqn_penalty_sweep_coeff_0_6_seed45.csv
train,0.6,79,-1,0.7855714285714286,219.1074625229334,26.38888888888889,0,0,8,4,259.7,23.47926199261993,283.1792619926199,-172.0,-838.74,-1010.74,84,57,46,50,51,dqn_penalty_sweep_coeff_0_6_seed45.csv
train,0.6,80,-1,0.7828571428571429,143.06780251801658,98.95833333333334,0,0,0,0,309.0,23.47926199261993,332.4792619926199,567.0,-786.8999999999999,-219.9,90,62,45,44,47,dqn_penalty_sweep_coeff_0_6_seed45.csv
train,0.6,81,-1,0.7801428571428571,120.26589427749738,76.73611111111111,42,2,0,0,265.20000000000005,23.47926199261993,288.67926199262,-669.0,-850.02,-1519.02,76,64,49,48,51,dqn_penalty_sweep_coeff_0_6_seed45.csv
train,0.6,82,-1,0.7774285714285715,143.60140039406153,84.02777777777779,4,1,0,0,232.2,23.47926199261993,255.67926199261996,315.0,-772.0799999999999,-457.0799999999999,85,65,50,48,40,dqn_penalty_sweep_coeff_0_6_seed45.csv
train,0.6,83,-1,0.7747142857142857,252.2661261592674,19.444444444444446,0,0,88,11,286.2,23.47926199261993,309.6792619926199,-1352.0,-840.9599999999999,-2192.96,70,59,67,48,44,dqn_penalty_sweep_coeff_0_6_seed45.csv
train,0.6,84,-1,0.772,96.45286994996064,55.55555555555556,110,2,0,0,265.4,23.47926199261993,288.8792619926199,-2502.0,-823.86,-3325.86,78,60,59,44,47,dqn_penalty_sweep_coeff_0_6_seed45.csv
train,0.6,85,-1,0.7692857142857144,133.4993893554132,62.15277777777778,42,3,0,0,277.7,23.47926199261993,301.1792619926199,-783.0,-786.4799999999999,-1569.48,89,56,53,46,44,dqn_penalty_sweep_coeff_0_6_seed45.csv
train,0.6,86,-1,0.7665714285714286,208.7497556359048,29.51388888888889,0,0,0,0,245.2,23.47926199261993,268.6792619926199,-33.0,-793.3199999999999,-826.3199999999999,81,59,55,55,38,dqn_penalty_sweep_coeff_0_6_seed45.csv
train,0.6,87,-1,0.7638571428571428,103.51500038729677,83.68055555555556,18,3,0,0,301.1,23.47926199261993,324.57926199261993,-84.0,-906.6,-990.6,67,57,50,64,50,dqn_penalty_sweep_coeff_0_6_seed45.csv
train,0.6,88,-1,0.7611428571428571,151.69997864626475,56.59722222222222,14,2,0,0,256.40000000000003,23.47926199261993,279.87926199261994,-168.0,-812.6399999999999,-980.64,80,60,62,38,48,dqn_penalty_sweep_coeff_0_6_seed45.csv
train,0.6,89,-1,0.7584285714285715,93.3544666113482,47.22222222222222,109,6,0,0,215.1,23.47926199261993,238.57926199262,-2589.0,-851.6999999999999,-3440.7,73,67,51,46,51,dqn_penalty_sweep_coeff_0_6_seed45.csv
train,0.6,90,-1,0.7557142857142858,146.0637063653989,65.27777777777779,6,1,0,0,252.00000000000003,23.47926199261993,275.47926199262,69.0,-788.2199999999999,-719.2199999999999,87,66,42,48,45,dqn_penalty_sweep_coeff_0_6_seed45.csv
train,0.6,91,-1,0.753,159.7961011080792,47.56944444444444,23,4,0,0,225.0,23.47926199261993,248.47926199261997,-471.0,-724.4399999999999,-1195.44,99,62,49,36,42,dqn_penalty_sweep_coeff_0_6_seed45.csv
train,0.6,92,-1,0.7502857142857143,86.18617264191221,45.83333333333333,143,4,0,0,241.2,23.47926199261993,264.6792619926199,-3363.0,-815.76,-4178.76,76,74,47,43,48,dqn_penalty_sweep_coeff_0_6_seed45.csv
train,0.6,93,-1,0.7475714285714286,155.34948779076302,48.26388888888889,27,2,0,0,264.1,23.47926199261993,287.57926199261993,-525.0,-852.54,-1377.54,78,48,59,58,45,dqn_penalty_sweep_coeff_0_6_seed45.csv
train,0.6,94,-1,0.7448571428571429,202.3052246951555,33.33333333333333,0,0,7,1,286.8,23.47926199261993,310.2792619926199,-98.0,-775.98,-873.98,96,56,42,49,45,dqn_penalty_sweep_coeff_0_6_seed45.csv
train,0.6,95,-1,0.7421428571428572,176.05897821527333,50.34722222222222,0,0,0,0,281.7,23.47926199261993,305.1792619926199,147.0,-755.6999999999999,-608.7,86,57,55,59,31,dqn_penalty_sweep_coeff_0_6_seed45.csv
train,0.6,96,-1,0.7394285714285714,141.54274234190544,60.41666666666666,23,4,0,0,292.29999999999995,23.47926199261993,315.77926199261987,-429.0,-833.3999999999999,-1262.4,84,52,49,57,46,dqn_penalty_sweep_coeff_0_6_seed45.csv
train,0.6,97,-1,0.7367142857142857,221.5669309323196,33.33333333333333,0,0,59,5,252.8,23.47926199261993,276.2792619926199,-826.0,-750.8399999999999,-1576.84,95,51,56,48,38,dqn_penalty_sweep_coeff_0_6_seed45.csv
train,0.6,98,-1,0.734,159.48774860692845,60.41666666666666,0,0,0,0,278.0,23.47926199261993,301.4792619926199,234.0,-810.3599999999999,-576.3599999999999,98,46,42,52,50,dqn_penalty_sweep_coeff_0_6_seed45.csv
train,0.6,99,-1,0.7312857142857143,67.9186411155942,24.65277777777778,179,9,0,0,256.4,23.47926199261993,279.8792619926199,-4485.0,-974.64,-5459.639999999999,65,52,41,70,60,dqn_penalty_sweep_coeff_0_6_seed45.csv
eval,0.6,99,0,0.0,62.57839512550762,14.930555555555555,219,11,0,0,139.3,23.47926199261993,162.77926199261995,-5493.0,-827.6399999999999,-6320.639999999999,80,86,26,38,58,dqn_penalty_sweep_coeff_0_6_seed45.csv
eval,0.6,99,1,0.0,161.5977201229982,68.75,5,2,0,0,307.1,23.47926199261993,330.57926199261993,168.0,-615.0,-447.0,73,112,71,6,26,dqn_penalty_sweep_coeff_0_6_seed45.csv
eval,0.6,99,2,0.0,198.5900355856155,35.76388888888889,0,0,0,0,258.70000000000005,23.47926199261993,282.17926199262,21.0,-508.44,-487.44,110,84,68,8,18,dqn_penalty_sweep_coeff_0_6_seed45.csv
train,0.6,0,-1,1.0,156.2585262567416,30.20833333333333,46,2,0,0,296.40000000000003,23.47926199261993,319.87926199261994,-1158.0,-995.4,-2153.4,55,51,61,59,62,dqn_penalty_sweep_coeff_0_6_seed46.csv
train,0.6,1,-1,0.9972857142857144,242.5329242223967,14.583333333333334,0,0,22,8,268.1,23.47926199261993,291.57926199261993,-470.0,-955.1999999999998,-1425.2,61,61,41,69,56,dqn_penalty_sweep_coeff_0_6_seed46.csv
train,0.6,2,-1,0.9945714285714286,193.7978117092608,36.80555555555556,0,0,0,0,232.7,23.47926199261993,256.17926199262,30.0,-909.96,-879.9599999999999,52,72,63,51,50,dqn_penalty_sweep_coeff_0_6_seed46.csv
train,0.6,3,-1,0.9918571428571428,141.47307596981898,57.638888888888886,40,3,0,0,266.29999999999995,23.47926199261993,289.77926199261987,-798.0,-1038.96,-1836.96,47,57,57,59,68,dqn_penalty_sweep_coeff_0_6_seed46.csv
train,0.6,4,-1,0.9891428571428572,87.26493399333756,34.375,120,16,0,0,260.8,23.47926199261993,284.2792619926199,-3060.0,-894.8999999999999,-3954.900000000001,71,54,53,59,51,dqn_penalty_sweep_coeff_0_6_seed46.csv
train,0.6,5,-1,0.9864285714285714,173.30537260523812,59.02777777777778,0,0,0,0,296.3,23.47926199261993,319.7792619926199,222.0,-997.9199999999998,-775.92,43,63,61,65,56,dqn_penalty_sweep_coeff_0_6_seed46.csv
train,0.6,6,-1,0.9837142857142858,224.16729063955032,43.40277777777778,0,0,61,2,290.8,23.47926199261993,314.2792619926199,-767.0,-978.3,-1745.3,60,48,61,58,61,dqn_penalty_sweep_coeff_0_6_seed46.csv
train,0.6,7,-1,0.981,102.72737104412928,60.06944444444444,83,9,0,0,225.1,23.47926199261993,248.57926199262,-1833.0,-889.2,-2722.2,66,62,58,50,52,dqn_penalty_sweep_coeff_0_6_seed46.csv
train,0.6,8,-1,0.9782857142857144,150.43426106816054,88.88888888888889,0,0,0,0,274.9,23.47926199261993,298.3792619926199,480.0,-919.8,-439.8,61,59,62,52,54,dqn_penalty_sweep_coeff_0_6_seed46.csv
train,0.6,9,-1,0.9755714285714284,87.67737302560188,39.93055555555556,107,20,0,0,299.29999999999995,23.47926199261993,322.77926199261987,-2706.0,-925.4399999999998,-3631.44,51,72,60,53,52,dqn_penalty_sweep_coeff_0_6_seed46.csv
train,0.6,10,-1,0.9728571428571428,184.61723984104955,41.66666666666667,0,0,0,0,276.4,23.47926199261993,299.8792619926199,72.0,-804.72,-732.7199999999999,82,66,51,41,48,dqn_penalty_sweep_coeff_0_6_seed46.csv
train,0.6,11,-1,0.9701428571428572,105.63969320880516,78.47222222222221,37,4,0,0,268.1,23.47926199261993,291.57926199261993,-573.0,-940.98,-1513.98,45,71,60,65,47,dqn_penalty_sweep_coeff_0_6_seed46.csv
train,0.6,12,-1,0.9674285714285714,133.76918437282757,77.43055555555556,1,1,0,0,295.2,23.47926199261993,318.6792619926199,318.0,-962.22,-644.2199999999999,58,69,47,49,65,dqn_penalty_sweep_coeff_0_6_seed46.csv
train,0.6,13,-1,0.9647142857142856,103.74392435615005,69.09722222222221,58,5,0,0,288.29999999999995,23.47926199261993,311.77926199261987,-1155.0,-957.66,-2112.66,61,60,57,45,65,dqn_penalty_sweep_coeff_0_6_seed46.csv
train,0.6,14,-1,0.962,91.20657336562884,55.90277777777778,98,10,0,0,263.6,23.47926199261993,287.07926199261993,-2244.0,-848.04,-3092.04,65,70,61,46,46,dqn_penalty_sweep_coeff_0_6_seed46.csv
train,0.6,15,-1,0.9592857142857144,118.286866932174,40.27777777777778,88,5,0,0,284.6,23.47926199261993,308.07926199261993,-2109.0,-906.3,-3015.3,62,64,50,63,49,dqn_penalty_sweep_coeff_0_6_seed46.csv
train,0.6,16,-1,0.9565714285714286,132.9590876782163,60.763888888888886,44,2,0,0,244.2,23.47926199261993,267.6792619926199,-882.0,-888.78,-1770.7799999999995,68,60,51,60,49,dqn_penalty_sweep_coeff_0_6_seed46.csv
train,0.6,17,-1,0.9538571428571428,189.49468857795796,37.5,0,0,17,1,299.1,23.47926199261993,322.57926199261993,-226.0,-946.14,-1172.14,56,55,65,59,53,dqn_penalty_sweep_coeff_0_6_seed46.csv
train,0.6,18,-1,0.9511428571428572,121.6219170720404,96.875,3,1,0,0,285.79999999999995,23.47926199261993,309.27926199261987,462.0,-971.4,-509.3999999999999,58,47,67,58,58,dqn_penalty_sweep_coeff_0_6_seed46.csv
train,0.6,19,-1,0.9484285714285714,100.10527058942002,41.31944444444444,129,9,0,0,318.5,23.47926199261993,341.9792619926199,-3108.0,-911.58,-4019.58,75,55,48,49,61,dqn_penalty_sweep_coeff_0_6_seed46.csv
train,0.6,20,-1,0.9457142857142856,85.58223872816748,47.56944444444444,83,10,0,0,253.1,23.47926199261993,276.57926199261993,-2073.0,-941.46,-3014.46,57,53,65,62,51,dqn_penalty_sweep_coeff_0_6_seed46.csv
train,0.6,21,-1,0.943,87.32349745234484,51.388888888888886,89,12,0,0,273.9,23.47926199261993,297.3792619926199,-2133.0,-900.78,-3033.78,53,65,55,78,37,dqn_penalty_sweep_coeff_0_6_seed46.csv
train,0.6,22,-1,0.9402857142857144,143.06588575309084,86.45833333333334,0,0,0,0,248.9,23.47926199261993,272.3792619926199,459.0,-882.8399999999999,-423.84,78,49,55,52,54,dqn_penalty_sweep_coeff_0_6_seed46.csv
train,0.6,23,-1,0.9375714285714286,81.24427637430523,46.52777777777778,135,2,0,0,272.9,23.47926199261993,296.3792619926199,-3183.0,-904.14,-4087.14,64,61,58,52,53,dqn_penalty_sweep_coeff_0_6_seed46.csv
train,0.6,24,-1,0.9348571428571428,105.45604604234256,79.51388888888889,16,4,0,0,189.7,23.47926199261993,213.17926199261996,-114.0,-804.54,-918.54,72,66,59,54,37,dqn_penalty_sweep_coeff_0_6_seed46.csv
train,0.6,25,-1,0.9321428571428572,163.9960888128174,50.34722222222222,3,1,0,0,281.9,23.47926199261993,305.3792619926199,33.0,-902.82,-869.8199999999999,73,58,43,59,55,dqn_penalty_sweep_coeff_0_6_seed46.csv
train,0.6,26,-1,0.9294285714285714,194.35020861602845,29.51388888888889,0,0,0,0,282.0,23.47926199261993,305.4792619926199,-33.0,-877.68,-910.68,80,52,51,49,56,dqn_penalty_sweep_coeff_0_6_seed46.csv
train,0.6,27,-1,0.9267142857142856,139.86071570622664,96.875,1,1,0,0,320.70000000000005,23.47926199261993,344.17926199262,513.0,-879.54,-366.5399999999999,74,54,61,44,55,dqn_penalty_sweep_coeff_0_6_seed46.csv
train,0.6,28,-1,0.924,272.62523462263584,4.861111111111112,0,0,105,8,299.2,23.47926199261993,322.6792619926199,-1716.0,-932.88,-2648.88,61,67,51,49,60,dqn_penalty_sweep_coeff_0_6_seed46.csv
train,0.6,29,-1,0.9212857142857144,132.29226055043029,76.04166666666666,10,5,0,0,268.1,23.47926199261993,291.57926199261993,51.0,-880.7399999999999,-829.74,66,68,51,52,51,dqn_penalty_sweep_coeff_0_6_seed46.csv
train,0.6,30,-1,0.9185714285714286,92.4276331184846,43.40277777777778,90,11,0,0,317.0,23.47926199261993,340.4792619926199,-2256.0,-947.94,-3203.9400000000005,74,39,60,52,63,dqn_penalty_sweep_coeff_0_6_seed46.csv
train,0.6,31,-1,0.9158571428571428,58.188396264198055,11.805555555555555,226,11,0,0,306.0,23.47926199261993,329.4792619926199,-5694.0,-932.16,-6626.16,65,65,44,54,60,dqn_penalty_sweep_coeff_0_6_seed46.csv
train,0.6,32,-1,0.9131428571428571,105.77794790046272,42.01388888888889,80,10,0,0,255.8,23.47926199261993,279.2792619926199,-1968.0,-993.36,-2961.36,52,55,60,61,60,dqn_penalty_sweep_coeff_0_6_seed46.csv
train,0.6,33,-1,0.9104285714285714,182.87785554424983,48.95833333333333,0,0,0,0,287.1,23.47926199261993,310.5792619926199,135.0,-868.02,-733.02,72,46,73,50,47,dqn_penalty_sweep_coeff_0_6_seed46.csv
train,0.6,34,-1,0.9077142857142856,158.35308218119366,76.73611111111111,0,0,0,0,278.1,23.47926199261993,301.57926199261993,375.0,-886.0799999999999,-511.0799999999999,75,64,46,43,60,dqn_penalty_sweep_coeff_0_6_seed46.csv
train,0.6,35,-1,0.905,190.7114264602632,25.694444444444443,0,0,0,0,277.1,23.47926199261993,300.5792619926199,-66.0,-855.1799999999998,-921.1799999999998,73,55,59,56,45,dqn_penalty_sweep_coeff_0_6_seed46.csv
train,0.6,36,-1,0.9022857142857142,100.07772186777387,48.26388888888889,74,13,0,0,239.2,23.47926199261993,262.6792619926199,-1806.0,-878.5799999999999,-2684.58,65,68,48,60,47,dqn_penalty_sweep_coeff_0_6_seed46.csv
train,0.6,37,-1,0.8995714285714286,159.60084909377986,72.56944444444444,0,0,0,0,285.1,23.47926199261993,308.57926199261993,336.0,-936.6,-600.5999999999999,71,49,49,61,58,dqn_penalty_sweep_coeff_0_6_seed46.csv
train,0.6,38,-1,0.8968571428571429,81.3078143158948,45.13888888888889,103,12,0,0,286.3,23.47926199261993,309.7792619926199,-2535.0,-870.18,-3405.18,76,57,56,44,55,dqn_penalty_sweep_coeff_0_6_seed46.csv
train,0.6,39,-1,0.8941428571428571,95.03348883096952,64.23611111111111,73,7,0,0,286.7,23.47926199261993,310.1792619926199,-1575.0,-941.9399999999998,-2516.94,61,64,49,55,59,dqn_penalty_sweep_coeff_0_6_seed46.csv
train,0.6,40,-1,0.8914285714285715,86.07092302007553,50.69444444444444,118,8,0,0,294.1,23.47926199261993,317.57926199261993,-2754.0,-932.46,-3686.46,65,77,32,49,65,dqn_penalty_sweep_coeff_0_6_seed46.csv
train,0.6,41,-1,0.8887142857142857,99.06318076667893,63.888888888888886,71,10,0,0,263.7,23.47926199261993,287.1792619926199,-1539.0,-968.82,-2507.82,62,63,46,50,67,dqn_penalty_sweep_coeff_0_6_seed46.csv
train,0.6,42,-1,0.886,249.90217835061557,0.6944444444444444,0,0,49,1,263.6,23.47926199261993,287.07926199261993,-968.0,-814.8599999999999,-1782.86,84,44,65,54,41,dqn_penalty_sweep_coeff_0_6_seed46.csv
train,0.6,43,-1,0.8832857142857142,87.7320490422967,59.375,70,11,0,0,249.9,23.47926199261993,273.3792619926199,-1596.0,-925.74,-2521.74,62,59,54,60,53,dqn_penalty_sweep_coeff_0_6_seed46.csv
train,0.6,44,-1,0.8805714285714286,148.8575039978092,71.875,7,2,0,0,288.4,23.47926199261993,311.8792619926199,144.0,-988.38,-844.38,61,54,42,70,61,dqn_penalty_sweep_coeff_0_6_seed46.csv
train,0.6,45,-1,0.8778571428571429,100.10201930548467,65.97222222222221,86,6,0,0,266.1,23.47926199261993,289.57926199261993,-1818.0,-884.4599999999999,-2702.46,76,50,56,53,53,dqn_penalty_sweep_coeff_0_6_seed46.csv
train,0.6,46,-1,0.8751428571428571,176.7208290154164,38.19444444444444,11,1,0,0,256.79999999999995,23.47926199261993,280.27926199261987,-237.0,-879.4199999999998,-1116.4199999999998,77,56,53,45,57,dqn_penalty_sweep_coeff_0_6_seed46.csv
train,0.6,47,-1,0.8724285714285714,95.6201859121834,64.93055555555556,66,8,0,0,288.4,23.47926199261993,311.8792619926199,-1404.0,-927.6,-2331.6,65,73,40,46,64,dqn_penalty_sweep_coeff_0_6_seed46.csv
train,0.6,48,-1,0.8697142857142857,152.42188709565258,90.2777777777778,0,0,0,0,263.6,23.47926199261993,287.07926199261993,492.0,-868.6199999999999,-376.6199999999999,70,58,61,50,49,dqn_penalty_sweep_coeff_0_6_seed46.csv
train,0.6,49,-1,0.867,222.7511381502765,18.055555555555557,0,0,0,0,303.0,23.47926199261993,326.4792619926199,-132.0,-892.3199999999999,-1024.32,74,57,50,51,56,dqn_penalty_sweep_coeff_0_6_seed46.csv
eval,0.6,49,0,0.0,70.42768109785163,25.694444444444443,140,24,0,0,196.7,23.47926199261993,220.17926199261996,-3648.0,-862.8,-4510.8,34,102,71,41,40,dqn_penalty_sweep_coeff_0_6_seed46.csv
eval,0.6,49,1,0.0,236.32146568921996,2.083333333333333,0,0,9,1,450.0,23.47926199261993,473.4792619926199,-396.0,-909.54,-1305.54,66,2,154,11,55,dqn_penalty_sweep_coeff_0_6_seed46.csv
eval,0.6,49,2,0.0,74.32244996565626,35.06944444444444,144,10,0,0,217.40000000000003,23.47926199261993,240.87926199262,-3570.0,-881.1599999999999,-4451.16,40,94,61,51,42,dqn_penalty_sweep_coeff_0_6_seed46.csv
train,0.6,50,-1,0.8642857142857143,99.49394882166337,52.77777777777778,87,7,0,0,300.0,23.47926199261993,323.4792619926199,-2034.0,-882.1799999999998,-2916.18,65,72,46,54,51,dqn_penalty_sweep_coeff_0_6_seed46.csv
train,0.6,51,-1,0.8615714285714285,161.04289838589432,52.083333333333336,1,1,0,0,288.0,23.47926199261993,311.4792619926199,102.0,-906.12,-804.12,72,51,54,57,54,dqn_penalty_sweep_coeff_0_6_seed46.csv
train,0.6,52,-1,0.8588571428571429,92.9338953238903,65.27777777777779,44,11,0,0,264.5,23.47926199261993,287.9792619926199,-948.0,-897.4199999999998,-1845.42,60,65,59,55,49,dqn_penalty_sweep_coeff_0_6_seed46.csv
train,0.6,53,-1,0.8561428571428571,165.51468672157296,65.97222222222221,0,0,0,0,299.9,23.47926199261993,323.3792619926199,282.0,-880.7399999999999,-598.74,66,68,51,52,51,dqn_penalty_sweep_coeff_0_6_seed46.csv
train,0.6,54,-1,0.8534285714285714,95.12837527506144,55.90277777777778,116,2,0,0,293.1,23.47926199261993,316.57926199261993,-2622.0,-911.7,-3533.7,65,67,44,57,55,dqn_penalty_sweep_coeff_0_6_seed46.csv
train,0.6,55,-1,0.8507142857142858,155.04447152720175,61.11111111111112,18,1,0,0,277.9,23.47926199261993,301.3792619926199,-198.0,-854.6999999999999,-1052.6999999999998,77,57,52,53,49,dqn_penalty_sweep_coeff_0_6_seed46.csv
train,0.6,56,-1,0.848,72.09025909260161,34.375,151,7,0,0,241.5,23.47926199261993,264.9792619926199,-3729.0,-885.2399999999999,-4614.24,63,69,53,53,50,dqn_penalty_sweep_coeff_0_6_seed46.csv
train,0.6,57,-1,0.8452857142857143,139.72411911226067,85.41666666666666,4,1,0,0,301.6,23.47926199261993,325.07926199261993,327.0,-785.4599999999999,-458.4599999999999,86,56,60,43,43,dqn_penalty_sweep_coeff_0_6_seed46.csv
train,0.6,58,-1,0.8425714285714285,200.76541483341285,26.73611111111111,0,0,0,0,261.3,23.47926199261993,284.7792619926199,-57.0,-880.6199999999999,-937.62,66,66,51,56,49,dqn_penalty_sweep_coeff_0_6_seed46.csv
train,0.6,59,-1,0.8398571428571429,263.8339635563341,7.986111111111111,0,0,96,2,309.1,23.47926199261993,332.5792619926199,-1563.0,-916.2,-2479.2,74,42,58,60,54,dqn_penalty_sweep_coeff_0_6_seed46.csv
train,0.6,60,-1,0.8371428571428572,152.66242847794695,82.63888888888889,0,0,0,0,273.5,23.47926199261993,296.9792619926199,426.0,-832.02,-406.02,91,43,48,59,47,dqn_penalty_sweep_coeff_0_6_seed46.csv
train,0.6,61,-1,0.8344285714285714,128.9845537680197,61.80555555555556,15,8,0,0,303.0,23.47926199261993,326.4792619926199,-243.0,-929.1,-1172.1,62,66,54,45,61,dqn_penalty_sweep_coeff_0_6_seed46.csv
train,0.6,62,-1,0.8317142857142857,182.2058640181696,52.083333333333336,0,0,0,0,267.7,23.47926199261993,291.1792619926199,162.0,-893.6999999999998,-731.6999999999998,74,45,61,57,51,dqn_penalty_sweep_coeff_0_6_seed46.csv
train,0.6,63,-1,0.829,216.6170923613582,29.51388888888889,0,0,33,8,305.1,23.47926199261993,328.57926199261993,-495.0,-858.78,-1353.78,77,62,48,48,53,dqn_penalty_sweep_coeff_0_6_seed46.csv
train,0.6,64,-1,0.8262857142857143,181.657780430214,45.13888888888889,0,0,0,0,277.9,23.47926199261993,301.3792619926199,99.0,-900.48,-801.4799999999999,68,59,51,58,52,dqn_penalty_sweep_coeff_0_6_seed46.csv
train,0.6,65,-1,0.8235714285714286,70.09574449021864,30.90277777777778,160,8,0,0,256.0,23.47926199261993,279.4792619926199,-3978.0,-925.86,-4903.860000000001,67,49,61,56,55,dqn_penalty_sweep_coeff_0_6_seed46.csv
train,0.6,66,-1,0.8208571428571428,175.37173571981734,59.02777777777778,0,0,0,0,311.1,23.47926199261993,334.57926199261993,222.0,-869.0999999999999,-647.0999999999999,81,55,50,45,57,dqn_penalty_sweep_coeff_0_6_seed46.csv
train,0.6,67,-1,0.8181428571428572,277.1563644184318,3.4722222222222223,0,0,114,9,277.3,23.47926199261993,300.7792619926199,-1854.0,-828.54,-2682.54,77,62,59,41,49,dqn_penalty_sweep_coeff_0_6_seed46.csv
train,0.6,68,-1,0.8154285714285714,191.7919163310252,37.5,0,0,0,0,299.8,23.47926199261993,323.2792619926199,36.0,-922.14,-886.14,77,47,50,53,61,dqn_penalty_sweep_coeff_0_6_seed46.csv
train,0.6,69,-1,0.8127142857142857,144.26089769617886,79.16666666666666,1,1,0,0,270.29999999999995,23.47926199261993,293.77926199261987,318.0,-830.1599999999999,-512.16,78,67,52,39,52,dqn_penalty_sweep_coeff_0_6_seed46.csv
train,0.6,70,-1,0.81,120.9027327005382,67.36111111111111,41,6,0,0,245.5,23.47926199261993,268.9792619926199,-762.0,-868.8,-1630.7999999999995,77,47,59,57,48,dqn_penalty_sweep_coeff_0_6_seed46.csv
train,0.6,71,-1,0.8072857142857143,237.5180296790818,11.11111111111111,0,0,20,7,275.5,23.47926199261993,298.9792619926199,-472.0,-892.0199999999999,-1364.02,69,57,55,56,51,dqn_penalty_sweep_coeff_0_6_seed46.csv
train,0.6,72,-1,0.8045714285714286,121.08110841836262,69.79166666666666,49,6,0,0,244.3,23.47926199261993,267.7792619926199,-942.0,-807.18,-1749.18,84,56,56,47,45,dqn_penalty_sweep_coeff_0_6_seed46.csv
train,0.6,73,-1,0.8018571428571428,91.81888385835995,54.16666666666666,95,10,0,0,285.20000000000005,23.47926199261993,308.67926199262,-2211.0,-919.32,-3130.32,61,58,64,51,54,dqn_penalty_sweep_coeff_0_6_seed46.csv
train,0.6,74,-1,0.7991428571428572,147.16472637576447,84.02777777777779,0,0,0,0,234.5,23.47926199261993,257.9792619926199,438.0,-849.8399999999999,-411.84,82,55,50,49,52,dqn_penalty_sweep_coeff_0_6_seed46.csv
train,0.6,75,-1,0.7964285714285715,128.74065640521368,85.06944444444444,0,0,0,0,253.00000000000003,23.47926199261993,276.47926199262,405.0,-793.1999999999998,-388.19999999999993,80,51,68,53,36,dqn_penalty_sweep_coeff_0_6_seed46.csv
train,0.6,76,-1,0.7937142857142857,149.9123477054149,78.81944444444444,0,0,0,0,318.70000000000005,23.47926199261993,342.17926199262,393.0,-917.46,-524.4599999999999,68,48,65,52,55,dqn_penalty_sweep_coeff_0_6_seed46.csv
train,0.6,77,-1,0.791,66.2678092342858,26.041666666666668,200,5,0,0,260.5,23.47926199261993,283.9792619926199,-4902.0,-961.5,-5863.5,62,60,52,49,65,dqn_penalty_sweep_coeff_0_6_seed46.csv
train,0.6,78,-1,0.7882857142857143,212.2873236340448,27.08333333333333,0,0,2,1,306.20000000000005,23.47926199261993,329.67926199262,-82.0,-924.3,-1006.3,73,45,56,57,57,dqn_penalty_sweep_coeff_0_6_seed46.csv
train,0.6,79,-1,0.7855714285714286,156.22092751801645,88.54166666666666,0,0,0,0,265.1,23.47926199261993,288.5792619926199,477.0,-785.76,-308.75999999999993,89,51,55,53,40,dqn_penalty_sweep_coeff_0_6_seed46.csv
train,0.6,80,-1,0.7828571428571429,123.82148219630191,78.81944444444444,41,2,0,0,259.5,23.47926199261993,282.9792619926199,-612.0,-814.56,-1426.56,84,53,55,52,44,dqn_penalty_sweep_coeff_0_6_seed46.csv
train,0.6,81,-1,0.7801428571428571,158.28143511628383,72.91666666666666,0,0,0,0,247.8,23.47926199261993,271.2792619926199,330.0,-795.18,-465.18,86,57,49,55,41,dqn_penalty_sweep_coeff_0_6_seed46.csv
train,0.6,82,-1,0.7774285714285715,239.18973727037843,24.305555555555557,0,0,52,1,284.0,23.47926199261993,307.4792619926199,-806.0,-837.1799999999998,-1643.1799999999998,82,54,54,49,49,dqn_penalty_sweep_coeff_0_6_seed46.csv
train,0.6,83,-1,0.7747142857142857,105.60174814306632,53.81944444444444,105,3,0,0,281.9,23.47926199261993,305.3792619926199,-2400.0,-870.8399999999999,-3270.84,70,60,58,50,50,dqn_penalty_sweep_coeff_0_6_seed46.csv
train,0.6,84,-1,0.772,141.25734525875225,63.888888888888886,34,3,0,0,290.7,23.47926199261993,314.1792619926199,-582.0,-861.54,-1443.54,68,61,62,50,47,dqn_penalty_sweep_coeff_0_6_seed46.csv
train,0.6,85,-1,0.7692857142857144,198.59767230257145,30.55555555555556,0,0,0,0,256.9,23.47926199261993,280.3792619926199,-24.0,-816.06,-840.0599999999998,86,55,54,44,49,dqn_penalty_sweep_coeff_0_6_seed46.csv
train,0.6,86,-1,0.7665714285714286,115.520035109519,92.01388888888889,0,0,0,0,294.9,23.47926199261993,318.3792619926199,459.0,-876.9,-417.8999999999999,75,51,51,64,47,dqn_penalty_sweep_coeff_0_6_seed46.csv
train,0.6,87,-1,0.7638571428571428,173.9235997230279,46.18055555555556,0,0,0,0,258.7,23.47926199261993,282.1792619926199,93.0,-812.8199999999999,-719.8199999999999,83,53,57,52,43,dqn_penalty_sweep_coeff_0_6_seed46.csv
train,0.6,88,-1,0.7611428571428571,87.53913926973682,43.75,115,7,0,0,249.2,23.47926199261993,272.6792619926199,-2787.0,-855.7199999999999,-3642.72,65,58,77,42,46,dqn_penalty_sweep_coeff_0_6_seed46.csv
train,0.6,89,-1,0.7584285714285715,131.1391860667242,56.25,40,4,0,0,316.0,23.47926199261993,339.4792619926199,-813.0,-837.8399999999999,-1650.84,85,55,56,36,56,dqn_penalty_sweep_coeff_0_6_seed46.csv
train,0.6,90,-1,0.7557142857142858,143.84543413854715,51.73611111111112,38,1,0,0,281.2,23.47926199261993,304.6792619926199,-804.0,-825.9599999999999,-1629.96,86,45,60,51,46,dqn_penalty_sweep_coeff_0_6_seed46.csv
train,0.6,91,-1,0.753,82.79035633689347,44.79166666666667,144,4,0,0,279.7,23.47926199261993,303.1792619926199,-3402.0,-801.96,-4203.96,88,49,55,54,42,dqn_penalty_sweep_coeff_0_6_seed46.csv
train,0.6,92,-1,0.7502857142857143,140.09748624644524,51.388888888888886,44,2,0,0,319.6,23.47926199261993,343.07926199261993,-942.0,-825.2399999999999,-1767.2399999999998,82,65,44,47,50,dqn_penalty_sweep_coeff_0_6_seed46.csv
train,0.6,93,-1,0.7475714285714286,199.07935663959992,38.88888888888889,0,0,7,1,240.3,23.47926199261993,263.7792619926199,-50.0,-761.2799999999999,-811.28,95,50,55,48,40,dqn_penalty_sweep_coeff_0_6_seed46.csv
train,0.6,94,-1,0.7448571428571429,183.61019349305104,45.13888888888889,0,0,0,0,258.6,23.47926199261993,282.07926199261993,102.0,-768.8399999999999,-666.8399999999999,85,74,40,47,42,dqn_penalty_sweep_coeff_0_6_seed46.csv
train,0.6,95,-1,0.7421428571428572,120.0736367330667,77.77777777777779,36,3,0,0,283.7,23.47926199261993,307.1792619926199,-555.0,-823.4999999999999,-1378.5,86,46,58,53,45,dqn_penalty_sweep_coeff_0_6_seed46.csv
train,0.6,96,-1,0.7394285714285714,209.12660936074795,44.44444444444444,0,0,42,5,263.4,23.47926199261993,286.8792619926199,-492.0,-787.68,-1279.6799999999998,87,64,44,49,44,dqn_penalty_sweep_coeff_0_6_seed46.csv
train,0.6,97,-1,0.7367142857142857,151.83844305137316,72.91666666666666,0,0,0,0,245.4,23.47926199261993,268.8792619926199,333.0,-861.9599999999999,-528.9599999999999,75,47,65,55,46,dqn_penalty_sweep_coeff_0_6_seed46.csv
train,0.6,98,-1,0.734,68.01970518788083,24.65277777777778,186,10,0,0,278.3,23.47926199261993,301.7792619926199,-4632.0,-934.62,-5566.62,59,63,57,52,57,dqn_penalty_sweep_coeff_0_6_seed46.csv
train,0.6,99,-1,0.7312857142857143,215.1790741681228,23.26388888888889,0,0,0,0,206.8,23.47926199261993,230.27926199261995,-87.0,-683.4599999999999,-770.4599999999999,104,53,56,44,31,dqn_penalty_sweep_coeff_0_6_seed46.csv
eval,0.6,99,0,0.0,98.7080848908841,70.83333333333334,42,6,0,0,360.8,23.47926199261993,384.2792619926199,-810.0,-637.5,-1447.5,95,94,55,3,41,dqn_penalty_sweep_coeff_0_6_seed46.csv
eval,0.6,99,1,0.0,85.74097535769239,51.388888888888886,137,1,0,0,284.29999999999995,23.47926199261993,307.77926199261987,-3141.0,-623.3399999999999,-3764.34,106,71,45,41,25,dqn_penalty_sweep_coeff_0_6_seed46.csv
eval,0.6,99,2,0.0,91.8918120620083,45.48611111111111,114,9,0,0,264.5,23.47926199261993,287.9792619926199,-2754.0,-565.4399999999999,-3319.44,122,63,55,20,28,dqn_penalty_sweep_coeff_0_6_seed46.csv
