phase,coeff,train_episode,eval_episode,epsilon,mean_glucose,time_in_range_percent,hypo_steps,hypo_events,severe_hyper_steps,severe_hyper_events,total_bolus_units,total_basal_units,total_insulin_units,sum_zone_reward,sum_insulin_penalty,total_reward,action_0_count,action_1_count,action_2_count,action_3_count,action_4_count,source
train,0.1,0,-1,1.0,184.1249228251039,33.68055555555556,0,0,0,0,285.8,23.47926199261993,309.2792619926199,3.0,-161.3,-158.3,59,63,53,47,66,dqn_penalty_sweep_coeff_0_1_seed42.csv
train,0.1,1,-1,0.9972857142857144,185.2038705995307,47.22222222222222,0,0,0,0,272.0,23.47926199261993,295.4792619926199,120.0,-162.54,-42.540000000000006,56,57,53,64,58,dqn_penalty_sweep_coeff_0_1_seed42.csv
train,0.1,2,-1,0.9945714285714286,187.1227236080792,50.0,0,0,0,0,280.6,23.47926199261993,304.07926199261993,144.0,-162.82,-18.819999999999965,52,61,56,61,58,dqn_penalty_sweep_coeff_0_1_seed42.csv
train,0.1,3,-1,0.9918571428571428,88.03212121717405,46.18055555555556,117,9,0,0,313.70000000000005,23.47926199261993,337.17926199262,-2811.0,-155.07,-2966.07,68,47,59,59,55,dqn_penalty_sweep_coeff_0_1_seed42.csv
train,0.1,4,-1,0.9891428571428572,148.99117647216843,45.83333333333333,42,2,0,0,336.50000000000006,23.47926199261993,359.97926199262,-930.0,-158.26999999999998,-1088.27,72,41,61,51,63,dqn_penalty_sweep_coeff_0_1_seed42.csv
train,0.1,5,-1,0.9864285714285714,232.41174366684095,18.75,0,0,5,1,304.70000000000005,23.47926199261993,328.17926199262,-196.0,-160.86,-356.86,55,58,53,68,54,dqn_penalty_sweep_coeff_0_1_seed42.csv
train,0.1,6,-1,0.9837142857142858,194.262221431483,35.06944444444444,0,0,0,0,236.2,23.47926199261993,259.6792619926199,15.0,-148.91,-133.91000000000005,69,60,56,48,55,dqn_penalty_sweep_coeff_0_1_seed42.csv
train,0.1,7,-1,0.981,152.25269547339806,53.81944444444444,35,2,0,0,283.1,23.47926199261993,306.57926199261993,-693.0,-149.32,-842.3200000000002,73,55,54,50,56,dqn_penalty_sweep_coeff_0_1_seed42.csv
train,0.1,8,-1,0.9782857142857144,90.39781595815008,36.80555555555556,109,10,0,0,253.7,23.47926199261993,277.17926199262,-2766.0,-159.85,-2925.85,42,75,61,57,53,dqn_penalty_sweep_coeff_0_1_seed42.csv
train,0.1,9,-1,0.9755714285714284,181.72256010523824,52.77777777777778,0,0,0,0,234.5,23.47926199261993,257.9792619926199,168.0,-164.06,3.9399999999999977,49,48,75,62,54,dqn_penalty_sweep_coeff_0_1_seed42.csv
train,0.1,10,-1,0.9728571428571428,222.2794715704812,46.18055555555556,0,0,65,3,287.5,23.47926199261993,310.9792619926199,-799.0,-163.94,-962.94,52,61,52,65,58,dqn_penalty_sweep_coeff_0_1_seed42.csv
train,0.1,11,-1,0.9701428571428572,105.6537232210643,60.06944444444444,75,7,0,0,272.1,23.47926199261993,295.57926199261993,-1665.0,-156.56,-1821.5600000000004,55,69,53,55,56,dqn_penalty_sweep_coeff_0_1_seed42.csv
train,0.1,12,-1,0.9674285714285714,156.87436523482722,85.76388888888889,0,0,0,0,246.4,23.47926199261993,269.87926199261994,453.0,-155.34,297.66,60,61,61,48,58,dqn_penalty_sweep_coeff_0_1_seed42.csv
train,0.1,13,-1,0.9647142857142856,89.18719731520791,43.05555555555556,95,14,0,0,260.5,23.47926199261993,283.9792619926199,-2400.0,-147.18,-2547.18,55,69,62,60,42,dqn_penalty_sweep_coeff_0_1_seed42.csv
train,0.1,14,-1,0.962,181.9828648410495,42.01388888888889,0,0,0,0,298.4,23.47926199261993,321.8792619926199,75.0,-160.34,-85.34,64,53,46,67,58,dqn_penalty_sweep_coeff_0_1_seed42.csv
train,0.1,15,-1,0.9592857142857144,95.2879516138317,70.48611111111111,60,5,0,0,269.4,23.47926199261993,292.8792619926199,-1194.0,-164.18,-1358.1800000000003,58,58,47,63,62,dqn_penalty_sweep_coeff_0_1_seed42.csv
train,0.1,16,-1,0.9565714285714286,150.39678853949428,74.30555555555556,0,0,0,0,290.3,23.47926199261993,313.7792619926199,339.0,-154.89,184.11,58,67,49,61,53,dqn_penalty_sweep_coeff_0_1_seed42.csv
train,0.1,17,-1,0.9538571428571428,99.31439409112352,61.80555555555556,72,4,0,0,256.9,23.47926199261993,280.3792619926199,-1563.0,-159.07,-1722.07,62,61,51,51,63,dqn_penalty_sweep_coeff_0_1_seed42.csv
train,0.1,18,-1,0.9511428571428572,92.30534683026605,55.208333333333336,103,9,0,0,286.6,23.47926199261993,310.07926199261993,-2361.0,-155.14,-2516.14,60,69,55,42,62,dqn_penalty_sweep_coeff_0_1_seed42.csv
train,0.1,19,-1,0.9484285714285714,123.60095300572068,43.05555555555556,79,4,0,0,239.2,23.47926199261993,262.67926199262,-1860.0,-149.76999999999998,-2009.77,61,70,47,61,49,dqn_penalty_sweep_coeff_0_1_seed42.csv
train,0.1,20,-1,0.9457142857142856,118.35282531500276,65.97222222222221,46,3,0,0,300.0,23.47926199261993,323.4792619926199,-906.0,-158.73,-1064.73,64,53,50,64,57,dqn_penalty_sweep_coeff_0_1_seed42.csv
train,0.1,21,-1,0.943,191.4912163557359,40.27777777777778,0,0,16,1,254.7,23.47926199261993,278.1792619926199,-164.0,-155.38,-319.38,60,65,54,51,58,dqn_penalty_sweep_coeff_0_1_seed42.csv
train,0.1,22,-1,0.9402857142857144,108.06915002748678,85.41666666666666,17,3,0,0,332.1,23.47926199261993,355.57926199261993,-30.0,-172.1,-202.1,51,52,55,64,66,dqn_penalty_sweep_coeff_0_1_seed42.csv
train,0.1,23,-1,0.9375714285714286,105.35123977638594,36.11111111111111,116,7,0,0,251.9,23.47926199261993,275.3792619926199,-2871.0,-148.85000000000002,-3019.85,61,76,47,51,53,dqn_penalty_sweep_coeff_0_1_seed42.csv
train,0.1,24,-1,0.9348571428571428,92.2324274854359,61.458333333333336,69,6,0,0,257.6,23.47926199261993,281.0792619926199,-1539.0,-151.82999999999998,-1690.8300000000002,60,60,56,65,47,dqn_penalty_sweep_coeff_0_1_seed42.csv
train,0.1,25,-1,0.9321428571428572,92.73742433320687,64.93055555555556,70,7,0,0,231.8,23.47926199261993,255.27926199261995,-1500.0,-153.54000000000002,-1653.54,63,60,54,57,54,dqn_penalty_sweep_coeff_0_1_seed42.csv
train,0.1,26,-1,0.9294285714285714,130.2427501174552,90.625,0,0,0,0,283.1,23.47926199261993,306.57926199261993,471.0,-156.82,314.18,57,65,57,51,58,dqn_penalty_sweep_coeff_0_1_seed42.csv
train,0.1,27,-1,0.9267142857142856,87.49679177462684,54.513888888888886,128,2,0,0,244.4,23.47926199261993,267.8792619926199,-2898.0,-154.46,-3052.46,55,69,57,53,54,dqn_penalty_sweep_coeff_0_1_seed42.csv
train,0.1,28,-1,0.924,95.71921747980473,68.05555555555556,54,7,0,0,221.7,23.47926199261993,245.17926199261996,-1110.0,-163.32999999999998,-1273.3300000000002,55,60,53,59,61,dqn_penalty_sweep_coeff_0_1_seed42.csv
train,0.1,29,-1,0.9212857142857144,150.92369297948417,45.83333333333333,16,4,0,0,262.3,23.47926199261993,285.7792619926199,-351.0,-161.39999999999998,-512.4000000000001,64,47,56,61,60,dqn_penalty_sweep_coeff_0_1_seed42.csv
train,0.1,30,-1,0.9185714285714286,189.05574227468705,37.15277777777778,0,0,0,0,276.6,23.47926199261993,300.0792619926199,33.0,-164.61,-131.61,53,57,59,58,61,dqn_penalty_sweep_coeff_0_1_seed42.csv
train,0.1,31,-1,0.9158571428571428,132.75272959511543,98.61111111111111,0,0,0,0,242.9,23.47926199261993,266.37926199261994,561.0,-159.89,401.11,63,58,47,59,61,dqn_penalty_sweep_coeff_0_1_seed42.csv
train,0.1,32,-1,0.9131428571428571,265.61829017819105,4.861111111111112,0,0,71,15,275.5,23.47926199261993,298.9792619926199,-1240.0,-146.81,-1386.8100000000002,79,43,62,51,53,dqn_penalty_sweep_coeff_0_1_seed42.csv
train,0.1,33,-1,0.9104285714285714,140.39798971709686,67.70833333333334,4,3,0,0,286.0,23.47926199261993,309.4792619926199,114.0,-153.52999999999997,-39.53000000000003,76,46,55,50,61,dqn_penalty_sweep_coeff_0_1_seed42.csv
train,0.1,34,-1,0.9077142857142856,88.05209551243337,41.31944444444444,109,9,0,0,231.4,23.47926199261993,254.87926199261997,-2706.0,-148.04,-2854.04,66,60,55,59,48,dqn_penalty_sweep_coeff_0_1_seed42.csv
train,0.1,35,-1,0.905,59.91324640580851,13.88888888888889,218,8,0,0,219.7,23.47926199261993,243.17926199261996,-5490.0,-153.36999999999998,-5643.369999999999,54,66,67,48,53,dqn_penalty_sweep_coeff_0_1_seed42.csv
train,0.1,36,-1,0.9022857142857142,113.489737228229,46.52777777777778,58,10,0,0,250.8,23.47926199261993,274.2792619926199,-1419.0,-146.49,-1565.49,61,71,57,50,49,dqn_penalty_sweep_coeff_0_1_seed42.csv
train,0.1,37,-1,0.8995714285714286,200.55615415536116,25.34722222222222,0,0,0,0,246.4,23.47926199261993,269.8792619926199,-69.0,-150.49,-219.49,69,57,52,57,53,dqn_penalty_sweep_coeff_0_1_seed42.csv
train,0.1,38,-1,0.8968571428571429,160.08381134786032,74.65277777777779,0,0,0,0,267.5,23.47926199261993,290.9792619926199,357.0,-137.25,219.75,73,66,52,56,41,dqn_penalty_sweep_coeff_0_1_seed42.csv
train,0.1,39,-1,0.8941428571428571,187.1227111824854,33.33333333333333,0,0,0,0,294.1,23.47926199261993,317.57926199261993,0.0,-140.69,-140.69000000000003,74,66,51,48,49,dqn_penalty_sweep_coeff_0_1_seed42.csv
train,0.1,40,-1,0.8914285714285715,89.4903488895823,32.29166666666667,122,11,0,0,299.2,23.47926199261993,322.6792619926199,-3099.0,-159.31,-3258.3099999999995,57,62,55,55,59,dqn_penalty_sweep_coeff_0_1_seed42.csv
train,0.1,41,-1,0.8887142857142857,147.47550187155755,84.72222222222221,6,2,0,0,296.0,23.47926199261993,319.4792619926199,273.0,-148.23000000000002,124.76999999999995,77,54,47,55,55,dqn_penalty_sweep_coeff_0_1_seed42.csv
train,0.1,42,-1,0.886,85.9648045806936,51.04166666666666,72,18,0,0,265.3,23.47926199261993,288.7792619926199,-1782.0,-146.36,-1928.36,77,49,57,53,52,dqn_penalty_sweep_coeff_0_1_seed42.csv
train,0.1,43,-1,0.8832857142857142,93.22255244639048,61.458333333333336,75,6,0,0,247.1,23.47926199261993,270.57926199261993,-1665.0,-155.86,-1820.86,69,41,62,62,54,dqn_penalty_sweep_coeff_0_1_seed42.csv
train,0.1,44,-1,0.8805714285714286,86.73183225274664,52.77777777777778,112,5,0,0,261.9,23.47926199261993,285.3792619926199,-2592.0,-147.57999999999998,-2739.5800000000004,64,72,52,46,54,dqn_penalty_sweep_coeff_0_1_seed42.csv
train,0.1,45,-1,0.8778571428571429,104.44811898588225,67.70833333333334,61,9,0,0,282.0,23.47926199261993,305.4792619926199,-1263.0,-161.48,-1424.48,57,62,49,60,60,dqn_penalty_sweep_coeff_0_1_seed42.csv
train,0.1,46,-1,0.8751428571428571,263.462421406171,0.0,0,0,71,7,245.8,23.47926199261993,269.2792619926199,-1282.0,-151.76999999999998,-1433.77,67,68,41,55,57,dqn_penalty_sweep_coeff_0_1_seed42.csv
train,0.1,47,-1,0.8724285714285714,83.71734344778014,57.638888888888886,75,7,0,0,278.5,23.47926199261993,301.9792619926199,-1731.0,-159.89999999999998,-1890.9,58,64,45,63,58,dqn_penalty_sweep_coeff_0_1_seed42.csv
train,0.1,48,-1,0.8697142857142857,145.52920538669818,82.29166666666666,4,1,0,0,288.6,23.47926199261993,312.07926199261993,309.0,-150.92,158.07999999999998,60,60,54,70,44,dqn_penalty_sweep_coeff_0_1_seed42.csv
train,0.1,49,-1,0.867,97.60348531409836,63.54166666666666,87,5,0,0,273.6,23.47926199261993,297.07926199261993,-1881.0,-147.13,-2028.13,60,66,59,58,45,dqn_penalty_sweep_coeff_0_1_seed42.csv
eval,0.1,49,0,0.0,103.40747931896348,74.30555555555556,25,5,0,0,284.8,23.47926199261993,308.2792619926199,-381.0,-181.02,-562.0200000000001,47,73,40,38,90,dqn_penalty_sweep_coeff_0_1_seed42.csv
eval,0.1,49,1,0.0,121.0663159534065,70.83333333333334,44,4,0,0,356.5,23.47926199261993,379.9792619926199,-813.0,-156.25,-969.25,82,74,16,35,81,dqn_penalty_sweep_coeff_0_1_seed42.csv
eval,0.1,49,2,0.0,86.8162241749113,30.20833333333333,131,14,0,0,217.8,23.47926199261993,241.27926199261992,-3318.0,-135.18,-3453.1800000000003,57,120,33,24,54,dqn_penalty_sweep_coeff_0_1_seed42.csv
train,0.1,50,-1,0.8642857142857143,179.90589845986088,41.31944444444444,0,0,0,0,237.6,23.47926199261993,261.0792619926199,48.0,-142.54,-94.54,74,62,53,49,50,dqn_penalty_sweep_coeff_0_1_seed42.csv
train,0.1,51,-1,0.8615714285714285,105.37826069047398,75.34722222222221,40,3,0,0,286.90000000000003,23.47926199261993,310.37926199261994,-672.0,-161.07,-833.0699999999999,39,74,70,50,55,dqn_penalty_sweep_coeff_0_1_seed42.csv
train,0.1,52,-1,0.8588571428571429,158.36129681787486,85.76388888888889,0,0,0,0,292.29999999999995,23.47926199261993,315.77926199261987,453.0,-162.36999999999998,290.63,69,41,51,66,61,dqn_penalty_sweep_coeff_0_1_seed42.csv
train,0.1,53,-1,0.8561428571428571,192.86971453916556,39.23611111111111,0,0,0,0,251.4,23.47926199261993,274.87926199261994,51.0,-145.06,-94.06,75,61,50,48,54,dqn_penalty_sweep_coeff_0_1_seed42.csv
train,0.1,54,-1,0.8534285714285714,93.39153664946724,50.0,105,9,0,0,271.2,23.47926199261993,294.6792619926199,-2460.0,-147.21,-2607.21,69,65,50,51,53,dqn_penalty_sweep_coeff_0_1_seed42.csv
train,0.1,55,-1,0.8507142857142858,164.62241227478322,46.18055555555556,1,1,0,0,256.40000000000003,23.47926199261993,279.87926199261994,48.0,-139.84,-91.84,73,66,55,46,48,dqn_penalty_sweep_coeff_0_1_seed42.csv
train,0.1,56,-1,0.848,84.18324542676936,54.16666666666666,99,9,0,0,318.7,23.47926199261993,342.1792619926199,-2295.0,-153.5,-2448.5,60,59,57,62,50,dqn_penalty_sweep_coeff_0_1_seed42.csv
train,0.1,57,-1,0.8452857142857143,160.1813533882396,72.22222222222221,0,0,0,0,292.70000000000005,23.47926199261993,316.17926199262,336.0,-157.65999999999997,178.34000000000003,63,52,53,66,54,dqn_penalty_sweep_coeff_0_1_seed42.csv
train,0.1,58,-1,0.8425714285714285,99.68840559962604,55.55555555555556,115,2,0,0,266.2,23.47926199261993,289.6792619926199,-2601.0,-142.33999999999995,-2743.34,74,56,57,55,46,dqn_penalty_sweep_coeff_0_1_seed42.csv
train,0.1,59,-1,0.8398571428571429,173.03823398436967,46.875,12,1,0,0,233.6,23.47926199261993,257.0792619926199,-177.0,-151.04000000000002,-328.04,66,52,65,53,52,dqn_penalty_sweep_coeff_0_1_seed42.csv
train,0.1,60,-1,0.8371428571428572,70.31312905283077,32.98611111111111,158,8,0,0,231.4,23.47926199261993,254.87926199261992,-3900.0,-152.63,-4052.63,50,73,65,49,51,dqn_penalty_sweep_coeff_0_1_seed42.csv
train,0.1,61,-1,0.8344285714285714,139.3206468900385,92.70833333333334,3,1,0,0,276.29999999999995,23.47926199261993,299.77926199261987,423.0,-152.43,270.57000000000005,63,61,58,51,55,dqn_penalty_sweep_coeff_0_1_seed42.csv
train,0.1,62,-1,0.8317142857142857,188.65829677785743,40.27777777777778,0,0,0,0,267.3,23.47926199261993,290.7792619926199,60.0,-160.91,-100.90999999999995,62,49,58,60,59,dqn_penalty_sweep_coeff_0_1_seed42.csv
train,0.1,63,-1,0.829,278.7620862617617,4.513888888888888,0,0,125,1,244.3,23.47926199261993,267.7792619926199,-1999.0,-154.55999999999997,-2153.56,62,51,65,58,52,dqn_penalty_sweep_coeff_0_1_seed42.csv
train,0.1,64,-1,0.8262857142857143,133.93636340291533,87.5,17,1,0,0,301.3,23.47926199261993,324.7792619926199,51.0,-157.32000000000002,-106.32,67,56,47,58,60,dqn_penalty_sweep_coeff_0_1_seed42.csv
train,0.1,65,-1,0.8235714285714286,133.3652829346864,68.40277777777779,4,2,0,0,243.2,23.47926199261993,266.6792619926199,123.0,-151.26000000000002,-28.26000000000002,56,63,62,61,46,dqn_penalty_sweep_coeff_0_1_seed42.csv
train,0.1,66,-1,0.8208571428571428,183.69961401816968,49.65277777777778,0,0,0,0,279.4,23.47926199261993,302.8792619926199,141.0,-164.46,-23.46,56,53,60,57,62,dqn_penalty_sweep_coeff_0_1_seed42.csv
train,0.1,67,-1,0.8181428571428572,191.51466180580255,51.04166666666666,0,0,1,1,320.9,23.47926199261993,344.3792619926199,139.0,-153.91,-14.909999999999997,73,52,48,56,59,dqn_penalty_sweep_coeff_0_1_seed42.csv
train,0.1,68,-1,0.8154285714285714,159.26107904132516,51.04166666666666,18,1,0,0,279.2,23.47926199261993,302.6792619926199,-291.0,-142.41000000000005,-433.4100000000001,75,55,61,48,49,dqn_penalty_sweep_coeff_0_1_seed42.csv
train,0.1,69,-1,0.8127142857142857,74.4301660700421,36.11111111111111,149,8,0,0,209.2,23.47926199261993,232.67926199261996,-3657.0,-141.18,-3798.18,63,70,53,64,38,dqn_penalty_sweep_coeff_0_1_seed42.csv
train,0.1,70,-1,0.81,195.98716521180933,45.13888888888889,0,0,12,2,258.3,23.47926199261993,281.7792619926199,-66.0,-150.44,-216.44000000000003,67,61,49,59,52,dqn_penalty_sweep_coeff_0_1_seed42.csv
train,0.1,71,-1,0.8072857142857143,283.0008088628763,4.166666666666666,0,0,139,7,256.7,23.47926199261993,280.1792619926199,-2198.0,-139.33999999999995,-2337.34,62,69,57,66,34,dqn_penalty_sweep_coeff_0_1_seed42.csv
train,0.1,72,-1,0.8045714285714286,176.52542327546968,50.0,0,0,0,0,342.90000000000003,23.47926199261993,366.37926199262,144.0,-169.81,-25.80999999999997,59,46,57,57,69,dqn_penalty_sweep_coeff_0_1_seed42.csv
train,0.1,73,-1,0.8018571428571428,134.183293529512,79.51388888888889,5,3,0,0,319.29999999999995,23.47926199261993,342.77926199261987,198.0,-171.32999999999998,26.670000000000016,55,41,57,74,61,dqn_penalty_sweep_coeff_0_1_seed42.csv
train,0.1,74,-1,0.7991428571428572,110.33942841090284,62.15277777777778,79,6,0,0,291.1,23.47926199261993,314.57926199261993,-1686.0,-164.93,-1850.93,52,62,52,61,61,dqn_penalty_sweep_coeff_0_1_seed42.csv
train,0.1,75,-1,0.7964285714285715,211.9638630124149,19.791666666666664,0,0,0,0,305.8,23.47926199261993,329.2792619926199,-117.0,-161.37,-278.37,65,57,38,67,61,dqn_penalty_sweep_coeff_0_1_seed42.csv
train,0.1,76,-1,0.7937142857142857,112.93792793453754,65.97222222222221,70,11,0,0,274.5,23.47926199261993,297.9792619926199,-1467.0,-143.51999999999998,-1610.52,81,55,53,43,56,dqn_penalty_sweep_coeff_0_1_seed42.csv
train,0.1,77,-1,0.791,90.91461287364044,54.86111111111112,87,11,0,0,253.5,23.47926199261993,276.9792619926199,-2031.0,-153.04,-2184.04,68,54,49,65,52,dqn_penalty_sweep_coeff_0_1_seed42.csv
train,0.1,78,-1,0.7882857142857143,139.80899720909778,92.70833333333334,0,0,0,0,298.6,23.47926199261993,322.07926199261993,510.0,-148.54999999999998,361.4500000000001,76,45,57,59,51,dqn_penalty_sweep_coeff_0_1_seed42.csv
train,0.1,79,-1,0.7855714285714286,126.05263557188036,88.54166666666666,4,1,0,0,299.20000000000005,23.47926199261993,322.67926199262,339.0,-163.04,175.95999999999998,62,52,47,67,60,dqn_penalty_sweep_coeff_0_1_seed42.csv
train,0.1,80,-1,0.7828571428571429,162.3249227804899,75.0,0,0,0,0,275.1,23.47926199261993,298.57926199261993,360.0,-148.16,211.84,77,54,49,52,56,dqn_penalty_sweep_coeff_0_1_seed42.csv
train,0.1,81,-1,0.7801428571428571,64.38716453508333,25.34722222222222,199,5,0,0,320.6,23.47926199261993,344.07926199261993,-4893.0,-169.57999999999998,-5062.58,56,54,47,65,66,dqn_penalty_sweep_coeff_0_1_seed42.csv
train,0.1,82,-1,0.7774285714285715,215.1631916896003,27.08333333333333,0,0,6,2,284.0,23.47926199261993,307.4792619926199,-138.0,-157.38,-295.38,68,61,39,58,62,dqn_penalty_sweep_coeff_0_1_seed42.csv
train,0.1,83,-1,0.7747142857142857,153.46519835134995,91.31944444444444,0,0,0,0,237.0,23.47926199261993,260.4792619926199,501.0,-154.76999999999998,346.23,68,45,67,51,57,dqn_penalty_sweep_coeff_0_1_seed42.csv
train,0.1,84,-1,0.772,114.56921075186648,73.61111111111111,44,3,0,0,299.5,23.47926199261993,322.9792619926199,-783.0,-157.91,-940.91,68,58,51,44,67,dqn_penalty_sweep_coeff_0_1_seed42.csv
train,0.1,85,-1,0.7692857142857144,151.6831712273949,79.86111111111111,1,1,0,0,308.9,23.47926199261993,332.3792619926199,360.0,-163.45999999999998,196.54,64,57,42,59,66,dqn_penalty_sweep_coeff_0_1_seed42.csv
train,0.1,86,-1,0.7665714285714286,232.30362615926708,24.305555555555557,0,0,48,1,249.40000000000003,23.47926199261993,272.87926199261994,-750.0,-140.78,-890.78,79,56,49,58,46,dqn_penalty_sweep_coeff_0_1_seed42.csv
train,0.1,87,-1,0.7638571428571428,105.728521175188,55.55555555555556,101,4,0,0,252.0,23.47926199261993,275.4792619926199,-2286.0,-147.35000000000002,-2433.35,61,66,59,55,47,dqn_penalty_sweep_coeff_0_1_seed42.csv
train,0.1,88,-1,0.7611428571428571,122.15612186149548,63.19444444444444,47,4,0,0,351.70000000000005,23.47926199261993,375.17926199262,-918.0,-152.54000000000002,-1070.54,72,49,59,50,58,dqn_penalty_sweep_coeff_0_1_seed42.csv
train,0.1,89,-1,0.7584285714285715,200.2162486914603,32.29166666666667,0,0,0,0,334.20000000000005,23.47926199261993,357.67926199262,-9.0,-162.54000000000002,-171.54,59,61,52,50,66,dqn_penalty_sweep_coeff_0_1_seed42.csv
train,0.1,90,-1,0.7557142857142858,112.09868094285224,92.70833333333334,9,2,0,0,321.1,23.47926199261993,344.57926199261993,270.0,-162.35,107.65000000000003,59,56,49,65,59,dqn_penalty_sweep_coeff_0_1_seed42.csv
train,0.1,91,-1,0.753,167.63748861191675,49.30555555555556,1,1,0,0,265.8,23.47926199261993,289.2792619926199,87.0,-138.07999999999998,-51.080000000000005,78,53,63,50,44,dqn_penalty_sweep_coeff_0_1_seed42.csv
train,0.1,92,-1,0.7502857142857143,83.70910759815739,37.15277777777778,126,9,0,0,278.1,23.47926199261993,301.57926199261993,-3126.0,-149.11999999999998,-3275.12,75,47,49,69,48,dqn_penalty_sweep_coeff_0_1_seed42.csv
train,0.1,93,-1,0.7475714285714286,142.46177474627984,63.19444444444444,11,5,0,0,327.5,23.47926199261993,350.9792619926199,-81.0,-147.28,-228.28000000000003,71,49,63,57,48,dqn_penalty_sweep_coeff_0_1_seed42.csv
train,0.1,94,-1,0.7448571428571429,146.55352139544843,50.34722222222222,46,3,0,0,312.8,23.47926199261993,336.2792619926199,-987.0,-164.99,-1151.9900000000002,63,43,51,72,59,dqn_penalty_sweep_coeff_0_1_seed42.csv
train,0.1,95,-1,0.7421428571428572,86.33235778772479,45.83333333333333,144,4,0,0,296.9,23.47926199261993,320.3792619926199,-3384.0,-150.93,-3534.93,64,50,62,67,45,dqn_penalty_sweep_coeff_0_1_seed42.csv
train,0.1,96,-1,0.7394285714285714,159.90695372023964,47.56944444444444,18,3,0,0,280.0,23.47926199261993,303.4792619926199,-336.0,-151.76,-487.7600000000001,71,56,49,56,56,dqn_penalty_sweep_coeff_0_1_seed42.csv
train,0.1,97,-1,0.7367142857142857,198.7302246951556,37.5,0,0,6,1,295.6,23.47926199261993,319.07926199261993,-48.0,-158.14,-206.14000000000004,69,52,49,56,62,dqn_penalty_sweep_coeff_0_1_seed42.csv
train,0.1,98,-1,0.734,166.90741571527326,65.97222222222221,0,0,0,0,333.2,23.47926199261993,356.6792619926199,282.0,-146.81,135.19,75,61,49,46,57,dqn_penalty_sweep_coeff_0_1_seed42.csv
train,0.1,99,-1,0.7312857142857143,135.85996112318665,69.44444444444444,29,6,0,0,293.29999999999995,23.47926199261993,316.77926199261987,-477.0,-152.3,-629.3,64,61,54,55,54,dqn_penalty_sweep_coeff_0_1_seed42.csv
eval,0.1,99,0,0.0,69.1944487863497,32.29166666666667,181,4,0,0,373.5,23.47926199261993,396.9792619926199,-4395.0,-153.64999999999998,-4548.65,86,13,49,99,41,dqn_penalty_sweep_coeff_0_1_seed42.csv
eval,0.1,99,1,0.0,136.57381308466924,54.16666666666666,46,8,0,0,394.1,23.47926199261993,417.57926199261993,-978.0,-119.3,-1097.3000000000002,140,24,36,30,58,dqn_penalty_sweep_coeff_0_1_seed42.csv
eval,0.1,99,2,0.0,143.6768288320998,76.38888888888889,0,0,0,0,437.5,23.47926199261993,460.9792619926199,354.0,-114.22,239.78,149,32,23,22,62,dqn_penalty_sweep_coeff_0_1_seed42.csv
train,0.1,0,-1,1.0,192.42123171064188,30.90277777777778,0,0,0,0,273.40000000000003,23.47926199261993,296.87926199261994,-21.0,-155.36,-176.36,56,60,63,57,52,dqn_penalty_sweep_coeff_0_1_seed43.csv
train,0.1,1,-1,0.9972857142857144,165.1298416636348,70.83333333333334,0,0,0,0,368.0,23.47926199261993,391.4792619926199,324.0,-169.46,154.54000000000002,53,52,52,69,62,dqn_penalty_sweep_coeff_0_1_seed43.csv
train,0.1,2,-1,0.9945714285714286,81.65086821185207,41.66666666666667,131,13,0,0,300.0,23.47926199261993,323.4792619926199,-3183.0,-166.4,-3349.4,62,52,49,57,68,dqn_penalty_sweep_coeff_0_1_seed43.csv
train,0.1,3,-1,0.9918571428571428,152.827567556001,37.5,42,2,0,0,266.5,23.47926199261993,289.9792619926199,-1002.0,-156.72,-1158.72,63,56,53,60,56,dqn_penalty_sweep_coeff_0_1_seed43.csv
train,0.1,4,-1,0.9891428571428572,241.67042422239624,17.36111111111111,0,0,23,9,260.4,23.47926199261993,283.8792619926199,-460.0,-148.95999999999998,-608.96,70,57,53,56,52,dqn_penalty_sweep_coeff_0_1_seed43.csv
train,0.1,5,-1,0.9864285714285714,185.16100615370507,46.52777777777778,0,0,0,0,269.6,23.47926199261993,293.07926199261993,114.0,-155.72,-41.72,60,64,44,68,52,dqn_penalty_sweep_coeff_0_1_seed43.csv
train,0.1,6,-1,0.9837142857142858,139.37608226558828,55.90277777777778,39,4,0,0,270.3,23.47926199261993,293.7792619926199,-810.0,-152.58999999999995,-962.59,63,63,47,64,51,dqn_penalty_sweep_coeff_0_1_seed43.csv
train,0.1,7,-1,0.981,91.77423219529958,43.75,92,11,0,0,242.2,23.47926199261993,265.67926199262,-2295.0,-141.57999999999998,-2436.58,66,72,54,50,46,dqn_penalty_sweep_coeff_0_1_seed43.csv
train,0.1,8,-1,0.9782857142857144,181.52967816079385,55.55555555555556,0,0,0,0,261.2,23.47926199261993,284.6792619926199,192.0,-145.96,46.03999999999999,67,61,51,65,44,dqn_penalty_sweep_coeff_0_1_seed43.csv
train,0.1,9,-1,0.9755714285714284,211.5719668953749,51.04166666666666,0,0,55,2,248.2,23.47926199261993,271.6792619926199,-617.0,-155.05,-772.0500000000001,52,61,68,58,49,dqn_penalty_sweep_coeff_0_1_seed43.csv
train,0.1,10,-1,0.9728571428571428,89.9524707839237,53.47222222222222,89,10,0,0,257.6,23.47926199261993,281.07926199261993,-2088.0,-152.39,-2240.3900000000003,54,73,55,55,51,dqn_penalty_sweep_coeff_0_1_seed43.csv
train,0.1,11,-1,0.9701428571428572,152.6023166237161,90.625,0,0,0,0,264.20000000000005,23.47926199261993,287.67926199262,495.0,-153.64,341.36,57,76,53,42,60,dqn_penalty_sweep_coeff_0_1_seed43.csv
train,0.1,12,-1,0.9674285714285714,89.90758737254977,42.01388888888889,103,16,0,0,270.9,23.47926199261993,294.3792619926199,-2583.0,-155.98000000000002,-2738.98,50,65,65,58,50,dqn_penalty_sweep_coeff_0_1_seed43.csv
train,0.1,13,-1,0.9647142857142856,182.98859400771627,44.44444444444444,0,0,0,0,282.5,23.47926199261993,305.9792619926199,96.0,-151.16,-55.16,65,58,50,67,48,dqn_penalty_sweep_coeff_0_1_seed43.csv
train,0.1,14,-1,0.962,102.93226511613425,75.0,42,6,0,0,291.7,23.47926199261993,315.1792619926199,-738.0,-146.63,-884.6300000000001,65,60,68,44,51,dqn_penalty_sweep_coeff_0_1_seed43.csv
train,0.1,15,-1,0.9592857142857144,145.17317742838307,76.38888888888889,0,0,0,0,284.79999999999995,23.47926199261993,308.27926199261987,360.0,-161.43,198.57,62,52,58,53,63,dqn_penalty_sweep_coeff_0_1_seed43.csv
train,0.1,16,-1,0.9565714285714286,93.6534858962206,64.23611111111111,79,4,0,0,298.6,23.47926199261993,322.07926199261993,-1701.0,-153.23,-1854.23,66,61,54,48,59,dqn_penalty_sweep_coeff_0_1_seed43.csv
train,0.1,17,-1,0.9538571428571428,91.51628662232352,54.16666666666666,100,9,0,0,270.7,23.47926199261993,294.1792619926199,-2316.0,-153.57,-2469.57,55,71,62,43,57,dqn_penalty_sweep_coeff_0_1_seed43.csv
train,0.1,18,-1,0.9511428571428572,122.86971494199904,43.05555555555556,80,5,2,1,239.50000000000003,23.47926199261993,262.97926199262,-1918.0,-151.17,-2069.17,64,60,58,53,53,dqn_penalty_sweep_coeff_0_1_seed43.csv
train,0.1,19,-1,0.9484285714285714,118.345360037225,61.458333333333336,51,6,0,0,290.29999999999995,23.47926199261993,313.77926199261987,-1086.0,-154.94,-1240.9400000000005,62,61,57,50,58,dqn_penalty_sweep_coeff_0_1_seed43.csv
train,0.1,20,-1,0.9457142857142856,209.5742024668469,38.19444444444444,0,0,24,1,279.8,23.47926199261993,303.2792619926199,-294.0,-155.45,-449.45,58,67,47,63,53,dqn_penalty_sweep_coeff_0_1_seed43.csv
train,0.1,21,-1,0.943,120.62400040537366,95.13888888888889,3,1,0,0,305.4,23.47926199261993,328.8792619926199,438.0,-152.13,285.87,65,57,64,45,57,dqn_penalty_sweep_coeff_0_1_seed43.csv
train,0.1,22,-1,0.9402857142857144,96.5315016019175,40.27777777777778,130,9,0,0,250.8,23.47926199261993,274.2792619926199,-3153.0,-153.95999999999998,-3306.96,64,59,62,43,60,dqn_penalty_sweep_coeff_0_1_seed43.csv
train,0.1,23,-1,0.9375714285714286,86.63268734650134,43.05555555555556,92,17,0,0,299.1,23.47926199261993,322.57926199261993,-2340.0,-153.73000000000002,-2493.73,65,63,48,55,57,dqn_penalty_sweep_coeff_0_1_seed43.csv
train,0.1,24,-1,0.9348571428571428,90.05128119157354,62.15277777777778,68,9,0,0,242.5,23.47926199261993,265.9792619926199,-1503.0,-159.02999999999997,-1662.0300000000002,53,66,60,50,59,dqn_penalty_sweep_coeff_0_1_seed43.csv
train,0.1,25,-1,0.9321428571428572,135.13181261745524,92.01388888888889,0,0,0,0,309.40000000000003,23.47926199261993,332.87926199261994,504.0,-155.07,348.93,65,50,62,56,55,dqn_penalty_sweep_coeff_0_1_seed43.csv
train,0.1,26,-1,0.9294285714285714,86.87115347185042,51.04166666666666,129,1,0,0,257.9,23.47926199261993,281.3792619926199,-2979.0,-147.95999999999998,-3126.96,67,58,63,48,52,dqn_penalty_sweep_coeff_0_1_seed43.csv
train,0.1,27,-1,0.9267142857142856,118.49354604234269,94.44444444444444,1,1,0,0,224.9,23.47926199261993,248.37926199261997,459.0,-165.25,293.75,52,59,56,60,61,dqn_penalty_sweep_coeff_0_1_seed43.csv
train,0.1,28,-1,0.924,152.4646652017064,45.48611111111111,16,4,0,0,256.6,23.47926199261993,280.07926199261993,-351.0,-148.29,-499.2900000000001,65,58,55,65,45,dqn_penalty_sweep_coeff_0_1_seed43.csv
train,0.1,29,-1,0.9212857142857144,188.0024655604728,38.19444444444444,0,0,0,0,282.5,23.47926199261993,305.9792619926199,42.0,-149.16,-107.16,74,52,57,49,56,dqn_penalty_sweep_coeff_0_1_seed43.csv
train,0.1,30,-1,0.9185714285714286,105.258741827694,86.11111111111111,18,1,0,0,327.90000000000003,23.47926199261993,351.37926199261994,-36.0,-167.86999999999998,-203.87,52,55,57,61,63,dqn_penalty_sweep_coeff_0_1_seed43.csv
train,0.1,31,-1,0.9158571428571428,269.5399915670801,4.861111111111112,0,0,100,10,247.9,23.47926199261993,271.37926199261994,-1646.0,-164.85000000000002,-1810.85,66,47,54,52,69,dqn_penalty_sweep_coeff_0_1_seed43.csv
train,0.1,32,-1,0.9131428571428571,139.79310670908887,79.86111111111111,0,0,0,0,271.0,23.47926199261993,294.4792619926199,369.0,-157.42000000000002,211.58,58,68,47,57,58,dqn_penalty_sweep_coeff_0_1_seed43.csv
train,0.1,33,-1,0.9104285714285714,89.35620283696906,42.36111111111111,112,9,0,0,237.4,23.47926199261993,260.8792619926199,-2742.0,-144.7,-2886.7,70,58,63,47,50,dqn_penalty_sweep_coeff_0_1_seed43.csv
train,0.1,34,-1,0.9077142857142856,59.96723723500362,13.88888888888889,219,8,0,0,244.0,23.47926199261993,267.4792619926199,-5511.0,-144.59,-5655.59,62,69,54,60,43,dqn_penalty_sweep_coeff_0_1_seed43.csv
train,0.1,35,-1,0.905,105.37200331975684,33.68055555555556,91,10,0,0,220.8,23.47926199261993,244.27926199261995,-2334.0,-146.13,-2480.13,68,63,53,55,49,dqn_penalty_sweep_coeff_0_1_seed43.csv
train,0.1,36,-1,0.9022857142857142,191.4302860998054,38.54166666666667,0,0,0,0,251.8,23.47926199261993,275.2792619926199,45.0,-138.18,-93.18,73,68,54,47,46,dqn_penalty_sweep_coeff_0_1_seed43.csv
train,0.1,37,-1,0.8995714285714286,163.18624190341583,75.69444444444444,0,0,0,0,257.3,23.47926199261993,280.7792619926199,366.0,-146.73000000000002,219.27000000000004,62,59,60,66,41,dqn_penalty_sweep_coeff_0_1_seed43.csv
train,0.1,38,-1,0.8968571428571429,185.27566257137423,35.41666666666667,0,0,0,0,276.1,23.47926199261993,299.57926199261993,18.0,-140.14,-122.14,81,53,58,46,50,dqn_penalty_sweep_coeff_0_1_seed43.csv
train,0.1,39,-1,0.8941428571428571,89.39015511761573,37.5,126,13,0,0,263.3,23.47926199261993,286.7792619926199,-3111.0,-156.69,-3267.69,63,60,55,49,61,dqn_penalty_sweep_coeff_0_1_seed43.csv
train,0.1,40,-1,0.8914285714285715,170.28696020489093,58.68055555555556,0,0,0,0,268.4,23.47926199261993,291.8792619926199,219.0,-146.74,72.26000000000002,71,51,58,62,46,dqn_penalty_sweep_coeff_0_1_seed43.csv
train,0.1,41,-1,0.8887142857142857,87.35872046529754,58.333333333333336,67,14,0,0,253.8,23.47926199261993,277.2792619926199,-1551.0,-162.27,-1713.2700000000002,63,65,37,56,67,dqn_penalty_sweep_coeff_0_1_seed43.csv
train,0.1,42,-1,0.886,92.9305242907382,63.19444444444444,73,5,0,0,260.2,23.47926199261993,283.6792619926199,-1593.0,-151.98,-1744.9800000000002,60,75,42,57,54,dqn_penalty_sweep_coeff_0_1_seed43.csv
train,0.1,43,-1,0.8832857142857142,87.6856235610624,55.90277777777778,113,4,0,0,283.4,23.47926199261993,306.8792619926199,-2559.0,-149.22,-2708.2200000000003,70,55,59,50,54,dqn_penalty_sweep_coeff_0_1_seed43.csv
train,0.1,44,-1,0.8805714285714286,108.14971914877574,72.91666666666666,45,6,0,0,244.5,23.47926199261993,267.9792619926199,-837.0,-144.73,-981.73,68,63,58,50,49,dqn_penalty_sweep_coeff_0_1_seed43.csv
train,0.1,45,-1,0.8778571428571429,255.03967835061545,3.8194444444444446,0,0,55,4,254.8,23.47926199261993,278.2792619926199,-1025.0,-146.8,-1171.8000000000002,69,52,65,54,48,dqn_penalty_sweep_coeff_0_1_seed43.csv
train,0.1,46,-1,0.8751428571428571,94.76095912469148,64.93055555555556,48,11,0,0,240.1,23.47926199261993,263.57926199261993,-1038.0,-160.01999999999998,-1198.0200000000002,48,65,63,58,54,dqn_penalty_sweep_coeff_0_1_seed43.csv
train,0.1,47,-1,0.8724285714285714,161.46236510892038,66.31944444444444,0,0,0,0,254.6,23.47926199261993,278.07926199261993,267.0,-143.11,123.89,70,60,60,51,47,dqn_penalty_sweep_coeff_0_1_seed43.csv
train,0.1,48,-1,0.8697142857142857,99.78878022316492,64.23611111111111,87,5,0,0,273.4,23.47926199261993,296.8792619926199,-1869.0,-165.95,-2034.95,53,58,56,58,63,dqn_penalty_sweep_coeff_0_1_seed43.csv
train,0.1,49,-1,0.867,165.1196137376387,55.90277777777778,10,1,0,0,306.30000000000007,23.47926199261993,329.77926199262,-51.0,-151.94,-202.94,71,60,52,43,62,dqn_penalty_sweep_coeff_0_1_seed43.csv
eval,0.1,49,0,0.0,167.9704648360706,70.48611111111111,0,0,0,0,235.6,23.47926199261993,259.0792619926199,321.0,-146.65999999999997,174.34000000000003,91,2,11,182,2,dqn_penalty_sweep_coeff_0_1_seed43.csv
eval,0.1,49,1,0.0,252.823686064647,20.48611111111111,0,0,121,4,174.8,23.47926199261993,198.27926199261995,-1805.0,-103.81,-1908.81,148,0,18,117,5,dqn_penalty_sweep_coeff_0_1_seed43.csv
eval,0.1,49,2,0.0,188.13093781791247,28.125,0,0,0,0,217.7,23.47926199261993,241.17926199261996,-45.0,-130.42,-175.41999999999996,112,2,12,160,2,dqn_penalty_sweep_coeff_0_1_seed43.csv
train,0.1,50,-1,0.8642857142857143,101.9864254871614,70.83333333333334,46,4,0,0,238.0,23.47926199261993,261.4792619926199,-873.0,-158.43,-1031.43,53,69,50,61,55,dqn_penalty_sweep_coeff_0_1_seed43.csv
train,0.1,51,-1,0.8615714285714285,142.21509436542243,92.36111111111111,0,0,0,0,320.0,23.47926199261993,343.4792619926199,504.0,-168.07,335.92999999999995,58,41,64,62,63,dqn_penalty_sweep_coeff_0_1_seed43.csv
train,0.1,52,-1,0.8588571428571429,219.23568676138763,18.40277777777778,0,0,0,0,259.0,23.47926199261993,282.4792619926199,-129.0,-132.95999999999998,-261.96000000000004,78,66,59,41,44,dqn_penalty_sweep_coeff_0_1_seed43.csv
train,0.1,53,-1,0.8561428571428571,101.22380443543824,56.59722222222222,78,8,0,0,278.9,23.47926199261993,302.3792619926199,-1779.0,-152.74,-1931.74,65,62,55,48,58,dqn_penalty_sweep_coeff_0_1_seed43.csv
train,0.1,54,-1,0.8534285714285714,152.24637060811656,59.72222222222222,8,3,0,0,300.29999999999995,23.47926199261993,323.77926199261987,6.0,-149.74,-143.74,58,63,55,70,42,dqn_penalty_sweep_coeff_0_1_seed43.csv
train,0.1,55,-1,0.8507142857142858,78.1894226538673,41.31944444444444,114,9,0,0,272.5,23.47926199261993,295.9792619926199,-2832.0,-142.18,-2974.1800000000003,68,74,50,46,50,dqn_penalty_sweep_coeff_0_1_seed43.csv
train,0.1,56,-1,0.848,159.4282283882396,63.54166666666666,0,0,0,0,304.2,23.47926199261993,327.6792619926199,225.0,-160.38,64.62,65,49,57,55,62,dqn_penalty_sweep_coeff_0_1_seed43.csv
train,0.1,57,-1,0.8452857142857143,94.8913898423243,51.73611111111112,120,2,0,0,310.0,23.47926199261993,333.4792619926199,-2778.0,-154.16,-2932.16,73,56,49,46,64,dqn_penalty_sweep_coeff_0_1_seed43.csv
train,0.1,58,-1,0.8425714285714285,164.33728230683133,55.55555555555556,14,1,0,0,263.4,23.47926199261993,286.8792619926199,-147.0,-144.51999999999998,-291.52,64,74,49,53,48,dqn_penalty_sweep_coeff_0_1_seed43.csv
train,0.1,59,-1,0.8398571428571429,72.3279130342729,35.41666666666667,150,5,0,0,232.6,23.47926199261993,256.07926199261993,-3690.0,-154.23999999999998,-3844.24,51,72,60,53,52,dqn_penalty_sweep_coeff_0_1_seed43.csv
train,0.1,60,-1,0.8371428571428572,134.5548266280072,88.54166666666666,8,3,0,0,273.70000000000005,23.47926199261993,297.17926199262,228.0,-142.54000000000002,85.45999999999998,75,61,59,39,54,dqn_penalty_sweep_coeff_0_1_seed43.csv
train,0.1,61,-1,0.8344285714285714,196.9162828889685,34.02777777777778,0,0,0,0,286.1,23.47926199261993,309.57926199261993,6.0,-155.78,-149.77999999999997,74,42,61,49,62,dqn_penalty_sweep_coeff_0_1_seed43.csv
train,0.1,62,-1,0.8317142857142857,259.65660238645575,7.986111111111111,0,0,96,2,248.4,23.47926199261993,271.87926199261994,-1563.0,-151.09,-1714.09,61,48,80,50,49,dqn_penalty_sweep_coeff_0_1_seed43.csv
train,0.1,63,-1,0.829,132.9489201934756,85.41666666666666,18,1,0,0,336.1,23.47926199261993,359.57926199261993,9.0,-148.99,-139.99000000000007,70,60,60,39,59,dqn_penalty_sweep_coeff_0_1_seed43.csv
train,0.1,64,-1,0.8262857142857143,122.11024821246424,62.15277777777778,25,9,0,0,306.0,23.47926199261993,329.4792619926199,-498.0,-160.13,-658.13,58,59,58,52,61,dqn_penalty_sweep_coeff_0_1_seed43.csv
train,0.1,65,-1,0.8235714285714286,178.09527374039192,55.55555555555556,0,0,0,0,302.5,23.47926199261993,325.9792619926199,192.0,-158.95,33.05000000000001,61,50,66,52,59,dqn_penalty_sweep_coeff_0_1_seed43.csv
train,0.1,66,-1,0.8208571428571428,182.89174513913588,53.125,0,0,0,0,284.0,23.47926199261993,307.4792619926199,171.0,-168.94,2.0600000000000023,53,49,66,54,66,dqn_penalty_sweep_coeff_0_1_seed43.csv
train,0.1,67,-1,0.8181428571428572,171.33694709688064,49.65277777777778,0,0,0,0,263.3,23.47926199261993,286.7792619926199,114.0,-146.68,-32.680000000000014,79,44,52,65,48,dqn_penalty_sweep_coeff_0_1_seed43.csv
train,0.1,68,-1,0.8154285714285714,70.98239133870402,30.90277777777778,159,8,0,0,291.6,23.47926199261993,315.07926199261993,-3957.0,-166.73000000000002,-4123.73,55,57,53,58,65,dqn_penalty_sweep_coeff_0_1_seed43.csv
train,0.1,69,-1,0.8127142857142857,200.2448259975951,42.70833333333333,0,0,15,1,255.8,23.47926199261993,279.2792619926199,-129.0,-154.03,-283.03000000000003,73,50,51,55,59,dqn_penalty_sweep_coeff_0_1_seed43.csv
train,0.1,70,-1,0.81,278.14924636287617,3.4722222222222223,0,0,117,9,278.3,23.47926199261993,301.7792619926199,-1896.0,-143.83999999999995,-2039.84,73,46,68,57,44,dqn_penalty_sweep_coeff_0_1_seed43.csv
train,0.1,71,-1,0.8072857142857143,177.0252496643586,47.56944444444444,0,0,0,0,271.9,23.47926199261993,295.3792619926199,123.0,-148.8,-25.80000000000001,77,41,55,67,48,dqn_penalty_sweep_coeff_0_1_seed43.csv
train,0.1,72,-1,0.8045714285714286,133.16124491840097,75.0,13,5,0,0,263.4,23.47926199261993,286.8792619926199,-30.0,-155.69,-185.68999999999997,67,47,63,54,57,dqn_penalty_sweep_coeff_0_1_seed43.csv
train,0.1,73,-1,0.8018571428571428,128.7453366934254,78.81944444444444,16,5,0,0,268.4,23.47926199261993,291.8792619926199,-63.0,-141.36,-204.36,69,61,62,52,44,dqn_penalty_sweep_coeff_0_1_seed43.csv
train,0.1,74,-1,0.7991428571428572,228.09077273463723,14.23611111111111,0,0,5,3,248.9,23.47926199261993,272.37926199261994,-235.0,-134.88,-369.88,91,49,53,47,48,dqn_penalty_sweep_coeff_0_1_seed43.csv
train,0.1,75,-1,0.7964285714285715,114.10725165355858,65.27777777777779,58,7,0,0,290.4,23.47926199261993,313.8792619926199,-1230.0,-144.99,-1374.9899999999998,69,67,51,50,51,dqn_penalty_sweep_coeff_0_1_seed43.csv
train,0.1,76,-1,0.7937142857142857,93.98369622176776,58.68055555555556,82,13,0,0,246.8,23.47926199261993,270.2792619926199,-1860.0,-147.99,-2007.99,62,59,66,54,47,dqn_penalty_sweep_coeff_0_1_seed43.csv
train,0.1,77,-1,0.791,134.56559443132016,86.80555555555556,1,1,0,0,253.3,23.47926199261993,276.7792619926199,399.0,-148.61,250.39,61,66,65,43,53,dqn_penalty_sweep_coeff_0_1_seed43.csv
train,0.1,78,-1,0.7882857142857143,117.72937168299148,77.43055555555556,12,4,0,0,227.0,23.47926199261993,250.47926199261997,-36.0,-141.19,-177.1900000000001,71,63,59,48,47,dqn_penalty_sweep_coeff_0_1_seed43.csv
train,0.1,79,-1,0.7855714285714286,171.94645055826768,64.58333333333334,0,0,0,0,260.7,23.47926199261993,284.1792619926199,270.0,-147.56,122.44,77,43,63,53,52,dqn_penalty_sweep_coeff_0_1_seed43.csv
train,0.1,80,-1,0.7828571428571429,65.56460255333265,25.34722222222222,199,5,0,0,300.20000000000005,23.47926199261993,323.67926199262,-4893.0,-175.32999999999998,-5068.33,52,45,58,64,69,dqn_penalty_sweep_coeff_0_1_seed43.csv
train,0.1,81,-1,0.7801428571428571,236.25694168959976,18.75,0,0,26,2,230.6,23.47926199261993,254.07926199261996,-490.0,-137.06,-627.06,84,50,59,49,46,dqn_penalty_sweep_coeff_0_1_seed43.csv
train,0.1,82,-1,0.7774285714285715,156.78273307357227,87.15277777777779,0,0,0,0,218.5,23.47926199261993,241.97926199261997,465.0,-141.91000000000005,323.09000000000003,76,53,67,41,51,dqn_penalty_sweep_coeff_0_1_seed43.csv
train,0.1,83,-1,0.7747142857142857,127.9727705705184,77.08333333333334,38,2,0,0,255.5,23.47926199261993,278.9792619926199,-561.0,-146.92,-707.9200000000001,67,59,58,56,48,dqn_penalty_sweep_coeff_0_1_seed43.csv
train,0.1,84,-1,0.772,152.58729410026777,72.56944444444444,1,1,0,0,251.9,23.47926199261993,275.37926199261994,297.0,-157.4,139.6,59,58,58,57,56,dqn_penalty_sweep_coeff_0_1_seed43.csv
train,0.1,85,-1,0.7692857142857144,227.9506747703783,28.125,0,0,42,2,322.6,23.47926199261993,346.07926199261993,-633.0,-156.92,-789.92,70,41,59,62,56,dqn_penalty_sweep_coeff_0_1_seed43.csv
train,0.1,86,-1,0.7665714285714286,98.95993498323124,54.86111111111112,113,2,0,0,245.1,23.47926199261993,268.57926199261993,-2571.0,-157.57999999999998,-2728.58,62,59,51,58,58,dqn_penalty_sweep_coeff_0_1_seed43.csv
train,0.1,87,-1,0.7638571428571428,132.71348909969552,69.44444444444444,36,3,0,0,259.3,23.47926199261993,282.7792619926199,-579.0,-150.07999999999998,-729.0800000000002,68,52,63,53,52,dqn_penalty_sweep_coeff_0_1_seed43.csv
train,0.1,88,-1,0.7611428571428571,215.1160750803491,25.34722222222222,0,0,0,0,266.2,23.47926199261993,289.6792619926199,-69.0,-147.55999999999997,-216.56,80,47,48,61,52,dqn_penalty_sweep_coeff_0_1_seed43.csv
train,0.1,89,-1,0.7584285714285715,112.32993094285222,92.36111111111111,1,1,0,0,269.0,23.47926199261993,292.4792619926199,435.0,-133.26,301.74,79,53,67,51,38,dqn_penalty_sweep_coeff_0_1_seed43.csv
train,0.1,90,-1,0.7557142857142858,154.65238126331104,54.16666666666666,13,1,0,0,272.3,23.47926199261993,295.7792619926199,-165.0,-155.19,-320.19000000000005,71,49,47,66,55,dqn_penalty_sweep_coeff_0_1_seed43.csv
train,0.1,91,-1,0.753,90.90307737155916,45.48611111111111,117,7,0,0,236.4,23.47926199261993,259.8792619926199,-2787.0,-145.33999999999995,-2932.34,74,62,50,48,54,dqn_penalty_sweep_coeff_0_1_seed43.csv
train,0.1,92,-1,0.7502857142857143,161.99131053206574,65.97222222222221,0,0,0,0,247.4,23.47926199261993,270.87926199261994,270.0,-143.66,126.34,70,52,63,61,42,dqn_penalty_sweep_coeff_0_1_seed43.csv
train,0.1,93,-1,0.7475714285714286,131.37867506308277,60.06944444444444,50,1,0,0,302.6,23.47926199261993,326.07926199261993,-990.0,-156.87,-1146.87,66,47,58,62,55,dqn_penalty_sweep_coeff_0_1_seed43.csv
train,0.1,94,-1,0.7448571428571429,80.0590921891732,43.40277777777778,149,6,0,0,283.5,23.47926199261993,306.9792619926199,-3531.0,-143.78,-3674.78,76,58,50,54,50,dqn_penalty_sweep_coeff_0_1_seed43.csv
train,0.1,95,-1,0.7421428571428572,144.37876743226633,53.125,34,2,0,0,272.3,23.47926199261993,295.7792619926199,-663.0,-144.52999999999997,-807.5300000000001,81,58,46,46,57,dqn_penalty_sweep_coeff_0_1_seed43.csv
train,0.1,96,-1,0.7394285714285714,220.0041830284889,22.22222222222222,0,0,47,4,222.6,23.47926199261993,246.07926199261996,-754.0,-141.82,-895.82,74,53,64,51,46,dqn_penalty_sweep_coeff_0_1_seed43.csv
train,0.1,97,-1,0.7367142857142857,168.30602682638445,65.97222222222221,0,0,0,0,243.5,23.47926199261993,266.9792619926199,282.0,-147.35000000000002,134.64999999999998,71,49,68,49,51,dqn_penalty_sweep_coeff_0_1_seed43.csv
train,0.1,98,-1,0.734,133.97423007964318,71.52777777777779,28,6,0,0,243.5,23.47926199261993,266.9792619926199,-441.0,-148.04999999999998,-589.05,79,41,61,54,53,dqn_penalty_sweep_coeff_0_1_seed43.csv
train,0.1,99,-1,0.7312857142857143,214.75095871009728,41.66666666666667,0,0,54,6,284.0,23.47926199261993,307.4792619926199,-684.0,-147.64999999999998,-831.65,77,52,56,46,57,dqn_penalty_sweep_coeff_0_1_seed43.csv
eval,0.1,99,0,0.0,121.71405144456804,76.04166666666666,8,3,0,0,288.4,23.47926199261993,311.8792619926199,27.0,-116.49,-89.49000000000004,97,59,66,29,37,dqn_penalty_sweep_coeff_0_1_seed43.csv
eval,0.1,99,1,0.0,177.4831372351021,53.125,0,0,0,0,316.3,23.47926199261993,339.7792619926199,171.0,-76.27,94.73,161,33,56,15,23,dqn_penalty_sweep_coeff_0_1_seed43.csv
eval,0.1,99,2,0.0,70.99894500715847,24.305555555555557,150,17,0,0,201.2,23.47926199261993,224.67926199261996,-3882.0,-112.86,-3994.86,84,122,15,25,42,dqn_penalty_sweep_coeff_0_1_seed43.csv
train,0.1,0,-1,1.0,183.07185555252352,58.333333333333336,0,0,0,0,267.3,23.47926199261993,290.7792619926199,216.0,-161.91,54.09000000000002,58,55,55,61,59,dqn_penalty_sweep_coeff_0_1_seed44.csv
train,0.1,1,-1,0.9972857142857144,86.58476566350483,43.75,131,10,0,0,288.6,23.47926199261993,312.07926199261993,-3147.0,-159.64999999999998,-3306.65,57,54,57,67,53,dqn_penalty_sweep_coeff_0_1_seed44.csv
train,0.1,2,-1,0.9945714285714286,159.41332972985668,29.86111111111111,42,2,0,0,302.1,23.47926199261993,325.5792619926199,-1068.0,-156.73,-1224.73,63,57,53,58,57,dqn_penalty_sweep_coeff_0_1_seed44.csv
train,0.1,3,-1,0.9918571428571428,237.10045894461848,16.319444444444446,0,0,10,2,292.19999999999993,23.47926199261993,315.67926199261984,-287.0,-148.17,-435.17,65,60,52,66,45,dqn_penalty_sweep_coeff_0_1_seed44.csv
train,0.1,4,-1,0.9891428571428572,185.98635337592728,40.27777777777778,0,0,0,0,302.79999999999995,23.47926199261993,326.27926199261987,60.0,-164.23000000000002,-104.23,55,59,55,56,63,dqn_penalty_sweep_coeff_0_1_seed44.csv
train,0.1,5,-1,0.9864285714285714,142.9942120001357,60.763888888888886,36,2,0,0,301.1,23.47926199261993,324.57926199261993,-663.0,-170.2,-833.2000000000002,44,58,60,66,60,dqn_penalty_sweep_coeff_0_1_seed44.csv
train,0.1,6,-1,0.9837142857142858,88.61572316600417,32.63888888888889,118,16,0,0,264.5,23.47926199261993,287.9792619926199,-3033.0,-151.12,-3184.12,67,59,50,60,52,dqn_penalty_sweep_coeff_0_1_seed44.csv
train,0.1,7,-1,0.981,176.86578927190487,57.638888888888886,0,0,0,0,271.2,23.47926199261993,294.6792619926199,210.0,-149.88,60.120000000000005,55,59,73,57,44,dqn_penalty_sweep_coeff_0_1_seed44.csv
train,0.1,8,-1,0.9782857142857144,223.6005217211395,46.18055555555556,0,0,76,5,273.3,23.47926199261993,296.7792619926199,-953.0,-161.57,-1114.57,54,53,67,57,57,dqn_penalty_sweep_coeff_0_1_seed44.csv
train,0.1,9,-1,0.9755714285714284,95.77881300552222,57.638888888888886,89,8,0,0,301.5,23.47926199261993,324.9792619926199,-2007.0,-170.04,-2177.0399999999995,46,61,64,49,68,dqn_penalty_sweep_coeff_0_1_seed44.csv
train,0.1,10,-1,0.9728571428571428,160.30769856816062,85.41666666666666,0,0,0,0,240.1,23.47926199261993,263.57926199261993,450.0,-147.66,302.34000000000003,68,55,63,52,50,dqn_penalty_sweep_coeff_0_1_seed44.csv
train,0.1,11,-1,0.9701428571428572,102.79319811942504,65.97222222222221,66,4,0,0,287.5,23.47926199261993,310.9792619926199,-1377.0,-161.65,-1538.65,59,56,62,46,65,dqn_penalty_sweep_coeff_0_1_seed44.csv
train,0.1,12,-1,0.9674285714285714,173.38564261882732,55.208333333333336,0,0,0,0,285.6,23.47926199261993,309.07926199261993,189.0,-160.33,28.669999999999987,58,58,52,63,57,dqn_penalty_sweep_coeff_0_1_seed44.csv
train,0.1,13,-1,0.9647142857142856,91.49069482784334,63.19444444444444,76,11,0,0,260.3,23.47926199261993,283.7792619926199,-1656.0,-150.33,-1806.3300000000004,61,63,57,58,49,dqn_penalty_sweep_coeff_0_1_seed44.csv
train,0.1,14,-1,0.962,159.38585103949436,72.56944444444444,0,0,0,0,242.8,23.47926199261993,266.2792619926199,330.0,-156.51,173.48999999999998,58,61,57,57,55,dqn_penalty_sweep_coeff_0_1_seed44.csv
train,0.1,15,-1,0.9592857142857144,99.23215499848652,64.93055555555556,67,5,0,0,248.0,23.47926199261993,271.4792619926199,-1416.0,-156.8,-1572.7999999999995,63,57,51,61,56,dqn_penalty_sweep_coeff_0_1_seed44.csv
train,0.1,16,-1,0.9565714285714286,89.56984070390831,53.125,105,6,0,0,253.1,23.47926199261993,276.57926199261993,-2439.0,-160.86,-2599.86,56,50,64,64,54,dqn_penalty_sweep_coeff_0_1_seed44.csv
train,0.1,17,-1,0.9538571428571428,118.1308808544527,38.19444444444444,102,5,1,1,269.1,23.47926199261993,292.57926199261993,-2453.0,-143.13,-2596.13,71,68,54,42,53,dqn_penalty_sweep_coeff_0_1_seed44.csv
train,0.1,18,-1,0.9511428571428572,116.0504569307521,56.59722222222222,61,7,0,0,277.1,23.47926199261993,300.5792619926199,-1371.0,-150.59,-1521.5899999999997,65,57,59,56,51,dqn_penalty_sweep_coeff_0_1_seed44.csv
train,0.1,19,-1,0.9484285714285714,214.87267193876576,38.88888888888889,0,0,28,2,209.0,23.47926199261993,232.47926199261997,-344.0,-142.11999999999998,-486.12,65,71,53,55,44,dqn_penalty_sweep_coeff_0_1_seed44.csv
train,0.1,20,-1,0.9457142857142856,108.22013734359014,88.19444444444444,10,2,0,0,267.4,23.47926199261993,290.8792619926199,165.0,-160.66,4.340000000000003,62,52,52,64,58,dqn_penalty_sweep_coeff_0_1_seed44.csv
train,0.1,21,-1,0.943,104.17019526974192,35.76388888888889,120,9,0,0,251.3,23.47926199261993,274.7792619926199,-2961.0,-152.36,-3113.36,56,61,65,58,48,dqn_penalty_sweep_coeff_0_1_seed44.csv
train,0.1,22,-1,0.9402857142857144,81.86167403027531,42.36111111111111,96,11,0,0,327.6,23.47926199261993,351.07926199261993,-2436.0,-168.95999999999998,-2604.96,57,54,57,48,72,dqn_penalty_sweep_coeff_0_1_seed44.csv
train,0.1,23,-1,0.9375714285714286,98.61812146935137,71.52777777777779,50,7,0,0,278.7,23.47926199261993,302.1792619926199,-966.0,-146.42,-1112.42,67,72,41,58,50,dqn_penalty_sweep_coeff_0_1_seed44.csv
train,0.1,24,-1,0.9348571428571428,154.25004178412186,69.09722222222221,0,0,0,0,270.70000000000005,23.47926199261993,294.17926199262,309.0,-155.02,153.98000000000002,66,58,58,44,62,dqn_penalty_sweep_coeff_0_1_seed44.csv
train,0.1,25,-1,0.9321428571428572,85.20412607602265,52.77777777777778,129,1,0,0,276.7,23.47926199261993,300.1792619926199,-2949.0,-153.56,-3102.56,59,66,58,49,56,dqn_penalty_sweep_coeff_0_1_seed44.csv
train,0.1,26,-1,0.9294285714285714,110.04927520900932,87.5,20,3,0,0,272.79999999999995,23.47926199261993,296.27926199261987,-60.0,-153.47,-213.47000000000003,67,49,57,64,51,dqn_penalty_sweep_coeff_0_1_seed44.csv
train,0.1,27,-1,0.9267142857142856,154.08289436837305,51.73611111111112,8,6,0,0,248.3,23.47926199261993,271.7792619926199,-81.0,-166.57999999999998,-247.58,54,50,56,70,58,dqn_penalty_sweep_coeff_0_1_seed44.csv
train,0.1,28,-1,0.924,171.709062782695,60.763888888888886,0,0,0,0,244.2,23.47926199261993,267.6792619926199,237.0,-154.09999999999997,82.90000000000002,68,48,52,70,50,dqn_penalty_sweep_coeff_0_1_seed44.csv
train,0.1,29,-1,0.9212857142857144,140.36609765067112,96.18055555555556,0,0,0,0,248.0,23.47926199261993,271.4792619926199,534.0,-142.54,391.46,86,50,48,50,54,dqn_penalty_sweep_coeff_0_1_seed44.csv
train,0.1,30,-1,0.9185714285714286,259.53964434485806,4.861111111111112,0,0,46,6,254.0,23.47926199261993,277.4792619926199,-890.0,-146.48000000000002,-1036.48,69,55,61,55,48,dqn_penalty_sweep_coeff_0_1_seed44.csv
train,0.1,31,-1,0.9158571428571428,159.52576749487466,66.31944444444444,0,0,0,0,216.8,23.47926199261993,240.27926199261992,285.0,-151.59,133.41,67,57,43,74,47,dqn_penalty_sweep_coeff_0_1_seed44.csv
train,0.1,32,-1,0.9131428571428571,92.45032385800052,42.01388888888889,98,11,0,0,306.4,23.47926199261993,329.8792619926199,-2448.0,-164.59,-2612.59,50,58,55,70,55,dqn_penalty_sweep_coeff_0_1_seed44.csv
train,0.1,33,-1,0.9104285714285714,58.487874656553686,11.458333333333332,224,9,0,0,306.1,23.47926199261993,329.57926199261993,-5658.0,-158.25,-5816.25,48,70,59,58,53,dqn_penalty_sweep_coeff_0_1_seed44.csv
train,0.1,34,-1,0.9077142857142856,109.69270641222586,44.09722222222222,66,9,0,0,238.4,23.47926199261993,261.87926199261994,-1629.0,-154.42000000000002,-1783.42,56,57,61,68,46,dqn_penalty_sweep_coeff_0_1_seed44.csv
train,0.1,35,-1,0.905,175.04191804424983,59.02777777777778,0,0,0,0,286.7,23.47926199261993,310.1792619926199,222.0,-157.65,64.35,61,60,57,49,61,dqn_penalty_sweep_coeff_0_1_seed44.csv
train,0.1,36,-1,0.9022857142857142,162.52530440341602,72.22222222222221,0,0,0,0,249.9,23.47926199261993,273.37926199261994,336.0,-148.45,187.55,72,60,53,46,57,dqn_penalty_sweep_coeff_0_1_seed44.csv
train,0.1,37,-1,0.8995714285714286,190.2676764602632,30.90277777777778,0,0,0,0,254.8,23.47926199261993,278.2792619926199,-21.0,-152.43,-173.43,57,67,57,56,51,dqn_penalty_sweep_coeff_0_1_seed44.csv
train,0.1,38,-1,0.8968571428571429,90.90009321409195,38.19444444444444,104,12,0,0,273.2,23.47926199261993,296.6792619926199,-2622.0,-157.18,-2779.1800000000003,63,67,50,42,66,dqn_penalty_sweep_coeff_0_1_seed44.csv
train,0.1,39,-1,0.8941428571428571,178.5581955026887,51.73611111111112,0,0,0,0,254.1,23.47926199261993,277.5792619926199,159.0,-150.04,8.959999999999994,62,75,47,48,56,dqn_penalty_sweep_coeff_0_1_seed44.csv
train,0.1,40,-1,0.8914285714285715,89.30084661664895,61.80555555555556,55,11,0,0,237.5,23.47926199261993,260.9792619926199,-1239.0,-158.3,-1397.3,62,54,50,68,54,dqn_penalty_sweep_coeff_0_1_seed44.csv
train,0.1,41,-1,0.8887142857142857,98.27997154930095,68.40277777777779,68,4,0,0,250.2,23.47926199261993,273.6792619926199,-1398.0,-162.20999999999998,-1560.21,55,53,62,61,57,dqn_penalty_sweep_coeff_0_1_seed44.csv
train,0.1,42,-1,0.886,90.97988122908065,55.90277777777778,107,6,0,0,302.9,23.47926199261993,326.3792619926199,-2433.0,-170.22000000000003,-2603.2200000000003,56,48,62,52,70,dqn_penalty_sweep_coeff_0_1_seed44.csv
train,0.1,43,-1,0.8832857142857142,106.9012373974044,71.18055555555556,49,8,0,0,222.0,23.47926199261993,245.47926199261997,-948.0,-156.36,-1104.36,60,51,64,61,52,dqn_penalty_sweep_coeff_0_1_seed44.csv
train,0.1,44,-1,0.8805714285714286,236.44262973950424,6.944444444444445,0,0,33,6,299.3,23.47926199261993,322.7792619926199,-690.0,-148.95999999999998,-838.96,71,49,64,52,52,dqn_penalty_sweep_coeff_0_1_seed44.csv
train,0.1,45,-1,0.8778571428571429,90.41221201777206,62.15277777777778,57,12,0,0,225.3,23.47926199261993,248.77926199261992,-1275.0,-151.04,-1426.04,65,67,42,62,52,dqn_penalty_sweep_coeff_0_1_seed44.csv
train,0.1,46,-1,0.8751428571428571,139.9852817755869,76.73611111111111,9,2,0,0,249.9,23.47926199261993,273.3792619926199,123.0,-148.05,-25.050000000000026,66,61,55,57,49,dqn_penalty_sweep_coeff_0_1_seed44.csv
train,0.1,47,-1,0.8724285714285714,97.40786974321048,65.625,87,5,0,0,267.3,23.47926199261993,290.7792619926199,-1845.0,-155.84,-2000.84,64,51,62,55,56,dqn_penalty_sweep_coeff_0_1_seed44.csv
train,0.1,48,-1,0.8697142857142857,181.97586373763883,44.09722222222222,0,0,0,0,273.3,23.47926199261993,296.7792619926199,81.0,-154.68,-73.67999999999999,56,55,74,51,52,dqn_penalty_sweep_coeff_0_1_seed44.csv
train,0.1,49,-1,0.867,92.3039154865516,60.41666666666666,73,6,0,0,274.0,23.47926199261993,297.4792619926199,-1629.0,-151.31,-1780.3100000000002,67,57,58,51,55,dqn_penalty_sweep_coeff_0_1_seed44.csv
eval,0.1,49,0,0.0,102.31263174439331,79.86111111111111,21,7,0,0,147.6,23.47926199261993,171.07926199261993,-213.0,-103.86,-316.86,126,62,22,44,34,dqn_penalty_sweep_coeff_0_1_seed44.csv
eval,0.1,49,1,0.0,136.7798547020067,89.58333333333334,0,0,0,0,194.7,23.47926199261993,218.17926199261996,486.0,-86.71,399.29,158,37,27,39,27,dqn_penalty_sweep_coeff_0_1_seed44.csv
eval,0.1,49,2,0.0,237.9903991756512,3.4722222222222223,0,0,15,4,131.6,23.47926199261993,155.07926199261993,-468.0,-37.05,-505.05000000000007,198,50,35,0,5,dqn_penalty_sweep_coeff_0_1_seed44.csv
train,0.1,50,-1,0.8642857142857143,155.44202598454157,89.58333333333334,0,0,0,0,271.4,23.47926199261993,294.8792619926199,486.0,-140.94000000000003,345.05999999999995,79,58,52,49,50,dqn_penalty_sweep_coeff_0_1_seed44.csv
train,0.1,51,-1,0.8615714285714285,205.6313464836098,30.20833333333333,0,0,0,0,242.3,23.47926199261993,265.7792619926199,-27.0,-145.0,-172.0,72,65,48,51,52,dqn_penalty_sweep_coeff_0_1_seed44.csv
train,0.1,52,-1,0.8588571428571429,105.11358306709752,56.59722222222222,77,10,0,0,296.29999999999995,23.47926199261993,319.77926199261987,-1752.0,-150.24,-1902.24,62,53,63,66,44,dqn_penalty_sweep_coeff_0_1_seed44.csv
train,0.1,53,-1,0.8561428571428571,154.48005116367213,41.66666666666667,17,3,0,0,258.2,23.47926199261993,281.6792619926199,-411.0,-146.44,-557.44,69,65,51,51,52,dqn_penalty_sweep_coeff_0_1_seed44.csv
train,0.1,54,-1,0.8534285714285714,109.50212372261808,79.51388888888889,15,6,0,0,271.3,23.47926199261993,294.7792619926199,-93.0,-162.0,-255.00000000000003,61,61,52,46,68,dqn_penalty_sweep_coeff_0_1_seed44.csv
train,0.1,55,-1,0.8507142857142858,161.12406172157293,66.66666666666666,0,0,0,0,267.1,23.47926199261993,290.5792619926199,273.0,-152.62,120.38,67,48,74,41,58,dqn_penalty_sweep_coeff_0_1_seed44.csv
train,0.1,56,-1,0.848,104.85502775709227,56.59722222222222,111,2,0,0,265.2,23.47926199261993,288.6792619926199,-2499.0,-147.0,-2646.0,72,62,46,56,52,dqn_penalty_sweep_coeff_0_1_seed44.csv
train,0.1,57,-1,0.8452857142857143,141.7781985348671,67.01388888888889,26,3,0,0,285.6,23.47926199261993,309.07926199261993,-360.0,-162.98,-522.9800000000001,60,55,51,60,62,dqn_penalty_sweep_coeff_0_1_seed44.csv
train,0.1,58,-1,0.8425714285714285,70.6451011466116,33.68055555555556,159,7,0,0,249.9,23.47926199261993,273.37926199261994,-3909.0,-155.47,-4064.47,57,70,55,47,59,dqn_penalty_sweep_coeff_0_1_seed44.csv
train,0.1,59,-1,0.8398571428571429,128.4303699188657,86.80555555555556,20,1,0,0,314.5,23.47926199261993,337.9792619926199,-60.0,-159.66,-219.6600000000001,57,62,52,59,58,dqn_penalty_sweep_coeff_0_1_seed44.csv
train,0.1,60,-1,0.8371428571428572,188.79805372230183,39.93055555555556,0,0,0,0,309.1,23.47926199261993,332.57926199261993,57.0,-161.54999999999998,-104.55,67,52,51,51,67,dqn_penalty_sweep_coeff_0_1_seed44.csv
train,0.1,61,-1,0.8344285714285714,266.3995505155058,4.513888888888888,0,0,94,2,288.9,23.47926199261993,312.3792619926199,-1565.0,-151.14,-1716.14,56,65,66,51,50,dqn_penalty_sweep_coeff_0_1_seed44.csv
train,0.1,62,-1,0.8317142857142857,153.43430347794703,77.77777777777779,0,0,0,0,296.70000000000005,23.47926199261993,320.17926199262,363.0,-156.21,206.79,70,47,53,61,57,dqn_penalty_sweep_coeff_0_1_seed44.csv
train,0.1,63,-1,0.829,136.2086857124642,62.15277777777778,7,3,0,0,232.7,23.47926199261993,256.17926199262,-3.0,-150.6,-153.6,67,56,57,56,52,dqn_penalty_sweep_coeff_0_1_seed44.csv
train,0.1,64,-1,0.8262857142857143,195.4239195737252,33.33333333333333,0,0,0,0,228.7,23.47926199261993,252.17926199261996,0.0,-137.95999999999998,-137.95999999999998,83,57,50,50,48,dqn_penalty_sweep_coeff_0_1_seed44.csv
train,0.1,65,-1,0.8235714285714286,192.2776826391359,51.04166666666666,0,0,3,2,318.8,23.47926199261993,342.2792619926199,111.0,-149.81,-38.81,72,56,48,59,53,dqn_penalty_sweep_coeff_0_1_seed44.csv
train,0.1,66,-1,0.8208571428571428,180.68538459688065,44.79166666666667,0,0,0,0,257.79999999999995,23.47926199261993,281.27926199261987,99.0,-154.88,-55.87999999999999,67,57,40,72,52,dqn_penalty_sweep_coeff_0_1_seed44.csv
train,0.1,67,-1,0.8181428571428572,68.0056951949412,27.77777777777778,171,9,0,0,259.5,23.47926199261993,282.9792619926199,-4263.0,-145.85,-4408.85,73,65,51,42,57,dqn_penalty_sweep_coeff_0_1_seed44.csv
train,0.1,68,-1,0.8154285714285714,172.65993016426182,63.54166666666666,0,0,0,0,373.0,23.47926199261993,396.4792619926199,261.0,-156.38,104.62,70,50,56,50,62,dqn_penalty_sweep_coeff_0_1_seed44.csv
train,0.1,69,-1,0.8127142857142857,269.48848247398735,4.166666666666666,0,0,92,7,248.4,23.47926199261993,271.87926199261994,-1540.0,-149.17,-1689.17,71,56,53,55,53,dqn_penalty_sweep_coeff_0_1_seed44.csv
train,0.1,70,-1,0.81,189.47733299769197,40.27777777777778,0,0,0,0,293.1,23.47926199261993,316.57926199261993,60.0,-148.92000000000002,-88.91999999999996,78,52,47,55,56,dqn_penalty_sweep_coeff_0_1_seed44.csv
train,0.1,71,-1,0.8072857142857143,144.16228658506765,79.16666666666666,2,2,0,0,311.0,23.47926199261993,334.4792619926199,288.0,-159.26,128.74,54,53,70,57,54,dqn_penalty_sweep_coeff_0_1_seed44.csv
train,0.1,72,-1,0.8045714285714286,124.98971959112497,67.70833333333334,40,6,0,0,277.2,23.47926199261993,300.6792619926199,-747.0,-168.52,-915.52,49,60,56,59,64,dqn_penalty_sweep_coeff_0_1_seed44.csv
train,0.1,73,-1,0.8018571428571428,246.19851015956223,9.722222222222223,0,0,51,8,241.5,23.47926199261993,264.9792619926199,-918.0,-136.71,-1054.71,75,66,59,41,47,dqn_penalty_sweep_coeff_0_1_seed44.csv
train,0.1,74,-1,0.7991428571428572,113.2082330904794,65.27777777777779,55,8,0,0,275.20000000000005,23.47926199261993,298.67926199262,-1167.0,-156.89,-1323.89,61,54,56,64,53,dqn_penalty_sweep_coeff_0_1_seed44.csv
train,0.1,75,-1,0.7964285714285715,96.03076483628216,60.06944444444444,69,12,0,0,224.0,23.47926199261993,247.47926199261997,-1563.0,-159.49,-1722.49,54,62,66,45,61,dqn_penalty_sweep_coeff_0_1_seed44.csv
train,0.1,76,-1,0.7937142857142857,157.9379902646535,69.79166666666666,0,0,0,0,291.70000000000005,23.47926199261993,315.17926199262,315.0,-163.56,151.43999999999997,64,39,62,63,60,dqn_penalty_sweep_coeff_0_1_seed44.csv
train,0.1,77,-1,0.791,138.7491633496581,87.15277777777779,0,0,0,0,328.1,23.47926199261993,351.57926199261993,465.0,-161.75,303.25,65,53,47,60,63,dqn_penalty_sweep_coeff_0_1_seed44.csv
train,0.1,78,-1,0.7882857142857143,157.40461028048998,74.65277777777779,0,0,0,0,305.3,23.47926199261993,328.7792619926199,357.0,-162.78,194.22000000000003,62,47,60,57,62,dqn_penalty_sweep_coeff_0_1_seed44.csv
train,0.1,79,-1,0.7855714285714286,65.64809493362264,25.34722222222222,199,5,0,0,271.7,23.47926199261993,295.1792619926199,-4893.0,-161.57999999999998,-5054.58,53,69,51,53,62,dqn_penalty_sweep_coeff_0_1_seed44.csv
train,0.1,80,-1,0.7828571428571429,221.5288166896001,25.34722222222222,0,0,17,3,277.1,23.47926199261993,300.5792619926199,-307.0,-144.88,-451.88,73,59,56,48,52,dqn_penalty_sweep_coeff_0_1_seed44.csv
train,0.1,81,-1,0.7801428571428571,140.53898307357207,99.6527777777778,0,0,0,0,311.0,23.47926199261993,334.4792619926199,573.0,-155.58999999999995,417.41,60,58,53,66,51,dqn_penalty_sweep_coeff_0_1_seed44.csv
train,0.1,82,-1,0.7774285714285715,122.436152705627,79.51388888888889,41,2,0,0,266.6,23.47926199261993,290.07926199261993,-606.0,-152.63,-758.6300000000002,65,65,59,36,63,dqn_penalty_sweep_coeff_0_1_seed44.csv
train,0.1,83,-1,0.7747142857142857,161.74063650517277,67.01388888888889,0,0,0,0,282.1,23.47926199261993,305.57926199261993,285.0,-159.26,125.74,59,62,55,50,62,dqn_penalty_sweep_coeff_0_1_seed44.csv
train,0.1,84,-1,0.772,228.42862615926737,25.34722222222222,0,0,23,6,286.0,23.47926199261993,309.4792619926199,-391.0,-155.06,-546.0600000000001,69,45,65,51,58,dqn_penalty_sweep_coeff_0_1_seed44.csv
train,0.1,85,-1,0.7692857142857144,97.00311520666656,53.81944444444444,110,2,0,0,285.5,23.47926199261993,308.9792619926199,-2526.0,-154.98999999999998,-2680.99,65,56,59,49,59,dqn_penalty_sweep_coeff_0_1_seed44.csv
train,0.1,86,-1,0.7665714285714286,145.71064301442635,68.40277777777779,9,3,0,0,227.7,23.47926199261993,251.17926199262,27.0,-139.23000000000002,-112.23000000000002,79,55,58,49,47,dqn_penalty_sweep_coeff_0_1_seed44.csv
train,0.1,87,-1,0.7638571428571428,208.26885285812696,26.73611111111111,0,0,0,0,251.2,23.47926199261993,274.67926199262,-57.0,-143.25,-200.25,76,61,52,46,53,dqn_penalty_sweep_coeff_0_1_seed44.csv
train,0.1,88,-1,0.7611428571428571,119.75319483174118,94.0972222222222,0,0,0,0,303.4,23.47926199261993,326.8792619926199,495.0,-164.44,330.56,72,42,53,49,72,dqn_penalty_sweep_coeff_0_1_seed44.csv
train,0.1,89,-1,0.7584285714285715,145.2329866542727,64.93055555555556,17,2,0,0,293.4,23.47926199261993,316.8792619926199,-168.0,-150.49,-318.49000000000007,72,54,56,49,57,dqn_penalty_sweep_coeff_0_1_seed44.csv
train,0.1,90,-1,0.7557142857142858,92.50657499838464,50.69444444444444,88,7,0,0,290.5,23.47926199261993,313.9792619926199,-2100.0,-166.21,-2266.21,55,61,62,37,73,dqn_penalty_sweep_coeff_0_1_seed44.csv
train,0.1,91,-1,0.753,143.6187410876213,59.02777777777778,17,2,0,0,296.6,23.47926199261993,320.07926199261993,-231.0,-160.89,-391.89,74,49,50,42,73,dqn_penalty_sweep_coeff_0_1_seed44.csv
train,0.1,92,-1,0.7502857142857143,150.07379781347964,46.18055555555556,38,1,0,0,261.9,23.47926199261993,285.3792619926199,-852.0,-139.39,-991.39,76,60,57,48,47,dqn_penalty_sweep_coeff_0_1_seed44.csv
train,0.1,93,-1,0.7475714285714286,85.43411966376044,46.52777777777778,144,4,0,0,263.7,23.47926199261993,287.1792619926199,-3372.0,-159.39,-3531.3899999999994,60,60,57,48,63,dqn_penalty_sweep_coeff_0_1_seed44.csv
train,0.1,94,-1,0.7448571428571429,142.2301093161428,54.86111111111112,35,2,0,0,294.0,23.47926199261993,317.4792619926199,-684.0,-146.06,-830.0600000000001,68,63,55,52,50,dqn_penalty_sweep_coeff_0_1_seed44.csv
train,0.1,95,-1,0.7421428571428572,197.29463441737775,31.59722222222222,0,0,0,0,290.90000000000003,23.47926199261993,314.37926199261994,-15.0,-161.78,-176.78,61,53,56,56,62,dqn_penalty_sweep_coeff_0_1_seed44.csv
train,0.1,96,-1,0.7394285714285714,152.51297127082887,79.16666666666666,0,0,0,0,315.1,23.47926199261993,338.5792619926199,396.0,-143.51,252.49,78,50,61,48,51,dqn_penalty_sweep_coeff_0_1_seed44.csv
train,0.1,97,-1,0.7367142857142857,121.99804488220626,76.04166666666666,45,5,0,0,293.70000000000005,23.47926199261993,317.17926199262,-774.0,-143.27999999999997,-917.2799999999996,68,79,41,48,52,dqn_penalty_sweep_coeff_0_1_seed44.csv
train,0.1,98,-1,0.734,227.89748648787517,35.06944444444444,0,0,93,1,250.0,23.47926199261993,273.4792619926199,-1287.0,-141.29,-1428.2900000000002,78,59,50,52,49,dqn_penalty_sweep_coeff_0_1_seed44.csv
train,0.1,99,-1,0.7312857142857143,147.79174166248424,69.79166666666666,0,0,0,0,282.90000000000003,23.47926199261993,306.37926199261994,282.0,-160.32,121.68,68,61,46,41,72,dqn_penalty_sweep_coeff_0_1_seed44.csv
eval,0.1,99,0,0.0,133.08428684040877,81.59722222222221,9,2,0,0,225.3,23.47926199261993,248.77926199261995,180.0,-117.59,62.409999999999954,125,64,30,2,67,dqn_penalty_sweep_coeff_0_1_seed44.csv
eval,0.1,99,1,0.0,181.29062157955488,48.61111111111111,0,0,0,0,232.8,23.47926199261993,256.2792619926199,132.0,-66.75999999999999,65.24,177,46,33,4,28,dqn_penalty_sweep_coeff_0_1_seed44.csv
eval,0.1,99,2,0.0,235.26154928031465,5.902777777777778,0,0,3,1,206.3,23.47926199261993,229.77926199261995,-279.0,-48.9,-327.9,207,22,39,2,18,dqn_penalty_sweep_coeff_0_1_seed44.csv
train,0.1,0,-1,1.0,80.98858651779966,39.93055555555556,129,12,0,0,334.20000000000005,23.47926199261993,357.67926199262,-3171.0,-160.69,-3331.69,58,66,51,48,65,dqn_penalty_sweep_coeff_0_1_seed45.csv
train,0.1,1,-1,0.9972857142857144,146.3788500832796,52.77777777777778,42,2,0,0,279.3,23.47926199261993,302.7792619926199,-870.0,-163.89,-1033.89,50,65,56,56,61,dqn_penalty_sweep_coeff_0_1_seed45.csv
train,0.1,2,-1,0.9945714285714286,243.31538950017435,14.583333333333334,0,0,33,10,281.2,23.47926199261993,304.6792619926199,-624.0,-167.09,-791.0899999999999,54,52,63,54,65,dqn_penalty_sweep_coeff_0_1_seed45.csv
train,0.1,3,-1,0.9918571428571428,192.2057978203719,39.23611111111111,0,0,0,0,278.40000000000003,23.47926199261993,301.87926199261994,51.0,-165.32,-114.32,58,53,55,58,64,dqn_penalty_sweep_coeff_0_1_seed45.csv
train,0.1,4,-1,0.9891428571428572,142.9989649190628,61.80555555555556,31,2,0,0,259.8,23.47926199261993,283.2792619926199,-540.0,-158.89,-698.8900000000001,59,60,58,50,61,dqn_penalty_sweep_coeff_0_1_seed45.csv
train,0.1,5,-1,0.9864285714285714,86.37905668854773,30.20833333333333,118,14,0,0,254.0,23.47926199261993,277.4792619926199,-3078.0,-159.02999999999997,-3237.03,51,54,72,60,51,dqn_penalty_sweep_coeff_0_1_seed45.csv
train,0.1,6,-1,0.9837142857142858,155.0492962163492,66.66666666666666,2,1,0,0,285.8,23.47926199261993,309.2792619926199,213.0,-166.86,46.13999999999999,52,45,69,64,58,dqn_penalty_sweep_coeff_0_1_seed45.csv
train,0.1,7,-1,0.981,224.4886573596339,45.13888888888889,0,0,76,5,244.9,23.47926199261993,268.37926199261994,-962.0,-155.88,-1117.88,56,63,56,61,52,dqn_penalty_sweep_coeff_0_1_seed45.csv
train,0.1,8,-1,0.9782857142857144,98.34319220885035,57.638888888888886,87,9,0,0,273.6,23.47926199261993,297.0792619926199,-1959.0,-155.04,-2114.0400000000004,62,50,65,59,52,dqn_penalty_sweep_coeff_0_1_seed45.csv
train,0.1,9,-1,0.9755714285714284,158.67471245704948,84.72222222222221,0,0,0,0,305.3,23.47926199261993,328.7792619926199,444.0,-180.63,263.37,51,44,54,64,75,dqn_penalty_sweep_coeff_0_1_seed45.csv
train,0.1,10,-1,0.9728571428571428,100.29001368499064,64.58333333333334,69,4,0,0,263.6,23.47926199261993,287.07926199261993,-1479.0,-162.85000000000002,-1641.85,52,57,68,50,61,dqn_penalty_sweep_coeff_0_1_seed45.csv
train,0.1,11,-1,0.9701428571428572,157.78616345216062,77.77777777777779,0,0,0,0,281.79999999999995,23.47926199261993,305.27926199261987,384.0,-158.48,225.52,60,53,60,59,56,dqn_penalty_sweep_coeff_0_1_seed45.csv
train,0.1,12,-1,0.9674285714285714,91.87618126157574,61.80555555555556,78,11,0,0,263.2,23.47926199261993,286.6792619926199,-1722.0,-163.47,-1885.4700000000005,43,72,54,64,55,dqn_penalty_sweep_coeff_0_1_seed45.csv
train,0.1,13,-1,0.9647142857142856,145.14852465060528,76.38888888888889,0,0,0,0,249.2,23.47926199261993,272.67926199262,360.0,-161.76,198.24,51,68,61,44,64,dqn_penalty_sweep_coeff_0_1_seed45.csv
train,0.1,14,-1,0.962,100.31114037306082,63.19444444444444,71,4,0,0,298.20000000000005,23.47926199261993,321.67926199262,-1524.0,-164.41,-1688.41,53,58,58,58,61,dqn_penalty_sweep_coeff_0_1_seed45.csv
train,0.1,15,-1,0.9592857142857144,92.68814728405584,57.638888888888886,98,7,0,0,222.5,23.47926199261993,245.9792619926199,-2214.0,-160.98000000000002,-2374.98,48,56,61,77,46,dqn_penalty_sweep_coeff_0_1_seed45.csv
train,0.1,16,-1,0.9565714285714286,116.78676732598892,41.31944444444444,85,6,0,0,250.7,23.47926199261993,274.1792619926199,-2034.0,-155.94,-2189.94,57,61,60,56,54,dqn_penalty_sweep_coeff_0_1_seed45.csv
train,0.1,17,-1,0.9538571428571428,115.388339936907,54.86111111111112,57,5,0,0,316.70000000000005,23.47926199261993,340.17926199262,-1317.0,-167.25,-1484.2499999999998,68,54,42,47,77,dqn_penalty_sweep_coeff_0_1_seed45.csv
train,0.1,18,-1,0.9511428571428572,203.77420246684687,38.88888888888889,0,0,23,1,242.7,23.47926199261993,266.1792619926199,-274.0,-149.10000000000002,-423.1,64,63,55,56,50,dqn_penalty_sweep_coeff_0_1_seed45.csv
train,0.1,19,-1,0.9484285714285714,121.72400040537376,96.875,3,1,0,0,289.6,23.47926199261993,313.07926199261993,462.0,-160.81,301.19,55,60,62,50,61,dqn_penalty_sweep_coeff_0_1_seed45.csv
train,0.1,20,-1,0.9457142857142856,104.7310515769462,36.11111111111111,118,9,0,0,265.1,23.47926199261993,288.57926199261993,-2904.0,-156.93,-3060.93,53,59,62,65,49,dqn_penalty_sweep_coeff_0_1_seed45.csv
train,0.1,21,-1,0.943,89.21556597315563,52.083333333333336,73,10,0,0,266.40000000000003,23.47926199261993,289.87926199261994,-1785.0,-152.07999999999998,-1937.08,57,53,70,64,44,dqn_penalty_sweep_coeff_0_1_seed45.csv
train,0.1,22,-1,0.9402857142857144,88.5511379061089,62.5,71,6,0,0,259.70000000000005,23.47926199261993,283.17926199262,-1563.0,-161.56,-1724.5600000000002,52,61,64,51,60,dqn_penalty_sweep_coeff_0_1_seed45.csv
train,0.1,23,-1,0.9375714285714286,129.4116737285663,87.84722222222221,1,1,0,0,256.6,23.47926199261993,280.07926199261993,402.0,-159.20999999999998,242.79,61,62,48,56,61,dqn_penalty_sweep_coeff_0_1_seed45.csv
train,0.1,24,-1,0.9348571428571428,88.40266307496101,53.81944444444444,129,1,0,0,237.8,23.47926199261993,261.2792619926199,-2931.0,-143.77,-3074.77,57,76,55,59,41,dqn_penalty_sweep_coeff_0_1_seed45.csv
train,0.1,25,-1,0.9321428571428572,118.95830298678716,91.31944444444444,13,3,0,0,252.4,23.47926199261993,275.8792619926199,153.0,-145.49,7.510000000000048,68,69,52,46,53,dqn_penalty_sweep_coeff_0_1_seed45.csv
train,0.1,26,-1,0.9294285714285714,144.80233881281742,44.79166666666667,21,6,0,0,293.0,23.47926199261993,316.4792619926199,-489.0,-164.14,-653.1400000000001,62,50,50,64,62,dqn_penalty_sweep_coeff_0_1_seed45.csv
train,0.1,27,-1,0.9267142857142856,179.1903127826951,51.73611111111112,0,0,0,0,274.7,23.47926199261993,298.1792619926199,159.0,-144.7,14.300000000000004,69,66,52,51,50,dqn_penalty_sweep_coeff_0_1_seed45.csv
train,0.1,28,-1,0.924,124.76331987289312,96.5277777777778,5,1,0,0,302.7,23.47926199261993,326.1792619926199,417.0,-153.98,263.02,70,55,49,56,58,dqn_penalty_sweep_coeff_0_1_seed45.csv
train,0.1,29,-1,0.9212857142857144,286.23981795596904,4.861111111111112,0,0,168,8,296.3,23.47926199261993,319.7792619926199,-2598.0,-145.79000000000002,-2743.79,72,53,50,70,43,dqn_penalty_sweep_coeff_0_1_seed45.csv
train,0.1,30,-1,0.9185714285714286,145.69868416154154,68.75,0,0,0,0,294.9,23.47926199261993,318.3792619926199,273.0,-169.78,103.22,54,55,57,52,70,dqn_penalty_sweep_coeff_0_1_seed45.csv
train,0.1,31,-1,0.9158571428571428,88.73316626726739,43.05555555555556,106,9,0,0,281.6,23.47926199261993,305.07926199261993,-2613.0,-152.65,-2765.65,66,59,49,61,53,dqn_penalty_sweep_coeff_0_1_seed45.csv
train,0.1,32,-1,0.9131428571428571,59.796448326835566,14.23611111111111,217,8,0,0,265.5,23.47926199261993,288.9792619926199,-5463.0,-158.18,-5621.18,56,69,55,46,62,dqn_penalty_sweep_coeff_0_1_seed45.csv
train,0.1,33,-1,0.9104285714285714,109.72745108432773,44.09722222222222,77,10,0,0,277.2,23.47926199261993,300.6792619926199,-1860.0,-163.14999999999998,-2023.15,51,67,56,51,63,dqn_penalty_sweep_coeff_0_1_seed45.csv
train,0.1,34,-1,0.9077142857142856,183.7999901788844,48.61111111111111,0,0,0,0,264.3,23.47926199261993,287.7792619926199,132.0,-163.13,-31.130000000000003,63,46,56,62,61,dqn_penalty_sweep_coeff_0_1_seed45.csv
train,0.1,35,-1,0.905,171.45690162563818,64.23611111111111,0,0,0,0,259.8,23.47926199261993,283.2792619926199,267.0,-145.27999999999997,121.72,75,48,61,56,48,dqn_penalty_sweep_coeff_0_1_seed45.csv
train,0.1,36,-1,0.9022857142857142,180.91819729359645,48.26388888888889,0,0,0,0,304.1,23.47926199261993,327.57926199261993,129.0,-157.54,-28.54000000000002,74,50,48,50,66,dqn_penalty_sweep_coeff_0_1_seed45.csv
train,0.1,37,-1,0.8995714285714286,92.16901686611202,38.19444444444444,110,13,0,0,250.8,23.47926199261993,274.2792619926199,-2745.0,-162.0,-2907.0,64,58,42,60,64,dqn_penalty_sweep_coeff_0_1_seed45.csv
train,0.1,38,-1,0.8968571428571429,167.22984214933533,63.888888888888886,0,0,0,0,230.7,23.47926199261993,254.17926199261996,264.0,-140.19,123.81,70,62,60,53,43,dqn_penalty_sweep_coeff_0_1_seed45.csv
train,0.1,39,-1,0.8941428571428571,83.7938481497797,54.16666666666666,92,10,0,0,316.1,23.47926199261993,339.57926199261993,-2148.0,-156.61,-2304.61,54,68,52,61,53,dqn_penalty_sweep_coeff_0_1_seed45.csv
train,0.1,40,-1,0.8914285714285715,93.84965359060092,66.66666666666666,72,4,0,0,257.4,23.47926199261993,280.8792619926199,-1512.0,-163.3,-1675.3000000000002,47,65,54,68,54,dqn_penalty_sweep_coeff_0_1_seed45.csv
train,0.1,41,-1,0.8887142857142857,90.2650051270414,52.77777777777778,115,6,0,0,265.70000000000005,23.47926199261993,289.17926199262,-2655.0,-152.93,-2807.93,63,55,56,65,49,dqn_penalty_sweep_coeff_0_1_seed45.csv
train,0.1,42,-1,0.886,109.8191059404184,72.91666666666666,50,7,0,0,291.79999999999995,23.47926199261993,315.27926199261987,-939.0,-163.56,-1102.56,64,60,47,45,72,dqn_penalty_sweep_coeff_0_1_seed45.csv
train,0.1,43,-1,0.8832857142857142,248.6598172395044,0.3472222222222222,0,0,48,1,253.0,23.47926199261993,276.4792619926199,-957.0,-137.88,-1094.88,80,59,55,46,48,dqn_penalty_sweep_coeff_0_1_seed45.csv
train,0.1,44,-1,0.8805714285714286,92.67748016420802,63.888888888888886,51,9,0,0,271.0,23.47926199261993,294.4792619926199,-1119.0,-161.14,-1280.14,52,61,55,66,54,dqn_penalty_sweep_coeff_0_1_seed45.csv
train,0.1,45,-1,0.8778571428571429,146.88233038669816,81.59722222222221,1,1,0,0,254.5,23.47926199261993,277.9792619926199,369.0,-149.91,219.09000000000003,59,72,52,54,51,dqn_penalty_sweep_coeff_0_1_seed45.csv
train,0.1,46,-1,0.8751428571428571,97.4124132151124,61.458333333333336,91,7,0,0,315.6,23.47926199261993,339.07926199261993,-2001.0,-162.39,-2163.39,57,62,44,66,59,dqn_penalty_sweep_coeff_0_1_seed45.csv
train,0.1,47,-1,0.8724285714285714,167.933621134553,46.18055555555556,11,1,0,0,296.5,23.47926199261993,319.9792619926199,-165.0,-149.42,-314.42,67,64,51,52,54,dqn_penalty_sweep_coeff_0_1_seed45.csv
train,0.1,48,-1,0.8697142857142857,97.24089925746732,69.09722222222221,56,5,0,0,286.90000000000003,23.47926199261993,310.37926199261994,-1116.0,-160.19,-1276.1900000000005,49,60,63,65,51,dqn_penalty_sweep_coeff_0_1_seed45.csv
train,0.1,49,-1,0.867,137.00556765120805,94.79166666666666,0,0,0,0,318.1,23.47926199261993,341.57926199261993,519.0,-155.02999999999997,363.97,61,57,61,54,55,dqn_penalty_sweep_coeff_0_1_seed45.csv
eval,0.1,49,0,0.0,133.55067827851764,34.02777777777778,66,6,0,0,255.2,23.47926199261993,278.6792619926199,-1674.0,-131.09,-1805.0900000000004,73,73,76,17,49,dqn_penalty_sweep_coeff_0_1_seed45.csv
eval,0.1,49,1,0.0,90.6063113782139,44.79166666666667,120,3,0,0,240.1,23.47926199261993,263.57926199261993,-2844.0,-146.0,-2990.0,55,105,36,32,60,dqn_penalty_sweep_coeff_0_1_seed45.csv
eval,0.1,49,2,0.0,149.63905945581442,88.54166666666666,0,0,0,0,393.8,23.47926199261993,417.2792619926199,459.0,-169.82,289.18,63,29,91,27,78,dqn_penalty_sweep_coeff_0_1_seed45.csv
train,0.1,50,-1,0.8642857142857143,200.6242284280542,29.166666666666668,0,0,0,0,281.5,23.47926199261993,304.9792619926199,-36.0,-143.63,-179.63,68,58,60,59,43,dqn_penalty_sweep_coeff_0_1_seed45.csv
train,0.1,51,-1,0.8615714285714285,97.75797545006172,51.04166666666666,87,10,0,0,273.70000000000005,23.47926199261993,297.17926199262,-2064.0,-153.67000000000002,-2217.67,58,64,48,71,47,dqn_penalty_sweep_coeff_0_1_seed45.csv
train,0.1,52,-1,0.8588571428571429,140.05540699503197,62.5,23,4,0,0,300.1,23.47926199261993,323.57926199261993,-393.0,-159.75,-552.7500000000001,61,53,58,57,59,dqn_penalty_sweep_coeff_0_1_seed45.csv
train,0.1,53,-1,0.8561428571428571,110.86740150039594,79.16666666666666,16,7,0,0,264.6,23.47926199261993,288.07926199261993,-120.0,-164.4,-284.4,55,62,44,67,60,dqn_penalty_sweep_coeff_0_1_seed45.csv
train,0.1,54,-1,0.8534285714285714,166.37805477712854,63.888888888888886,0,0,0,0,282.70000000000005,23.47926199261993,306.17926199262,264.0,-150.72,113.28,68,60,47,61,52,dqn_penalty_sweep_coeff_0_1_seed45.csv
train,0.1,55,-1,0.8507142857142858,97.26594115185694,55.90277777777778,115,2,0,0,269.5,23.47926199261993,292.9792619926199,-2601.0,-156.93,-2757.93,66,60,53,44,65,dqn_penalty_sweep_coeff_0_1_seed45.csv
train,0.1,56,-1,0.848,139.23346950132458,72.22222222222221,21,2,0,0,269.4,23.47926199261993,292.8792619926199,-195.0,-150.08,-345.08000000000004,59,68,60,49,52,dqn_penalty_sweep_coeff_0_1_seed45.csv
train,0.1,57,-1,0.8452857142857143,68.41651195566538,29.166666666666668,160,8,0,0,272.2,23.47926199261993,295.6792619926199,-4008.0,-163.91,-4171.91,43,67,61,62,55,dqn_penalty_sweep_coeff_0_1_seed45.csv
train,0.1,58,-1,0.8425714285714285,132.99092588515907,88.19444444444444,5,1,0,0,279.90000000000003,23.47926199261993,303.37926199261994,285.0,-167.17,117.83,55,66,43,55,69,dqn_penalty_sweep_coeff_0_1_seed45.csv
train,0.1,59,-1,0.8398571428571429,199.32322733341292,32.63888888888889,0,0,0,0,223.9,23.47926199261993,247.37926199261992,-6.0,-141.48,-147.48,71,57,56,64,40,dqn_penalty_sweep_coeff_0_1_seed45.csv
train,0.1,60,-1,0.8371428571428572,263.42017700748573,7.986111111111111,0,0,95,2,245.4,23.47926199261993,268.8792619926199,-1549.0,-139.58999999999995,-1688.59,76,66,53,42,51,dqn_penalty_sweep_coeff_0_1_seed45.csv
train,0.1,61,-1,0.8344285714285714,130.77631736683597,87.5,14,2,0,0,292.40000000000003,23.47926199261993,315.87926199261994,120.0,-156.52999999999997,-36.53000000000003,59,62,56,54,57,dqn_penalty_sweep_coeff_0_1_seed45.csv
train,0.1,62,-1,0.8317142857142857,127.73229682357528,47.56944444444444,35,12,0,0,291.6,23.47926199261993,315.07926199261993,-861.0,-158.5,-1019.5,52,70,56,52,58,dqn_penalty_sweep_coeff_0_1_seed45.csv
train,0.1,63,-1,0.829,184.6475087879394,45.13888888888889,0,0,0,0,298.1,23.47926199261993,321.57926199261993,102.0,-154.87,-52.86999999999999,54,69,60,50,55,dqn_penalty_sweep_coeff_0_1_seed45.csv
train,0.1,64,-1,0.8262857142857143,193.37143263913595,52.083333333333336,0,0,6,2,325.8,23.47926199261993,349.2792619926199,78.0,-155.02999999999997,-77.03,60,65,50,58,55,dqn_penalty_sweep_coeff_0_1_seed45.csv
train,0.1,65,-1,0.8235714285714286,153.47132209688067,61.80555555555556,11,2,0,0,309.1,23.47926199261993,332.57926199261993,-54.0,-154.07,-208.07,64,56,58,55,55,dqn_penalty_sweep_coeff_0_1_seed45.csv
train,0.1,66,-1,0.8208571428571428,72.13303037112534,30.90277777777778,160,6,0,0,249.4,23.47926199261993,272.87926199261994,-3978.0,-156.89,-4134.889999999999,52,70,53,60,53,dqn_penalty_sweep_coeff_0_1_seed45.csv
train,0.1,67,-1,0.8181428571428572,186.38944405315064,57.638888888888886,0,0,0,0,277.4,23.47926199261993,300.8792619926199,210.0,-163.81,46.190000000000026,50,71,60,38,69,dqn_penalty_sweep_coeff_0_1_seed45.csv
train,0.1,68,-1,0.8154285714285714,287.7733783073206,3.4722222222222223,0,0,159,12,261.5,23.47926199261993,284.9792619926199,-2484.0,-136.97,-2620.97,77,62,56,48,45,dqn_penalty_sweep_coeff_0_1_seed45.csv
train,0.1,69,-1,0.8127142857142857,198.8184788310253,38.88888888888889,0,0,7,4,270.1,23.47926199261993,293.57926199261993,-50.0,-161.67000000000002,-211.67,58,52,54,69,55,dqn_penalty_sweep_coeff_0_1_seed45.csv
train,0.1,70,-1,0.81,137.91541158506757,86.11111111111111,1,1,0,0,276.0,23.47926199261993,299.4792619926199,390.0,-158.92000000000002,231.08,63,59,54,48,64,dqn_penalty_sweep_coeff_0_1_seed45.csv
train,0.1,71,-1,0.8072857142857143,107.94877535547732,67.01388888888889,82,6,0,0,292.4,23.47926199261993,315.8792619926199,-1710.0,-155.8,-1865.8,55,70,54,53,56,dqn_penalty_sweep_coeff_0_1_seed45.csv
train,0.1,72,-1,0.8045714285714286,220.14493940130384,18.40277777777778,0,0,0,0,296.3,23.47926199261993,319.7792619926199,-129.0,-157.15,-286.15,60,60,51,62,55,dqn_penalty_sweep_coeff_0_1_seed45.csv
train,0.1,73,-1,0.8018571428571428,111.37016777606932,67.01388888888889,54,7,0,0,255.9,23.47926199261993,279.37926199261994,-1119.0,-148.54,-1267.5400000000002,71,63,45,55,54,dqn_penalty_sweep_coeff_0_1_seed45.csv
train,0.1,74,-1,0.7991428571428572,92.08332506369744,54.513888888888886,96,10,0,0,243.2,23.47926199261993,266.6792619926199,-2226.0,-144.76,-2370.76,67,67,59,43,52,dqn_penalty_sweep_coeff_0_1_seed45.csv
train,0.1,75,-1,0.7964285714285715,138.91646248687562,93.4027777777778,0,0,0,0,298.6,23.47926199261993,322.07926199261993,519.0,-163.51999999999998,355.48,64,42,64,54,64,dqn_penalty_sweep_coeff_0_1_seed45.csv
train,0.1,76,-1,0.7937142857142857,134.91496196076932,81.59722222222221,0,0,0,0,244.3,23.47926199261993,267.7792619926199,369.0,-151.61,217.39,61,65,56,53,53,dqn_penalty_sweep_coeff_0_1_seed45.csv
train,0.1,77,-1,0.791,161.1476658360456,72.91666666666666,0,0,0,0,294.8,23.47926199261993,318.2792619926199,342.0,-138.48,203.52,84,52,61,39,52,dqn_penalty_sweep_coeff_0_1_seed45.csv
train,0.1,78,-1,0.7882857142857143,68.21125607642539,27.08333333333333,194,6,0,0,247.3,23.47926199261993,270.7792619926199,-4758.0,-150.95,-4908.95,72,58,58,37,63,dqn_penalty_sweep_coeff_0_1_seed45.csv
train,0.1,79,-1,0.7855714285714286,209.4048583562667,27.08333333333333,0,0,8,4,284.90000000000003,23.47926199261993,308.37926199261994,-166.0,-155.19,-321.19,67,53,58,51,59,dqn_penalty_sweep_coeff_0_1_seed45.csv
train,0.1,80,-1,0.7828571428571429,139.5106844624609,99.6527777777778,0,0,0,0,320.5,23.47926199261993,343.9792619926199,573.0,-152.51999999999998,420.48,64,69,50,45,60,dqn_penalty_sweep_coeff_0_1_seed45.csv
train,0.1,81,-1,0.7801428571428571,119.66635201016526,78.47222222222221,42,2,0,0,318.2,23.47926199261993,341.6792619926199,-654.0,-145.93,-799.9300000000002,62,63,63,55,45,dqn_penalty_sweep_coeff_0_1_seed45.csv
train,0.1,82,-1,0.7774285714285715,149.98508094961707,83.33333333333334,1,1,0,0,239.7,23.47926199261993,263.1792619926199,390.0,-138.45999999999998,251.54,75,59,56,56,42,dqn_penalty_sweep_coeff_0_1_seed45.csv
train,0.1,83,-1,0.7747142857142857,229.93470254815605,27.77777777777778,0,0,46,2,279.3,23.47926199261993,302.7792619926199,-692.0,-152.52,-844.52,83,43,50,48,64,dqn_penalty_sweep_coeff_0_1_seed45.csv
train,0.1,84,-1,0.772,96.65927472496544,53.81944444444444,113,2,0,0,304.1,23.47926199261993,327.57926199261993,-2595.0,-154.91,-2749.91,57,56,67,57,51,dqn_penalty_sweep_coeff_0_1_seed45.csv
train,0.1,85,-1,0.7692857142857144,133.63697624867572,68.75,30,4,0,0,275.9,23.47926199261993,299.3792619926199,-456.0,-151.06,-607.06,63,71,51,45,58,dqn_penalty_sweep_coeff_0_1_seed45.csv
train,0.1,86,-1,0.7665714285714286,185.47388758034916,48.95833333333333,0,0,0,0,276.6,23.47926199261993,300.07926199261993,135.0,-167.8,-32.80000000000001,56,58,50,56,68,dqn_penalty_sweep_coeff_0_1_seed45.csv
train,0.1,87,-1,0.7638571428571428,106.80736149840786,91.31944444444444,9,2,0,0,310.70000000000005,23.47926199261993,334.17926199262,243.0,-155.79999999999998,87.2,59,66,64,35,64,dqn_penalty_sweep_coeff_0_1_seed45.csv
train,0.1,88,-1,0.7611428571428571,151.6079866542727,51.73611111111112,17,2,0,0,318.9,23.47926199261993,342.3792619926199,-282.0,-161.88,-443.88000000000005,68,49,54,49,68,dqn_penalty_sweep_coeff_0_1_seed45.csv
train,0.1,89,-1,0.7584285714285715,82.85199703362419,38.54166666666667,130,6,0,0,299.9,23.47926199261993,323.3792619926199,-3192.0,-162.26999999999998,-3354.27,58,56,59,52,63,dqn_penalty_sweep_coeff_0_1_seed45.csv
train,0.1,90,-1,0.7557142857142858,145.43749108762125,57.638888888888886,17,2,0,0,278.9,23.47926199261993,302.3792619926199,-243.0,-153.75,-396.75,60,70,53,46,59,dqn_penalty_sweep_coeff_0_1_seed45.csv
train,0.1,91,-1,0.753,151.89413632633463,48.95833333333333,38,1,0,0,284.9,23.47926199261993,308.3792619926199,-801.0,-169.22,-970.22,50,66,44,62,66,dqn_penalty_sweep_coeff_0_1_seed45.csv
train,0.1,92,-1,0.7502857142857143,81.82632713461504,44.09722222222222,149,6,0,0,345.9,23.47926199261993,369.3792619926199,-3519.0,-159.68,-3678.68,71,50,52,47,68,dqn_penalty_sweep_coeff_0_1_seed45.csv
train,0.1,93,-1,0.7475714285714286,149.81721020067295,52.083333333333336,27,2,0,0,269.4,23.47926199261993,292.8792619926199,-492.0,-153.21,-645.21,57,75,44,59,53,dqn_penalty_sweep_coeff_0_1_seed45.csv
train,0.1,94,-1,0.7448571428571429,210.72102330626663,27.43055555555556,0,0,13,4,297.20000000000005,23.47926199261993,320.67926199262,-233.0,-152.85,-385.85,66,51,55,67,49,dqn_penalty_sweep_coeff_0_1_seed45.csv
train,0.1,95,-1,0.7421428571428572,167.92824904860663,65.97222222222221,0,0,0,0,259.4,23.47926199261993,282.8792619926199,282.0,-142.95,139.05,75,53,59,54,47,dqn_penalty_sweep_coeff_0_1_seed45.csv
train,0.1,96,-1,0.7394285714285714,136.834138425489,71.875,23,6,0,0,304.1,23.47926199261993,327.57926199261993,-318.0,-160.04000000000002,-478.04,55,67,51,55,60,dqn_penalty_sweep_coeff_0_1_seed45.csv
train,0.1,97,-1,0.7367142857142857,223.21432676565288,39.93055555555556,0,0,91,2,223.7,23.47926199261993,247.17926199261996,-1217.0,-144.0,-1361.0,81,54,46,55,52,dqn_penalty_sweep_coeff_0_1_seed45.csv
train,0.1,98,-1,0.734,155.31899860692863,67.01388888888889,0,0,0,0,249.3,23.47926199261993,272.7792619926199,261.0,-132.4,128.59999999999997,82,62,57,43,44,dqn_penalty_sweep_coeff_0_1_seed45.csv
train,0.1,99,-1,0.7312857142857143,70.46206647697855,29.166666666666668,169,7,0,0,330.2,23.47926199261993,353.6792619926199,-4197.0,-168.64,-4365.639999999999,58,63,47,44,76,dqn_penalty_sweep_coeff_0_1_seed45.csv
eval,0.1,99,0,0.0,59.73094948619713,11.805555555555555,231,8,0,0,512.5,23.47926199261993,535.97926199262,-5799.0,-188.42,-5987.42,76,7,48,67,90,dqn_penalty_sweep_coeff_0_1_seed45.csv
eval,0.1,99,1,0.0,119.19601893062809,77.08333333333334,36,6,0,0,443.1,23.47926199261993,466.57926199261993,-528.0,-139.25,-667.25,86,71,36,34,61,dqn_penalty_sweep_coeff_0_1_seed45.csv
eval,0.1,99,2,0.0,168.31573003006025,43.75,13,3,0,0,375.0,23.47926199261993,398.4792619926199,-291.0,-105.45,-396.4500000000001,147,46,20,22,53,dqn_penalty_sweep_coeff_0_1_seed45.csv
train,0.1,0,-1,1.0,158.82924900193507,31.59722222222222,42,2,0,0,294.79999999999995,23.47926199261993,318.27926199261987,-1053.0,-146.55,-1199.55,70,61,46,64,47,dqn_penalty_sweep_coeff_0_1_seed46.csv
train,0.1,1,-1,0.9972857142857144,237.337264500174,17.36111111111111,0,0,7,2,305.2,23.47926199261993,328.6792619926199,-236.0,-169.69,-405.69000000000005,49,51,62,65,61,dqn_penalty_sweep_coeff_0_1_seed46.csv
train,0.1,2,-1,0.9945714285714286,178.39520754259397,50.34722222222222,0,0,0,0,294.2,23.47926199261993,317.6792619926199,147.0,-168.13,-21.129999999999995,53,52,55,67,61,dqn_penalty_sweep_coeff_0_1_seed46.csv
train,0.1,3,-1,0.9918571428571428,136.7513409611298,58.68055555555556,37,3,0,0,244.1,23.47926199261993,267.5792619926199,-735.0,-146.19,-881.19,56,74,63,48,47,dqn_penalty_sweep_coeff_0_1_seed46.csv
train,0.1,4,-1,0.9891428571428572,83.71422520072967,32.98611111111111,136,16,0,0,282.9,23.47926199261993,306.3792619926199,-3426.0,-159.13,-3585.13,57,65,54,51,61,dqn_penalty_sweep_coeff_0_1_seed46.csv
train,0.1,5,-1,0.9864285714285714,166.72412260523814,59.375,0,0,0,0,307.1,23.47926199261993,330.57926199261993,216.0,-160.72,55.27999999999998,59,61,55,49,64,dqn_penalty_sweep_coeff_0_1_seed46.csv
train,0.1,6,-1,0.9837142857142858,212.83411967315263,49.65277777777778,0,0,57,2,247.9,23.47926199261993,271.37926199261994,-657.0,-159.55,-816.55,48,74,51,60,55,dqn_penalty_sweep_coeff_0_1_seed46.csv
train,0.1,7,-1,0.981,100.94810838591565,60.06944444444444,83,9,0,0,261.70000000000005,23.47926199261993,285.17926199262,-1833.0,-153.54,-1986.54,52,64,70,52,50,dqn_penalty_sweep_coeff_0_1_seed46.csv
train,0.1,8,-1,0.9782857142857144,160.84189995704938,82.98611111111111,0,0,0,0,250.9,23.47926199261993,274.37926199261994,429.0,-160.57,268.43000000000006,57,55,59,60,57,dqn_penalty_sweep_coeff_0_1_seed46.csv
train,0.1,9,-1,0.9755714285714284,89.80661585599621,43.75,98,12,0,0,276.8,23.47926199261993,300.2792619926199,-2448.0,-158.6,-2606.6,52,73,47,60,56,dqn_penalty_sweep_coeff_0_1_seed46.csv
train,0.1,10,-1,0.9728571428571428,177.85404539660507,50.0,0,0,0,0,273.0,23.47926199261993,296.4792619926199,144.0,-150.88,-6.879999999999996,68,55,62,47,56,dqn_penalty_sweep_coeff_0_1_seed46.csv
train,0.1,11,-1,0.9701428571428572,91.30766453825076,64.23611111111111,73,8,0,0,308.1,23.47926199261993,331.57926199261993,-1575.0,-160.5,-1735.5000000000005,60,59,60,43,66,dqn_penalty_sweep_coeff_0_1_seed46.csv
train,0.1,12,-1,0.9674285714285714,152.02612881727202,77.08333333333334,0,0,0,0,263.1,23.47926199261993,286.57926199261993,375.0,-152.56,222.44,67,63,45,57,56,dqn_penalty_sweep_coeff_0_1_seed46.csv
train,0.1,13,-1,0.9647142857142856,97.90591614876683,62.5,70,4,0,0,290.79999999999995,23.47926199261993,314.27926199261987,-1521.0,-164.4,-1685.4,54,56,64,50,64,dqn_penalty_sweep_coeff_0_1_seed46.csv
train,0.1,14,-1,0.962,96.49400475710996,59.375,95,8,0,0,232.7,23.47926199261993,256.1792619926199,-2121.0,-148.61,-2269.61,60,74,47,58,49,dqn_penalty_sweep_coeff_0_1_seed46.csv
train,0.1,15,-1,0.9592857142857144,121.78168189258416,45.83333333333333,80,3,0,0,250.7,23.47926199261993,274.1792619926199,-1848.0,-153.51,-2001.51,56,64,61,56,51,dqn_penalty_sweep_coeff_0_1_seed46.csv
train,0.1,16,-1,0.9565714285714286,120.07251083979156,65.625,46,4,0,0,235.6,23.47926199261993,259.07926199261993,-900.0,-157.35,-1057.35,53,59,64,61,51,dqn_penalty_sweep_coeff_0_1_seed46.csv
train,0.1,17,-1,0.9538571428571428,187.0531955224025,41.66666666666667,0,0,16,1,277.1,23.47926199261993,300.57926199261993,-161.0,-160.89999999999998,-321.9,53,57,60,64,54,dqn_penalty_sweep_coeff_0_1_seed46.csv
train,0.1,18,-1,0.9511428571428572,125.81288929426258,97.2222222222222,3,1,0,0,297.6,23.47926199261993,321.07926199261993,468.0,-159.47000000000003,308.53000000000003,59,55,61,54,59,dqn_penalty_sweep_coeff_0_1_seed46.csv
train,0.1,19,-1,0.9484285714285714,102.11049483850398,38.88888888888889,129,9,0,0,292.5,23.47926199261993,315.9792619926199,-3129.0,-155.51,-3284.51,56,68,54,55,55,dqn_penalty_sweep_coeff_0_1_seed46.csv
train,0.1,20,-1,0.9457142857142856,84.36151515821922,48.26388888888889,87,9,0,0,275.0,23.47926199261993,298.4792619926199,-2145.0,-147.07,-2292.07,66,61,62,48,51,dqn_penalty_sweep_coeff_0_1_seed46.csv
train,0.1,21,-1,0.943,90.26437586519458,64.58333333333334,67,8,0,0,245.2,23.47926199261993,268.6792619926199,-1443.0,-155.38,-1598.38,50,68,69,47,54,dqn_penalty_sweep_coeff_0_1_seed46.csv
train,0.1,22,-1,0.9402857142857144,122.11531956189955,76.38888888888889,7,5,0,0,272.4,23.47926199261993,295.8792619926199,66.0,-163.8,-97.79999999999995,53,60,55,60,60,dqn_penalty_sweep_coeff_0_1_seed46.csv
train,0.1,23,-1,0.9375714285714286,83.38336812913155,47.56944444444444,131,3,0,0,279.0,23.47926199261993,302.4792619926199,-3081.0,-163.27999999999997,-3244.28,57,53,58,60,60,dqn_penalty_sweep_coeff_0_1_seed46.csv
train,0.1,24,-1,0.9348571428571428,97.40457776460572,72.91666666666666,33,4,0,0,297.1,23.47926199261993,320.57926199261993,-585.0,-165.18,-750.1800000000003,57,54,53,62,62,dqn_penalty_sweep_coeff_0_1_seed46.csv
train,0.1,25,-1,0.9321428571428572,163.27160964615078,47.22222222222222,10,7,0,0,259.6,23.47926199261993,283.07926199261993,-171.0,-157.48999999999998,-328.49,64,55,51,61,57,dqn_penalty_sweep_coeff_0_1_seed46.csv
train,0.1,26,-1,0.9294285714285714,178.10090306047283,50.69444444444444,0,0,0,0,293.6,23.47926199261993,317.07926199261993,150.0,-149.58,0.4199999999999875,71,55,55,53,54,dqn_penalty_sweep_coeff_0_1_seed46.csv
train,0.1,27,-1,0.9267142857142856,131.79422265067106,96.18055555555556,5,1,0,0,279.8,23.47926199261993,303.2792619926199,414.0,-155.52,258.48,63,62,54,49,60,dqn_penalty_sweep_coeff_0_1_seed46.csv
train,0.1,28,-1,0.924,262.15335962263583,4.861111111111112,0,0,42,11,270.6,23.47926199261993,294.07926199261993,-834.0,-148.88,-982.88,74,52,51,59,52,dqn_penalty_sweep_coeff_0_1_seed46.csv
train,0.1,29,-1,0.9212857142857144,158.18357999487475,65.625,0,0,0,0,255.5,23.47926199261993,278.9792619926199,279.0,-153.98,125.02,72,46,52,64,54,dqn_penalty_sweep_coeff_0_1_seed46.csv
train,0.1,30,-1,0.9185714285714286,91.99849484520809,44.44444444444444,94,11,0,0,227.2,23.47926199261993,250.67926199261996,-2328.0,-155.82,-2483.82,60,53,66,55,54,dqn_penalty_sweep_coeff_0_1_seed46.csv
train,0.1,31,-1,0.9158571428571428,58.72380508909737,11.458333333333332,223,9,0,0,306.3,23.47926199261993,329.7792619926199,-5637.0,-157.34,-5794.34,53,65,59,57,54,dqn_penalty_sweep_coeff_0_1_seed46.csv
train,0.1,32,-1,0.9131428571428571,125.43764931495824,60.41666666666666,26,7,0,0,224.7,23.47926199261993,248.17926199261996,-498.0,-140.04,-638.04,76,69,48,43,52,dqn_penalty_sweep_coeff_0_1_seed46.csv
train,0.1,33,-1,0.9104285714285714,178.37872359980548,52.083333333333336,0,0,0,0,263.8,23.47926199261993,287.2792619926199,162.0,-152.48999999999998,9.510000000000002,71,52,48,64,53,dqn_penalty_sweep_coeff_0_1_seed46.csv
train,0.1,34,-1,0.9077142857142856,176.23815162563812,54.16666666666666,0,0,0,0,238.5,23.47926199261993,261.9792619926199,180.0,-142.72,37.27999999999997,74,59,54,53,48,dqn_penalty_sweep_coeff_0_1_seed46.csv
train,0.1,35,-1,0.905,206.24128757137436,24.65277777777778,0,0,0,0,220.0,23.47926199261993,243.47926199261997,-75.0,-137.71,-212.71,89,47,50,55,47,dqn_penalty_sweep_coeff_0_1_seed46.csv
train,0.1,36,-1,0.9022857142857142,85.2853578440823,30.55555555555556,140,10,0,0,321.20000000000005,23.47926199261993,344.67926199262,-3525.0,-172.61999999999998,-3697.62,63,43,43,69,70,dqn_penalty_sweep_coeff_0_1_seed46.csv
train,0.1,37,-1,0.8995714285714286,163.29095326044657,66.31944444444444,0,0,0,0,284.6,23.47926199261993,308.07926199261993,282.0,-155.32999999999998,126.67000000000002,64,56,50,65,53,dqn_penalty_sweep_coeff_0_1_seed46.csv
train,0.1,38,-1,0.8968571428571429,83.02010183999283,50.34722222222222,87,12,0,0,268.4,23.47926199261993,291.8792619926199,-2109.0,-150.06,-2259.06,62,63,57,56,50,dqn_penalty_sweep_coeff_0_1_seed46.csv
train,0.1,39,-1,0.8941428571428571,96.96650271629602,68.75,70,4,0,0,262.6,23.47926199261993,286.07926199261993,-1434.0,-150.07999999999998,-1584.0800000000002,69,58,57,48,56,dqn_penalty_sweep_coeff_0_1_seed46.csv
train,0.1,40,-1,0.8914285714285715,81.02043861749199,42.36111111111111,129,7,0,0,287.5,23.47926199261993,310.9792619926199,-3129.0,-161.57999999999998,-3290.5799999999995,67,55,44,56,66,dqn_penalty_sweep_coeff_0_1_seed46.csv
train,0.1,41,-1,0.8887142857142857,110.30896212430264,73.95833333333334,50,7,0,0,309.8,23.47926199261993,333.2792619926199,-918.0,-166.23999999999998,-1084.2400000000002,55,57,53,59,64,dqn_penalty_sweep_coeff_0_1_seed46.csv
train,0.1,42,-1,0.886,246.29905335061557,0.6944444444444444,0,0,48,1,275.1,23.47926199261993,298.57926199261993,-954.0,-150.63,-1104.63,63,70,49,51,55,dqn_penalty_sweep_coeff_0_1_seed46.csv
train,0.1,43,-1,0.8832857142857142,81.40270091360297,50.69444444444444,88,13,0,0,269.1,23.47926199261993,292.57926199261993,-2124.0,-153.04,-2277.04,70,52,61,45,60,dqn_penalty_sweep_coeff_0_1_seed46.csv
train,0.1,44,-1,0.8805714285714286,156.9318095533649,72.91666666666666,1,1,0,0,307.0,23.47926199261993,330.4792619926199,300.0,-159.62,140.38,63,59,55,45,66,dqn_penalty_sweep_coeff_0_1_seed46.csv
train,0.1,45,-1,0.8778571428571429,106.63917896051416,67.01388888888889,81,6,0,0,267.0,23.47926199261993,290.4792619926199,-1695.0,-158.78,-1853.78,55,53,69,57,54,dqn_penalty_sweep_coeff_0_1_seed46.csv
train,0.1,46,-1,0.8751428571428571,157.86319012652748,61.458333333333336,11,1,0,0,330.1,23.47926199261993,353.57926199261993,-33.0,-153.5,-186.5,67,59,52,52,58,dqn_penalty_sweep_coeff_0_1_seed46.csv
train,0.1,47,-1,0.8724285714285714,98.28065818474222,66.31944444444444,61,6,0,0,321.4,23.47926199261993,344.8792619926199,-1266.0,-164.14,-1430.14,54,51,63,62,58,dqn_penalty_sweep_coeff_0_1_seed46.csv
train,0.1,48,-1,0.8697142857142857,148.77744265120816,91.31944444444444,0,0,0,0,247.2,23.47926199261993,270.6792619926199,501.0,-163.51,337.49,56,56,53,64,59,dqn_penalty_sweep_coeff_0_1_seed46.csv
train,0.1,49,-1,0.867,216.78256176138777,21.52777777777778,0,0,0,0,252.1,23.47926199261993,275.57926199261993,-102.0,-137.74,-239.74,74,65,51,56,42,dqn_penalty_sweep_coeff_0_1_seed46.csv
eval,0.1,49,0,0.0,69.42762421202487,25.0,150,23,0,0,195.2,23.47926199261993,218.67926199261996,-3870.0,-131.87,-4001.87,111,43,39,36,59,dqn_penalty_sweep_coeff_0_1_seed46.csv
eval,0.1,49,1,0.0,237.88318365718797,2.083333333333333,0,0,10,2,300.0,23.47926199261993,323.4792619926199,-410.0,-138.77,-548.77,120,38,44,1,85,dqn_penalty_sweep_coeff_0_1_seed46.csv
eval,0.1,49,2,0.0,74.11651841754208,33.68055555555556,152,8,0,0,230.5,23.47926199261993,253.9792619926199,-3762.0,-128.75,-3890.75,108,49,41,35,55,dqn_penalty_sweep_coeff_0_1_seed46.csv
train,0.1,50,-1,0.8642857142857143,107.85504996404326,60.763888888888886,72,6,0,0,257.6,23.47926199261993,281.0792619926199,-1575.0,-161.70999999999998,-1736.71,56,58,63,48,63,dqn_penalty_sweep_coeff_0_1_seed46.csv
train,0.1,51,-1,0.8615714285714285,157.89237755256096,47.91666666666667,11,2,0,0,275.0,23.47926199261993,298.4792619926199,-171.0,-149.17,-320.17,63,64,54,58,49,dqn_penalty_sweep_coeff_0_1_seed46.csv
train,0.1,52,-1,0.8588571428571429,118.27451955595136,85.76388888888889,10,5,0,0,291.20000000000005,23.47926199261993,314.67926199262,120.0,-156.32,-36.32000000000002,61,60,53,58,56,dqn_penalty_sweep_coeff_0_1_seed46.csv
train,0.1,53,-1,0.8561428571428571,154.8002769993507,75.69444444444444,0,0,0,0,269.5,23.47926199261993,292.9792619926199,366.0,-169.66,196.34000000000003,55,56,53,54,70,dqn_penalty_sweep_coeff_0_1_seed46.csv
train,0.1,54,-1,0.8534285714285714,104.59909323448854,60.06944444444444,100,4,0,0,286.8,23.47926199261993,310.2792619926199,-2214.0,-141.52,-2355.5200000000004,69,63,65,43,48,dqn_penalty_sweep_coeff_0_1_seed46.csv
train,0.1,55,-1,0.8507142857142858,145.1780281224457,66.31944444444444,21,2,0,0,294.29999999999995,23.47926199261993,317.77926199261987,-240.0,-152.39,-392.39,57,70,59,47,55,dqn_penalty_sweep_coeff_0_1_seed46.csv
train,0.1,56,-1,0.848,69.07525622148319,30.20833333333333,159,9,0,0,243.9,23.47926199261993,267.3792619926199,-3969.0,-149.10000000000002,-4118.1,63,57,61,61,46,dqn_penalty_sweep_coeff_0_1_seed46.csv
train,0.1,57,-1,0.8452857142857143,120.9158315593292,85.76388888888889,23,3,0,0,331.70000000000005,23.47926199261993,355.17926199262,-150.0,-168.19,-318.19000000000005,57,54,51,59,67,dqn_penalty_sweep_coeff_0_1_seed46.csv
train,0.1,58,-1,0.8425714285714285,187.29649122230188,42.01388888888889,0,0,0,0,314.3,23.47926199261993,337.7792619926199,75.0,-155.87,-80.87,68,50,58,53,59,dqn_penalty_sweep_coeff_0_1_seed46.csv
train,0.1,59,-1,0.8398571428571429,270.9413554877392,4.513888888888888,0,0,100,3,260.3,23.47926199261993,283.7792619926199,-1649.0,-137.81,-1786.8100000000002,69,70,54,54,41,dqn_penalty_sweep_coeff_0_1_seed46.csv
train,0.1,60,-1,0.8371428571428572,147.43291458905813,84.375,0,0,0,0,295.1,23.47926199261993,318.57926199261993,420.0,-161.37,258.63,59,49,61,62,57,dqn_penalty_sweep_coeff_0_1_seed46.csv
train,0.1,61,-1,0.8344285714285714,139.3159773791309,68.05555555555556,2,1,0,0,305.40000000000003,23.47926199261993,328.87926199261994,216.0,-149.39,66.60999999999999,71,50,66,46,55,dqn_penalty_sweep_coeff_0_1_seed46.csv
train,0.1,62,-1,0.8317142857142857,173.57613272437584,63.19444444444444,0,0,0,0,311.0,23.47926199261993,334.4792619926199,258.0,-156.48,101.52,71,45,51,65,56,dqn_penalty_sweep_coeff_0_1_seed46.csv
train,0.1,63,-1,0.829,208.2764673613582,45.83333333333333,0,0,34,7,274.2,23.47926199261993,297.6792619926199,-368.0,-150.79999999999998,-518.8000000000001,65,57,53,65,48,dqn_penalty_sweep_coeff_0_1_seed46.csv
train,0.1,64,-1,0.8262857142857143,161.88659987465837,47.91666666666667,12,1,0,0,298.6,23.47926199261993,322.07926199261993,-195.0,-158.32,-353.32000000000005,62,63,45,58,60,dqn_penalty_sweep_coeff_0_1_seed46.csv
train,0.1,65,-1,0.8235714285714286,73.51496155191752,33.68055555555556,148,9,0,0,232.5,23.47926199261993,255.97926199261997,-3678.0,-140.31,-3818.31,71,59,62,53,43,dqn_penalty_sweep_coeff_0_1_seed46.csv
train,0.1,66,-1,0.8208571428571428,182.8028121087063,55.208333333333336,0,0,0,0,278.9,23.47926199261993,302.3792619926199,189.0,-145.54,43.45999999999998,64,57,64,61,42,dqn_penalty_sweep_coeff_0_1_seed46.csv
train,0.1,67,-1,0.8181428571428572,275.2167810850983,3.4722222222222223,0,0,110,5,268.6,23.47926199261993,292.07926199261993,-1798.0,-139.5,-1937.5,70,63,59,54,42,dqn_penalty_sweep_coeff_0_1_seed46.csv
train,0.1,68,-1,0.8154285714285714,199.6221246643584,34.02777777777778,0,0,2,2,273.4,23.47926199261993,296.8792619926199,-22.0,-153.78,-175.77999999999997,69,50,61,50,58,dqn_penalty_sweep_coeff_0_1_seed46.csv
train,0.1,69,-1,0.8127142857142857,140.8530851961787,78.47222222222221,2,2,0,0,296.29999999999995,23.47926199261993,319.77926199261987,285.0,-150.32,134.67999999999998,64,52,59,69,44,dqn_penalty_sweep_coeff_0_1_seed46.csv
train,0.1,70,-1,0.81,117.61488099959232,73.95833333333334,43,7,0,0,282.0,23.47926199261993,305.4792619926199,-756.0,-158.94,-914.9399999999998,67,50,55,54,62,dqn_penalty_sweep_coeff_0_1_seed46.csv
train,0.1,71,-1,0.8072857142857143,228.35657134574825,16.666666666666664,0,0,8,3,302.0,23.47926199261993,325.4792619926199,-256.0,-146.67000000000002,-402.67,79,50,47,61,51,dqn_penalty_sweep_coeff_0_1_seed46.csv
train,0.1,72,-1,0.8045714285714286,118.82365302019696,66.66666666666666,65,12,0,0,257.6,23.47926199261993,281.07926199261993,-1326.0,-146.26,-1472.26,69,54,67,48,50,dqn_penalty_sweep_coeff_0_1_seed46.csv
train,0.1,73,-1,0.8018571428571428,94.81721338920543,59.02777777777778,73,11,0,0,287.6,23.47926199261993,311.07926199261993,-1665.0,-155.76999999999998,-1820.77,65,57,51,58,57,dqn_penalty_sweep_coeff_0_1_seed46.csv
train,0.1,74,-1,0.7991428571428572,148.37305970909784,83.33333333333334,0,0,0,0,275.20000000000005,23.47926199261993,298.67926199262,432.0,-157.95,274.05,64,66,41,54,63,dqn_penalty_sweep_coeff_0_1_seed46.csv
train,0.1,75,-1,0.7964285714285715,103.60836038124174,59.72222222222222,79,8,0,0,369.0,23.47926199261993,392.4792619926199,-1779.0,-154.42000000000002,-1933.42,68,52,58,52,58,dqn_penalty_sweep_coeff_0_1_seed46.csv
train,0.1,76,-1,0.7937142857142857,165.63533944715653,71.875,0,0,0,0,312.0,23.47926199261993,335.4792619926199,333.0,-144.44,188.56,64,66,63,47,48,dqn_penalty_sweep_coeff_0_1_seed46.csv
train,0.1,77,-1,0.791,67.40470730864462,26.041666666666668,194,6,0,0,270.8,23.47926199261993,294.2792619926199,-4776.0,-160.95,-4936.95,69,46,51,59,63,dqn_penalty_sweep_coeff_0_1_seed46.csv
train,0.1,78,-1,0.7882857142857143,206.6930528007111,26.73611111111111,0,0,8,4,277.3,23.47926199261993,300.7792619926199,-178.0,-144.21999999999997,-322.22,71,65,50,52,50,dqn_penalty_sweep_coeff_0_1_seed46.csv
train,0.1,79,-1,0.7855714285714286,153.75078862912767,91.66666666666666,0,0,0,0,275.3,23.47926199261993,298.7792619926199,504.0,-149.76999999999998,354.23,71,53,49,66,49,dqn_penalty_sweep_coeff_0_1_seed46.csv
train,0.1,80,-1,0.7828571428571429,120.8468075216272,78.81944444444444,41,2,0,0,298.4,23.47926199261993,321.8792619926199,-618.0,-140.72,-758.7200000000001,86,50,51,49,52,dqn_penalty_sweep_coeff_0_1_seed46.csv
train,0.1,81,-1,0.7801428571428571,154.11528928295047,72.91666666666666,0,0,0,0,299.3,23.47926199261993,322.7792619926199,330.0,-150.76,179.24,74,58,48,48,60,dqn_penalty_sweep_coeff_0_1_seed46.csv
train,0.1,82,-1,0.7774285714285715,221.3833136592672,28.47222222222222,0,0,20,6,254.7,23.47926199261993,278.1792619926199,-322.0,-148.14999999999998,-470.15,73,57,53,50,55,dqn_penalty_sweep_coeff_0_1_seed46.csv
train,0.1,83,-1,0.7747142857142857,101.23840614483495,53.125,110,2,0,0,242.4,23.47926199261993,265.8792619926199,-2523.0,-156.20999999999998,-2679.21,66,65,47,45,65,dqn_penalty_sweep_coeff_0_1_seed46.csv
train,0.1,84,-1,0.772,141.00515576636218,62.15277777777778,37,2,0,0,273.6,23.47926199261993,297.0792619926199,-666.0,-138.32,-804.32,87,54,43,56,48,dqn_penalty_sweep_coeff_0_1_seed46.csv
train,0.1,85,-1,0.7692857142857144,202.4471514692381,31.944444444444443,0,0,0,0,296.6,23.47926199261993,320.07926199261993,-12.0,-145.42999999999998,-157.42999999999998,87,51,42,49,59,dqn_penalty_sweep_coeff_0_1_seed46.csv
train,0.1,86,-1,0.7665714285714286,115.99399344285231,93.05555555555556,4,2,0,0,287.6,23.47926199261993,311.07926199261993,384.0,-142.48000000000002,241.52,88,56,36,52,56,dqn_penalty_sweep_coeff_0_1_seed46.csv
train,0.1,87,-1,0.7638571428571428,163.98123861191672,53.47222222222222,1,1,0,0,279.29999999999995,23.47926199261993,302.77926199261987,123.0,-151.7,-28.700000000000003,75,53,54,44,62,dqn_penalty_sweep_coeff_0_1_seed46.csv
train,0.1,88,-1,0.7611428571428571,87.10539285852263,45.13888888888889,112,6,0,0,296.20000000000005,23.47926199261993,319.67926199262,-2706.0,-146.71999999999997,-2852.72,72,62,47,55,52,dqn_penalty_sweep_coeff_0_1_seed46.csv
train,0.1,89,-1,0.7584285714285715,155.4369702542878,62.5,0,0,0,0,235.7,23.47926199261993,259.1792619926199,201.0,-139.18,61.82000000000001,83,53,49,57,46,dqn_penalty_sweep_coeff_0_1_seed46.csv
train,0.1,90,-1,0.7557142857142858,145.77322465574937,52.083333333333336,41,3,0,0,280.1,23.47926199261993,303.57926199261993,-852.0,-147.24,-999.24,87,57,34,46,64,dqn_penalty_sweep_coeff_0_1_seed46.csv
train,0.1,91,-1,0.753,77.5067055602853,42.01388888888889,150,7,0,0,310.20000000000005,23.47926199261993,333.67926199262,-3576.0,-158.44,-3734.44,62,61,55,46,64,dqn_penalty_sweep_coeff_0_1_seed46.csv
train,0.1,92,-1,0.7502857142857143,150.3678905685408,52.77777777777778,27,2,0,0,293.00000000000006,23.47926199261993,316.47926199262,-486.0,-148.4,-634.4,74,53,58,47,56,dqn_penalty_sweep_coeff_0_1_seed46.csv
train,0.1,93,-1,0.7475714285714286,223.3687663618224,20.48611111111111,0,0,55,4,268.6,23.47926199261993,292.07926199261993,-881.0,-142.89,-1023.89,80,49,56,54,49,dqn_penalty_sweep_coeff_0_1_seed46.csv
train,0.1,94,-1,0.7448571428571429,153.29717265971777,80.55555555555556,0,0,0,0,331.2,23.47926199261993,354.6792619926199,408.0,-137.82,270.18,84,56,46,56,46,dqn_penalty_sweep_coeff_0_1_seed46.csv
train,0.1,95,-1,0.7421428571428572,136.09407668408028,71.18055555555556,34,4,0,0,283.20000000000005,23.47926199261993,306.67926199262,-561.0,-158.08999999999995,-719.0900000000001,65,51,60,51,61,dqn_penalty_sweep_coeff_0_1_seed46.csv
train,0.1,96,-1,0.7394285714285714,234.31206982120844,26.73611111111111,0,0,93,1,255.9,23.47926199261993,279.3792619926199,-1359.0,-139.42000000000002,-1498.42,76,63,50,53,46,dqn_penalty_sweep_coeff_0_1_seed46.csv
train,0.1,97,-1,0.7367142857142857,152.85372082915077,73.26388888888889,0,0,0,0,272.29999999999995,23.47926199261993,295.77926199261987,342.0,-133.91,208.09,91,57,48,41,51,dqn_penalty_sweep_coeff_0_1_seed46.csv
train,0.1,98,-1,0.734,66.49403321244792,23.958333333333336,189,8,0,0,346.6,23.47926199261993,370.0792619926199,-4707.0,-144.67,-4851.67,82,57,41,53,55,dqn_penalty_sweep_coeff_0_1_seed46.csv
train,0.1,99,-1,0.7312857142857143,194.8139700014561,40.27777777777778,0,0,0,0,245.1,23.47926199261993,268.5792619926199,60.0,-131.15,-71.15,90,55,57,39,47,dqn_penalty_sweep_coeff_0_1_seed46.csv
eval,0.1,99,0,0.0,98.94656306535536,70.83333333333334,42,5,0,0,470.1,23.47926199261993,493.57926199261993,-810.0,-110.27,-920.2700000000002,168,17,20,16,67,dqn_penalty_sweep_coeff_0_1_seed46.csv
eval,0.1,99,1,0.0,87.45336234852658,52.43055555555556,132,1,0,0,460.4,23.47926199261993,483.87926199262,-3018.0,-124.67,-3142.67,143,26,28,20,71,dqn_penalty_sweep_coeff_0_1_seed46.csv
eval,0.1,99,2,0.0,93.91744008094427,46.18055555555556,109,10,0,0,381.2,23.47926199261993,404.6792619926199,-2634.0,-114.5,-2748.5000000000005,154,27,17,28,62,dqn_penalty_sweep_coeff_0_1_seed46.csv
