phase,coeff,train_episode,eval_episode,epsilon,mean_glucose,time_in_range_percent,hypo_steps,hypo_events,severe_hyper_steps,severe_hyper_events,total_bolus_units,total_basal_units,total_insulin_units,sum_zone_reward,sum_insulin_penalty,total_reward,action_0_count,action_1_count,action_2_count,action_3_count,action_4_count,source
train,0.4,0,-1,1.0,173.05895060288174,42.70833333333333,0,0,0,0,252.8,23.47926199261993,276.2792619926199,81.0,-607.76,-526.76,52,72,69,41,54,dqn_penalty_sweep_coeff_0_4_seed42.csv
train,0.4,1,-1,0.9972857142857144,185.4193219884196,42.36111111111111,0,0,0,0,281.5,23.47926199261993,304.9792619926199,78.0,-678.4399999999999,-600.4399999999999,49,57,52,69,61,dqn_penalty_sweep_coeff_0_4_seed42.csv
train,0.4,2,-1,0.9945714285714286,168.32081388585695,66.66666666666666,0,0,0,0,303.9,23.47926199261993,327.3792619926199,288.0,-559.56,-271.55999999999995,81,56,52,50,49,dqn_penalty_sweep_coeff_0_4_seed42.csv
train,0.4,3,-1,0.9918571428571428,85.6014818518364,43.40277777777778,136,10,0,0,262.1,23.47926199261993,285.5792619926199,-3258.0,-623.4000000000001,-3881.4,56,67,51,61,53,dqn_penalty_sweep_coeff_0_4_seed42.csv
train,0.4,4,-1,0.9891428571428572,150.0665730559977,42.01388888888889,46,2,0,0,289.4,23.47926199261993,312.8792619926199,-1056.0,-650.8,-1706.8000000000002,48,67,57,58,58,dqn_penalty_sweep_coeff_0_4_seed42.csv
train,0.4,5,-1,0.9864285714285714,226.1504589446186,22.569444444444446,0,0,9,1,272.7,23.47926199261993,296.1792619926199,-219.0,-613.56,-832.56,57,58,62,64,47,dqn_penalty_sweep_coeff_0_4_seed42.csv
train,0.4,6,-1,0.9837142857142858,198.9344436537052,33.68055555555556,0,0,0,0,258.4,23.47926199261993,281.8792619926199,3.0,-622.96,-619.96,64,62,47,57,58,dqn_penalty_sweep_coeff_0_4_seed42.csv
train,0.4,7,-1,0.981,137.2170724540215,61.458333333333336,35,3,0,0,263.2,23.47926199261993,286.6792619926199,-657.0,-649.48,-1306.48,58,59,50,60,61,dqn_penalty_sweep_coeff_0_4_seed42.csv
train,0.4,8,-1,0.9782857142857144,87.66868115878441,34.375,116,12,0,0,267.6,23.47926199261993,291.07926199261993,-2964.0,-652.8,-3616.8,55,54,69,46,64,dqn_penalty_sweep_coeff_0_4_seed42.csv
train,0.4,9,-1,0.9755714285714284,186.3607545496828,50.69444444444444,0,0,0,0,242.7,23.47926199261993,266.1792619926199,150.0,-576.16,-426.16,65,60,72,43,48,dqn_penalty_sweep_coeff_0_4_seed42.csv
train,0.4,10,-1,0.9728571428571428,212.19661967315267,49.65277777777778,0,0,55,2,276.6,23.47926199261993,300.07926199261993,-629.0,-666.8,-1295.8000000000002,52,43,73,62,58,dqn_penalty_sweep_coeff_0_4_seed42.csv
train,0.4,11,-1,0.9701428571428572,101.31320611894704,60.41666666666666,85,8,0,0,269.5,23.47926199261993,292.9792619926199,-1869.0,-636.64,-2505.6400000000003,57,61,59,51,60,dqn_penalty_sweep_coeff_0_4_seed42.csv
train,0.4,12,-1,0.9674285714285714,142.7837402348271,92.36111111111111,0,0,0,0,291.29999999999995,23.47926199261993,314.77926199261987,510.0,-603.88,-93.88,61,64,53,61,49,dqn_penalty_sweep_coeff_0_4_seed42.csv
train,0.4,13,-1,0.9647142857142856,86.79926753311065,39.93055555555556,109,14,0,0,324.6,23.47926199261993,348.07926199261993,-2748.0,-639.8799999999999,-3387.88,56,59,57,59,57,dqn_penalty_sweep_coeff_0_4_seed42.csv
train,0.4,14,-1,0.962,183.49137178549395,42.70833333333333,0,0,0,0,273.0,23.47926199261993,296.4792619926199,81.0,-602.6800000000001,-521.6800000000001,68,55,61,49,55,dqn_penalty_sweep_coeff_0_4_seed42.csv
train,0.4,15,-1,0.9592857142857144,96.89563649854968,69.09722222222221,56,5,0,0,241.5,23.47926199261993,264.9792619926199,-1134.0,-591.6399999999999,-1725.64,59,61,71,50,47,dqn_penalty_sweep_coeff_0_4_seed42.csv
train,0.4,16,-1,0.9565714285714286,152.4247399283832,73.95833333333334,0,0,0,0,284.70000000000005,23.47926199261993,308.17926199262,336.0,-608.6399999999999,-272.64,53,65,74,44,52,dqn_penalty_sweep_coeff_0_4_seed42.csv
train,0.4,17,-1,0.9538571428571428,98.81801301809622,59.72222222222222,74,5,0,0,301.40000000000003,23.47926199261993,324.87926199261994,-1647.0,-566.4,-2213.4,74,59,58,49,48,dqn_penalty_sweep_coeff_0_4_seed42.csv
train,0.4,18,-1,0.9511428571428572,100.05292379922336,62.15277777777778,77,12,0,0,270.20000000000005,23.47926199261993,293.67926199262,-1695.0,-587.3599999999999,-2282.36,55,70,58,65,40,dqn_penalty_sweep_coeff_0_4_seed42.csv
train,0.4,19,-1,0.9484285714285714,122.59469713079368,39.93055555555556,86,5,2,1,288.79999999999995,23.47926199261993,312.27926199261987,-2098.0,-636.3199999999999,-2734.32,55,62,63,48,60,dqn_penalty_sweep_coeff_0_4_seed42.csv
train,0.4,20,-1,0.9457142857142856,122.4804086651008,63.54166666666666,47,3,0,0,302.6,23.47926199261993,326.07926199261993,-948.0,-662.36,-1610.36,52,58,60,55,63,dqn_penalty_sweep_coeff_0_4_seed42.csv
train,0.4,21,-1,0.943,190.8370277921721,36.45833333333333,0,0,16,1,265.20000000000005,23.47926199261993,288.67926199262,-245.0,-674.2,-919.2,56,56,56,49,71,dqn_penalty_sweep_coeff_0_4_seed42.csv
train,0.4,22,-1,0.9402857142857144,126.069660127596,97.56944444444444,2,1,0,0,270.1,23.47926199261993,293.57926199261993,498.0,-610.88,-112.88,52,73,54,61,48,dqn_penalty_sweep_coeff_0_4_seed42.csv
train,0.4,23,-1,0.9375714285714286,100.89295742738196,40.97222222222222,124,10,0,0,268.1,23.47926199261993,291.5792619926199,-3003.0,-632.44,-3635.44,59,59,52,63,55,dqn_penalty_sweep_coeff_0_4_seed42.csv
train,0.4,24,-1,0.9348571428571428,90.10046015729426,58.68055555555556,73,11,0,0,267.2,23.47926199261993,290.6792619926199,-1671.0,-618.76,-2289.76,54,65,57,63,49,dqn_penalty_sweep_coeff_0_4_seed42.csv
train,0.4,25,-1,0.9321428571428572,84.96383254169609,53.47222222222222,92,8,0,0,255.3,23.47926199261993,278.7792619926199,-2157.0,-654.12,-2811.1200000000003,54,53,67,53,61,dqn_penalty_sweep_coeff_0_4_seed42.csv
train,0.4,26,-1,0.9294285714285714,136.39934733967752,87.5,0,0,0,0,229.7,23.47926199261993,253.17926199261996,459.0,-609.24,-150.23999999999998,61,65,57,50,55,dqn_penalty_sweep_coeff_0_4_seed42.csv
train,0.4,27,-1,0.9267142857142856,89.94105632319935,54.86111111111112,128,2,0,0,279.70000000000005,23.47926199261993,303.17926199262,-2892.0,-608.2,-3500.2000000000003,70,58,42,65,53,dqn_penalty_sweep_coeff_0_4_seed42.csv
train,0.4,28,-1,0.924,119.36871965345372,92.70833333333334,10,2,0,0,263.29999999999995,23.47926199261993,286.77926199261987,240.0,-543.72,-303.72,77,56,63,51,41,dqn_penalty_sweep_coeff_0_4_seed42.csv
train,0.4,29,-1,0.9212857142857144,142.25077631281752,40.97222222222222,27,6,0,0,272.3,23.47926199261993,295.7792619926199,-684.0,-589.72,-1273.72,72,56,53,56,51,dqn_penalty_sweep_coeff_0_4_seed42.csv
train,0.4,30,-1,0.9185714285714286,181.5720836160283,43.05555555555556,0,0,0,0,290.79999999999995,23.47926199261993,314.27926199261987,84.0,-601.24,-517.24,80,49,47,53,59,dqn_penalty_sweep_coeff_0_4_seed42.csv
train,0.4,31,-1,0.9158571428571428,132.4658364519723,97.2222222222222,1,1,0,0,269.5,23.47926199261993,292.9792619926199,516.0,-613.9200000000001,-97.92000000000002,68,49,63,52,56,dqn_penalty_sweep_coeff_0_4_seed42.csv
train,0.4,32,-1,0.9131428571428571,272.4972832337469,4.861111111111112,0,0,120,11,286.79999999999995,23.47926199261993,310.27926199261987,-1926.0,-612.52,-2538.5200000000004,68,56,54,53,57,dqn_penalty_sweep_coeff_0_4_seed42.csv
train,0.4,33,-1,0.9104285714285714,135.1672605504304,77.77777777777779,1,1,0,0,310.9,23.47926199261993,334.3792619926199,285.0,-603.04,-318.04,72,53,55,52,56,dqn_penalty_sweep_coeff_0_4_seed42.csv
train,0.4,34,-1,0.9077142857142856,89.79352350148719,42.70833333333333,102,9,0,0,255.9,23.47926199261993,279.3792619926199,-2526.0,-620.88,-3146.88,56,60,67,51,54,dqn_penalty_sweep_coeff_0_4_seed42.csv
train,0.4,35,-1,0.905,59.30256373565052,12.5,221,8,0,0,248.9,23.47926199261993,272.37926199261994,-5577.0,-593.28,-6170.280000000001,63,70,59,40,56,dqn_penalty_sweep_coeff_0_4_seed42.csv
train,0.4,36,-1,0.9022857142857142,109.24624440724692,41.66666666666667,84,10,0,0,266.0,23.47926199261993,289.4792619926199,-2046.0,-547.72,-2593.72,78,64,50,51,45,dqn_penalty_sweep_coeff_0_4_seed42.csv
train,0.4,37,-1,0.8995714285714286,174.3809805442499,62.84722222222222,0,0,0,0,298.70000000000005,23.47926199261993,322.17926199262,255.0,-594.6800000000001,-339.68,78,48,60,43,59,dqn_penalty_sweep_coeff_0_4_seed42.csv
train,0.4,38,-1,0.8968571428571429,144.66731829230463,91.66666666666666,0,0,0,0,272.4,23.47926199261993,295.8792619926199,501.0,-619.64,-118.64,62,58,64,45,59,dqn_penalty_sweep_coeff_0_4_seed42.csv
train,0.4,39,-1,0.8941428571428571,199.13503757137423,27.08333333333333,0,0,0,0,252.0,23.47926199261993,275.4792619926199,-54.0,-549.0,-603.0,75,64,57,47,45,dqn_penalty_sweep_coeff_0_4_seed42.csv
train,0.4,40,-1,0.8914285714285715,91.33435436416394,39.58333333333333,108,18,0,0,256.9,23.47926199261993,280.3792619926199,-2697.0,-612.44,-3309.44,65,57,57,54,55,dqn_penalty_sweep_coeff_0_4_seed42.csv
train,0.4,41,-1,0.8887142857142857,171.44720326044657,57.638888888888886,0,0,0,0,260.8,23.47926199261993,284.2792619926199,210.0,-551.24,-341.24,70,62,65,50,41,dqn_penalty_sweep_coeff_0_4_seed42.csv
train,0.4,42,-1,0.886,82.37532981055838,45.13888888888889,78,13,0,0,274.9,23.47926199261993,298.3792619926199,-2010.0,-654.28,-2664.28,55,63,54,51,65,dqn_penalty_sweep_coeff_0_4_seed42.csv
train,0.4,43,-1,0.8832857142857142,98.03592333697613,65.625,69,4,0,0,301.2,23.47926199261993,324.6792619926199,-1467.0,-593.04,-2060.04,73,54,56,51,54,dqn_penalty_sweep_coeff_0_4_seed42.csv
train,0.4,44,-1,0.8805714285714286,87.0549213396144,50.0,114,7,0,0,293.8,23.47926199261993,317.2792619926199,-2682.0,-628.88,-3310.88,63,57,53,57,58,dqn_penalty_sweep_coeff_0_4_seed42.csv
train,0.4,45,-1,0.8778571428571429,101.26325247646024,67.70833333333334,58,9,0,0,253.1,23.47926199261993,276.5792619926199,-1200.0,-601.64,-1801.64,62,56,66,55,49,dqn_penalty_sweep_coeff_0_4_seed42.csv
train,0.4,46,-1,0.8751428571428571,259.1087755728378,0.0,0,0,56,5,243.3,23.47926199261993,266.7792619926199,-1072.0,-579.64,-1651.6400000000003,75,67,49,38,59,dqn_penalty_sweep_coeff_0_4_seed42.csv
train,0.4,47,-1,0.8724285714285714,81.51845604652397,51.388888888888886,92,11,0,0,256.5,23.47926199261993,279.9792619926199,-2196.0,-610.28,-2806.28,63,61,61,46,57,dqn_penalty_sweep_coeff_0_4_seed42.csv
train,0.4,48,-1,0.8697142857142857,147.62399705336475,72.91666666666666,6,1,0,0,299.40000000000003,23.47926199261993,322.87926199261994,183.0,-612.48,-429.48,57,66,58,55,52,dqn_penalty_sweep_coeff_0_4_seed42.csv
train,0.4,49,-1,0.867,105.53704631362751,65.97222222222221,86,4,0,0,246.0,23.47926199261993,269.4792619926199,-1818.0,-549.48,-2367.48,73,64,55,55,41,dqn_penalty_sweep_coeff_0_4_seed42.csv
eval,0.4,49,0,0.0,161.61370669505513,76.38888888888889,0,0,0,0,96.4,23.47926199261993,119.87926199261992,372.0,-271.64,100.36,119,79,86,1,3,dqn_penalty_sweep_coeff_0_4_seed42.csv
eval,0.4,49,1,0.0,178.82018900113155,47.56944444444444,0,0,0,0,119.89999999999998,23.47926199261993,143.37926199261992,123.0,-266.12,-143.12,129,71,81,2,5,dqn_penalty_sweep_coeff_0_4_seed42.csv
eval,0.4,49,2,0.0,106.98339994059164,62.84722222222222,41,7,0,0,117.2,23.47926199261993,140.67926199261993,-846.0,-373.92,-1219.92,80,64,135,1,8,dqn_penalty_sweep_coeff_0_4_seed42.csv
train,0.4,50,-1,0.8642857142857143,181.31284290430528,39.23611111111111,7,2,0,0,244.9,23.47926199261993,268.3792619926199,-129.0,-604.24,-733.24,68,59,51,56,54,dqn_penalty_sweep_coeff_0_4_seed42.csv
train,0.4,51,-1,0.8615714285714285,110.44077259196553,78.125,36,4,0,0,251.2,23.47926199261993,274.6792619926199,-537.0,-625.56,-1162.56,57,57,53,74,47,dqn_penalty_sweep_coeff_0_4_seed42.csv
train,0.4,52,-1,0.8588571428571429,154.0078245956526,90.9722222222222,0,0,0,0,265.5,23.47926199261993,288.9792619926199,498.0,-637.6800000000001,-139.68,55,61,60,54,58,dqn_penalty_sweep_coeff_0_4_seed42.csv
train,0.4,53,-1,0.8561428571428571,211.1238812058321,21.180555555555557,0,0,0,0,265.6,23.47926199261993,289.07926199261993,-105.0,-553.64,-658.64,77,59,56,51,45,dqn_penalty_sweep_coeff_0_4_seed42.csv
train,0.4,54,-1,0.8534285714285714,97.52036509583668,53.81944444444444,78,13,0,0,237.1,23.47926199261993,260.57926199261993,-1824.0,-611.72,-2435.72,61,71,48,51,57,dqn_penalty_sweep_coeff_0_4_seed42.csv
train,0.4,55,-1,0.8507142857142858,155.35331505256102,49.30555555555556,11,2,0,0,278.29999999999995,23.47926199261993,301.77926199261987,-165.0,-592.52,-757.52,85,50,43,49,61,dqn_penalty_sweep_coeff_0_4_seed42.csv
train,0.4,56,-1,0.848,100.82955427817367,72.22222222222221,21,8,0,0,230.6,23.47926199261993,254.07926199262,-345.0,-550.8399999999999,-895.8399999999999,74,55,70,46,43,dqn_penalty_sweep_coeff_0_4_seed42.csv
train,0.4,57,-1,0.8452857142857143,150.7948950549062,73.61111111111111,5,2,0,0,309.8,23.47926199261993,333.2792619926199,201.0,-583.56,-382.56,64,64,63,48,49,dqn_penalty_sweep_coeff_0_4_seed42.csv
train,0.4,58,-1,0.8425714285714285,101.26366160833774,55.90277777777778,114,3,0,0,271.5,23.47926199261993,294.9792619926199,-2574.0,-569.4399999999999,-3143.44,62,63,67,56,40,dqn_penalty_sweep_coeff_0_4_seed42.csv
train,0.4,59,-1,0.8398571428571429,156.64447152720186,62.15277777777778,17,1,0,0,252.9,23.47926199261993,276.37926199261994,-165.0,-573.76,-738.76,67,61,60,56,44,dqn_penalty_sweep_coeff_0_4_seed42.csv
train,0.4,60,-1,0.8371428571428572,68.42662712454145,30.90277777777778,158,8,0,0,239.2,23.47926199261993,262.6792619926199,-3936.0,-628.0799999999999,-4564.08,58,63,50,63,54,dqn_penalty_sweep_coeff_0_4_seed42.csv
train,0.4,61,-1,0.8344285714285714,152.1584941122607,79.51388888888889,2,1,0,0,233.2,23.47926199261993,256.6792619926199,348.0,-604.3199999999999,-256.32,67,62,52,51,56,dqn_penalty_sweep_coeff_0_4_seed42.csv
train,0.4,62,-1,0.8317142857142857,199.04753288896845,29.51388888888889,0,0,0,0,257.69999999999993,23.47926199261993,281.17926199261984,-33.0,-604.4000000000001,-637.4000000000001,69,62,43,60,54,dqn_penalty_sweep_coeff_0_4_seed42.csv
train,0.4,63,-1,0.829,270.11015225793955,5.555555555555555,0,0,107,6,298.1,23.47926199261993,321.57926199261993,-1738.0,-587.0,-2325.0,72,65,47,49,55,dqn_penalty_sweep_coeff_0_4_seed42.csv
train,0.4,64,-1,0.8262857142857143,166.84853958905816,65.27777777777779,0,0,0,0,222.1,23.47926199261993,245.5792619926199,276.0,-566.6800000000001,-290.68,67,59,68,51,43,dqn_penalty_sweep_coeff_0_4_seed42.csv
train,0.4,65,-1,0.8235714285714286,131.230213490242,62.15277777777778,12,6,0,0,253.5,23.47926199261993,276.9792619926199,-153.0,-649.88,-802.88,48,58,61,70,51,dqn_penalty_sweep_coeff_0_4_seed42.csv
train,0.4,66,-1,0.8208571428571428,176.6973570737253,59.02777777777778,0,0,0,0,277.29999999999995,23.47926199261993,300.77926199261987,222.0,-617.04,-395.04,61,50,67,60,50,dqn_penalty_sweep_coeff_0_4_seed42.csv
train,0.4,67,-1,0.8181428571428572,211.41552986135832,39.93055555555556,0,0,26,6,265.9,23.47926199261993,289.3792619926199,-307.0,-577.4000000000001,-884.4000000000001,79,56,52,46,55,dqn_penalty_sweep_coeff_0_4_seed42.csv
train,0.4,68,-1,0.8154285714285714,178.29510681910284,48.61111111111111,0,0,0,0,227.6,23.47926199261993,251.07926199261996,132.0,-572.16,-440.16,72,72,43,49,52,dqn_penalty_sweep_coeff_0_4_seed42.csv
train,0.4,69,-1,0.8127142857142857,71.06009587342427,30.55555555555556,168,8,0,0,239.2,23.47926199261993,262.6792619926199,-4152.0,-540.6800000000001,-4692.68,72,76,52,43,45,dqn_penalty_sweep_coeff_0_4_seed42.csv
train,0.4,70,-1,0.81,174.7202717558534,60.763888888888886,0,0,0,0,244.40000000000003,23.47926199261993,267.87926199261994,237.0,-575.3199999999999,-338.32000000000005,79,60,47,47,55,dqn_penalty_sweep_coeff_0_4_seed42.csv
train,0.4,71,-1,0.8072857142857143,254.2358783073206,4.166666666666666,0,0,46,5,282.0,23.47926199261993,305.4792619926199,-896.0,-563.52,-1459.52,83,62,45,42,56,dqn_penalty_sweep_coeff_0_4_seed42.csv
train,0.4,72,-1,0.8045714285714286,199.946355144839,34.375,0,0,2,2,275.40000000000003,23.47926199261993,298.87926199261994,-19.0,-515.6800000000001,-534.6800000000001,96,50,52,46,44,dqn_penalty_sweep_coeff_0_4_seed42.csv
train,0.4,73,-1,0.8018571428571428,138.35082825173427,87.15277777777779,0,0,0,0,281.30000000000007,23.47926199261993,304.77926199262,429.0,-565.72,-136.71999999999997,63,74,61,43,47,dqn_penalty_sweep_coeff_0_4_seed42.csv
train,0.4,74,-1,0.7991428571428572,131.83561447120297,75.34722222222221,11,5,0,0,250.1,23.47926199261993,273.57926199261993,12.0,-547.2,-535.1999999999999,71,72,54,47,44,dqn_penalty_sweep_coeff_0_4_seed42.csv
train,0.4,75,-1,0.7964285714285715,247.58556440130397,11.11111111111111,0,0,63,8,263.8,23.47926199261993,287.2792619926199,-1074.0,-529.4,-1603.4,87,52,66,36,47,dqn_penalty_sweep_coeff_0_4_seed42.csv
train,0.4,76,-1,0.7937142857142857,116.5948640866566,69.09722222222221,50,5,0,0,265.29999999999995,23.47926199261993,288.77926199261987,-987.0,-584.68,-1571.68,79,49,54,53,53,dqn_penalty_sweep_coeff_0_4_seed42.csv
train,0.4,77,-1,0.791,97.02283306074872,61.80555555555556,73,12,0,0,245.6,23.47926199261993,269.07926199261993,-1617.0,-575.6399999999999,-2192.64,70,63,52,56,47,dqn_penalty_sweep_coeff_0_4_seed42.csv
train,0.4,78,-1,0.7882857142857143,148.54528193132012,87.5,0,0,0,0,243.1,23.47926199261993,266.57926199261993,468.0,-571.28,-103.28,75,68,46,45,54,dqn_penalty_sweep_coeff_0_4_seed42.csv
train,0.4,79,-1,0.7855714285714286,138.1024619607694,84.375,0,0,0,0,255.7,23.47926199261993,279.1792619926199,435.0,-566.1600000000001,-131.16000000000005,76,58,58,46,50,dqn_penalty_sweep_coeff_0_4_seed42.csv
train,0.4,80,-1,0.7828571428571429,166.00704083604558,69.09722222222221,0,0,0,0,236.2,23.47926199261993,259.6792619926199,309.0,-515.88,-206.88,85,66,49,47,41,dqn_penalty_sweep_coeff_0_4_seed42.csv
train,0.4,81,-1,0.7801428571428571,66.38779958969857,26.041666666666668,195,5,0,0,218.7,23.47926199261993,242.17926199261996,-4797.0,-626.44,-5423.44,53,69,60,49,57,dqn_penalty_sweep_coeff_0_4_seed42.csv
train,0.4,82,-1,0.7774285714285715,213.923434745156,26.73611111111111,0,0,2,1,297.0,23.47926199261993,320.4792619926199,-85.0,-573.44,-658.44,80,61,46,45,56,dqn_penalty_sweep_coeff_0_4_seed42.csv
train,0.4,83,-1,0.7747142857142857,171.8525247402388,55.90277777777778,0,0,0,0,222.1,23.47926199261993,245.57926199262,195.0,-543.88,-348.88,82,55,58,48,45,dqn_penalty_sweep_coeff_0_4_seed42.csv
train,0.4,84,-1,0.772,125.48333235825096,78.125,40,3,0,0,261.6,23.47926199261993,285.07926199261993,-597.0,-590.72,-1187.7200000000005,62,63,62,53,48,dqn_penalty_sweep_coeff_0_4_seed42.csv
train,0.4,85,-1,0.7692857142857144,151.48247678295058,81.59722222222221,0,0,0,0,259.7,23.47926199261993,283.1792619926199,402.0,-552.8,-150.8,77,59,55,53,44,dqn_penalty_sweep_coeff_0_4_seed42.csv
train,0.4,86,-1,0.7665714285714286,223.13886921482276,30.55555555555556,0,0,26,8,302.9,23.47926199261993,326.3792619926199,-388.0,-516.56,-904.56,96,51,46,53,42,dqn_penalty_sweep_coeff_0_4_seed42.csv
train,0.4,87,-1,0.7638571428571428,97.25915980575762,54.513888888888886,112,3,0,0,288.1,23.47926199261993,311.57926199261993,-2562.0,-595.6800000000001,-3157.68,66,64,52,54,52,dqn_penalty_sweep_coeff_0_4_seed42.csv
train,0.4,88,-1,0.7611428571428571,120.78123350935164,56.25,55,4,0,0,291.3,23.47926199261993,314.7792619926199,-1197.0,-563.3999999999999,-1760.4,79,63,49,44,53,dqn_penalty_sweep_coeff_0_4_seed42.csv
train,0.4,89,-1,0.7584285714285715,212.9209361914604,23.61111111111111,0,0,0,0,260.0,23.47926199261993,283.4792619926199,-84.0,-537.3199999999999,-621.32,79,62,60,42,45,dqn_penalty_sweep_coeff_0_4_seed42.csv
train,0.4,90,-1,0.7557142857142858,119.5025003872967,94.79166666666666,0,0,0,0,282.7,23.47926199261993,306.1792619926199,510.0,-574.8799999999999,-64.88,80,55,41,64,48,dqn_penalty_sweep_coeff_0_4_seed42.csv
train,0.4,91,-1,0.753,170.65189833413902,49.65277777777778,0,0,0,0,283.0,23.47926199261993,306.4792619926199,120.0,-474.6,-354.6,97,58,53,47,33,dqn_penalty_sweep_coeff_0_4_seed42.csv
train,0.4,92,-1,0.7502857142857143,82.08261850472451,37.5,131,8,0,0,252.8,23.47926199261993,276.2792619926199,-3240.0,-580.0,-3820.0,69,68,58,37,56,dqn_penalty_sweep_coeff_0_4_seed42.csv
train,0.4,93,-1,0.7475714285714286,144.16440080984336,55.208333333333336,18,2,0,0,224.9,23.47926199261993,248.37926199261997,-309.0,-548.72,-857.72,79,67,50,42,50,dqn_penalty_sweep_coeff_0_4_seed42.csv
train,0.4,94,-1,0.7448571428571429,150.6803272866379,50.0,37,1,0,0,245.1,23.47926199261993,268.57926199261993,-765.0,-552.56,-1317.56,82,55,52,53,46,dqn_penalty_sweep_coeff_0_4_seed42.csv
train,0.4,95,-1,0.7421428571428572,84.35278872307521,46.875,144,4,0,0,249.9,23.47926199261993,273.37926199261994,-3366.0,-565.0,-3931.0,70,63,65,41,49,dqn_penalty_sweep_coeff_0_4_seed42.csv
train,0.4,96,-1,0.7394285714285714,157.89634715012232,47.22222222222222,26,1,0,0,258.5,23.47926199261993,281.9792619926199,-513.0,-518.3199999999999,-1031.3200000000002,90,52,52,56,38,dqn_penalty_sweep_coeff_0_4_seed42.csv
train,0.4,97,-1,0.7367142857142857,222.45817608404448,23.26388888888889,0,0,56,4,216.0,23.47926199261993,239.47926199261997,-871.0,-478.6,-1349.6,101,56,49,45,37,dqn_penalty_sweep_coeff_0_4_seed42.csv
train,0.4,98,-1,0.734,162.74543654860662,73.61111111111111,0,0,0,0,289.5,23.47926199261993,312.9792619926199,348.0,-536.2,-188.2,89,52,44,62,41,dqn_penalty_sweep_coeff_0_4_seed42.csv
train,0.4,99,-1,0.7312857142857143,131.9361764009645,74.30555555555556,27,7,0,0,264.0,23.47926199261993,287.4792619926199,-384.0,-527.3199999999999,-911.32,93,43,46,71,35,dqn_penalty_sweep_coeff_0_4_seed42.csv
eval,0.4,99,0,0.0,82.09620309165047,46.875,131,3,0,0,120.9,23.47926199261993,144.37926199261992,-3093.0,-461.24,-3554.24,95,62,60,40,31,dqn_penalty_sweep_coeff_0_4_seed42.csv
eval,0.4,99,1,0.0,177.74389585867655,63.888888888888886,0,0,0,0,168.39999999999998,23.47926199261993,191.87926199261992,264.0,-226.0,38.00000000000001,188,31,27,36,6,dqn_penalty_sweep_coeff_0_4_seed42.csv
eval,0.4,99,2,0.0,202.3613758791472,35.76388888888889,0,0,17,4,94.4,23.47926199261993,117.87926199261992,-217.0,-155.72,-372.72,198,49,23,17,1,dqn_penalty_sweep_coeff_0_4_seed42.csv
train,0.4,0,-1,1.0,189.0026553217528,38.88888888888889,0,0,0,0,242.90000000000003,23.47926199261993,266.37926199261994,48.0,-640.28,-592.28,58,53,58,64,55,dqn_penalty_sweep_coeff_0_4_seed43.csv
train,0.4,1,-1,0.9972857142857144,177.8326194414127,58.333333333333336,0,0,0,0,339.4,23.47926199261993,362.8792619926199,216.0,-607.96,-391.96,71,51,55,56,55,dqn_penalty_sweep_coeff_0_4_seed43.csv
train,0.4,2,-1,0.9945714285714286,85.08494861746104,43.40277777777778,125,15,0,0,250.0,23.47926199261993,273.4792619926199,-3027.0,-611.4000000000001,-3638.400000000001,57,67,59,52,53,dqn_penalty_sweep_coeff_0_4_seed43.csv
train,0.4,3,-1,0.9918571428571428,150.48052799474368,39.93055555555556,42,2,0,0,302.1,23.47926199261993,325.57926199261993,-981.0,-638.04,-1619.04,55,56,63,59,55,dqn_penalty_sweep_coeff_0_4_seed43.csv
train,0.4,4,-1,0.9891428571428572,234.8518478335075,18.055555555555557,0,0,9,1,270.0,23.47926199261993,293.4792619926199,-258.0,-658.96,-916.96,56,60,54,52,66,dqn_penalty_sweep_coeff_0_4_seed43.csv
train,0.4,5,-1,0.9864285714285714,186.0401728203717,42.36111111111111,0,0,0,0,252.8,23.47926199261993,276.2792619926199,78.0,-631.8399999999999,-553.84,58,59,57,58,56,dqn_penalty_sweep_coeff_0_4_seed43.csv
train,0.4,6,-1,0.9837142857142858,127.13782129848538,60.41666666666666,50,6,0,0,294.4,23.47926199261993,317.8792619926199,-1011.0,-701.56,-1712.5599999999995,37,66,52,70,63,dqn_penalty_sweep_coeff_0_4_seed43.csv
train,0.4,7,-1,0.981,89.91508493693168,34.72222222222222,108,17,0,0,281.8,23.47926199261993,305.2792619926199,-2781.0,-630.9599999999999,-3411.96,65,58,44,63,58,dqn_penalty_sweep_coeff_0_4_seed43.csv
train,0.4,8,-1,0.9782857142857144,177.9385323274604,56.25,0,0,0,0,246.2,23.47926199261993,269.6792619926199,198.0,-607.16,-409.16,55,61,68,57,47,dqn_penalty_sweep_coeff_0_4_seed43.csv
train,0.4,9,-1,0.9755714285714284,219.2118974509305,41.31944444444444,0,0,56,3,274.2,23.47926199261993,297.6792619926199,-715.0,-641.52,-1356.52,54,60,61,55,58,dqn_penalty_sweep_coeff_0_4_seed43.csv
train,0.4,10,-1,0.9728571428571428,101.7095669529226,57.98611111111112,89,8,0,0,262.2,23.47926199261993,285.6792619926199,-1995.0,-597.36,-2592.36,55,68,70,45,50,dqn_penalty_sweep_coeff_0_4_seed43.csv
train,0.4,11,-1,0.9701428571428572,160.06047634593835,84.72222222222221,0,0,0,0,259.29999999999995,23.47926199261993,282.77926199261987,444.0,-618.04,-174.04000000000002,58,64,59,52,55,dqn_penalty_sweep_coeff_0_4_seed43.csv
train,0.4,12,-1,0.9674285714285714,86.43195457933682,38.54166666666667,120,18,0,0,245.1,23.47926199261993,268.57926199261993,-3003.0,-690.44,-3693.440000000001,44,54,67,58,65,dqn_penalty_sweep_coeff_0_4_seed43.csv
train,0.4,13,-1,0.9647142857142856,173.80630234104953,53.81944444444444,0,0,0,0,299.20000000000005,23.47926199261993,322.67926199262,177.0,-656.16,-479.16,51,65,51,61,60,dqn_penalty_sweep_coeff_0_4_seed43.csv
train,0.4,14,-1,0.962,91.48287772359616,62.84722222222222,75,10,0,0,273.7,23.47926199261993,297.1792619926199,-1641.0,-668.72,-2309.7200000000003,53,62,50,57,66,dqn_penalty_sweep_coeff_0_4_seed43.csv
train,0.4,15,-1,0.9592857142857144,151.0290802061608,76.04166666666666,0,0,0,0,237.0,23.47926199261993,260.4792619926199,357.0,-591.92,-234.92,63,71,48,56,50,dqn_penalty_sweep_coeff_0_4_seed43.csv
train,0.4,16,-1,0.9565714285714286,97.3864888300704,64.93055555555556,67,6,0,0,291.2,23.47926199261993,314.6792619926199,-1419.0,-625.16,-2044.16,56,69,53,53,57,dqn_penalty_sweep_coeff_0_4_seed43.csv
train,0.4,17,-1,0.9538571428571428,95.53270878634764,60.06944444444444,96,6,0,0,270.2,23.47926199261993,293.6792619926199,-2130.0,-599.8,-2729.8,57,71,52,61,47,dqn_penalty_sweep_coeff_0_4_seed43.csv
train,0.4,18,-1,0.9511428571428572,115.07817605652066,40.27777777777778,87,5,0,0,279.5,23.47926199261993,302.9792619926199,-2097.0,-662.8399999999999,-2759.84,49,66,54,56,63,dqn_penalty_sweep_coeff_0_4_seed43.csv
train,0.4,19,-1,0.9484285714285714,128.0644805711092,62.84722222222222,45,2,0,0,247.8,23.47926199261993,271.2792619926199,-909.0,-628.4399999999999,-1537.44,53,56,70,58,51,dqn_penalty_sweep_coeff_0_4_seed43.csv
train,0.4,20,-1,0.9457142857142856,189.749376077958,32.63888888888889,1,1,19,1,230.2,23.47926199261993,253.67926199261996,-377.0,-585.1199999999999,-962.12,63,62,66,49,48,dqn_penalty_sweep_coeff_0_4_seed43.csv
train,0.4,21,-1,0.943,137.84813234981831,93.75,0,0,0,0,262.4,23.47926199261993,285.8792619926199,516.0,-628.3199999999999,-112.32,59,61,61,47,60,dqn_penalty_sweep_coeff_0_4_seed43.csv
train,0.4,22,-1,0.9402857142857144,104.62647680445346,30.90277777777778,122,12,0,0,268.29999999999995,23.47926199261993,291.77926199261987,-3057.0,-622.56,-3679.56,61,62,59,46,60,dqn_penalty_sweep_coeff_0_4_seed43.csv
train,0.4,23,-1,0.9375714285714286,83.1726590725692,43.40277777777778,97,12,0,0,279.0,23.47926199261993,302.4792619926199,-2439.0,-634.1599999999999,-3073.16,50,69,63,48,58,dqn_penalty_sweep_coeff_0_4_seed43.csv
train,0.4,24,-1,0.9348571428571428,93.14254309492428,65.625,69,7,0,0,262.7,23.47926199261993,286.1792619926199,-1467.0,-635.9200000000001,-2102.92,54,53,64,67,50,dqn_penalty_sweep_coeff_0_4_seed43.csv
train,0.4,25,-1,0.9321428571428572,141.30021539523295,80.20833333333334,0,0,0,0,252.8,23.47926199261993,276.2792619926199,402.0,-595.72,-193.72,72,59,53,47,57,dqn_penalty_sweep_coeff_0_4_seed43.csv
train,0.4,26,-1,0.9294285714285714,81.7692763743052,46.52777777777778,135,2,0,0,271.70000000000005,23.47926199261993,295.17926199262,-3183.0,-587.72,-3770.72,54,80,52,57,45,dqn_penalty_sweep_coeff_0_4_seed43.csv
train,0.4,27,-1,0.9267142857142856,110.00535159789814,88.19444444444444,14,4,0,0,232.7,23.47926199261993,256.17926199262,78.0,-618.6800000000001,-540.6800000000001,59,65,54,55,55,dqn_penalty_sweep_coeff_0_4_seed43.csv
train,0.4,28,-1,0.924,139.53919480620732,43.05555555555556,29,5,0,0,230.2,23.47926199261993,253.67926199262,-714.0,-608.68,-1322.68,56,70,66,39,57,dqn_penalty_sweep_coeff_0_4_seed43.csv
train,0.4,29,-1,0.9212857142857144,172.99604194936168,57.98611111111112,0,0,0,0,249.0,23.47926199261993,272.4792619926199,213.0,-554.1999999999999,-341.2,77,59,52,57,43,dqn_penalty_sweep_coeff_0_4_seed43.csv
train,0.4,30,-1,0.9185714285714286,132.54248653955997,97.56944444444444,0,0,0,0,264.5,23.47926199261993,287.9792619926199,540.0,-626.3599999999999,-86.35999999999999,56,71,52,50,59,dqn_penalty_sweep_coeff_0_4_seed43.csv
train,0.4,31,-1,0.9158571428571428,270.32401934485785,4.861111111111112,0,0,103,10,307.80000000000007,23.47926199261993,331.27926199262,-1688.0,-565.32,-2253.32,78,56,55,50,49,dqn_penalty_sweep_coeff_0_4_seed43.csv
train,0.4,32,-1,0.9131428571428571,154.43635777265268,73.26388888888889,0,0,0,0,257.8,23.47926199261993,281.2792619926199,345.0,-641.0799999999999,-296.08000000000004,61,56,51,61,59,dqn_penalty_sweep_coeff_0_4_seed43.csv
train,0.4,33,-1,0.9104285714285714,95.72207374612702,49.65277777777778,72,12,0,0,197.5,23.47926199261993,220.97926199261997,-1776.0,-606.16,-2382.1600000000003,63,63,56,52,54,dqn_penalty_sweep_coeff_0_4_seed43.csv
train,0.4,34,-1,0.9077142857142856,59.78562100772552,15.27777777777778,217,8,0,0,254.8,23.47926199261993,278.2792619926199,-5445.0,-600.0,-6045.0,63,56,63,58,48,dqn_penalty_sweep_coeff_0_4_seed43.csv
train,0.4,35,-1,0.905,109.68798230875736,40.625,77,12,0,0,240.1,23.47926199261993,263.5792619926199,-1917.0,-579.4,-2496.4,66,63,56,58,45,dqn_penalty_sweep_coeff_0_4_seed43.csv
train,0.4,36,-1,0.9022857142857142,179.19226526647196,53.47222222222222,0,0,0,0,244.2,23.47926199261993,267.6792619926199,174.0,-553.28,-379.28,77,50,63,58,40,dqn_penalty_sweep_coeff_0_4_seed43.csv
train,0.4,37,-1,0.8995714285714286,153.72877662563806,81.25,0,0,0,0,282.5,23.47926199261993,305.9792619926199,414.0,-646.8399999999999,-232.84,50,50,65,76,47,dqn_penalty_sweep_coeff_0_4_seed43.csv
train,0.4,38,-1,0.8968571428571429,190.78382229359647,30.20833333333333,0,0,0,0,298.4,23.47926199261993,321.8792619926199,-27.0,-608.88,-635.8800000000001,74,50,53,53,58,dqn_penalty_sweep_coeff_0_4_seed43.csv
train,0.4,39,-1,0.8941428571428571,93.58207936215275,36.80555555555556,107,11,0,0,259.7,23.47926199261993,283.1792619926199,-2697.0,-569.9200000000001,-3266.92,66,64,61,53,44,dqn_penalty_sweep_coeff_0_4_seed43.csv
train,0.4,40,-1,0.8914285714285715,165.45779353822425,67.36111111111111,0,0,0,0,270.1,23.47926199261993,293.57926199261993,294.0,-586.8,-292.79999999999995,72,53,52,65,46,dqn_penalty_sweep_coeff_0_4_seed43.csv
train,0.4,41,-1,0.8887142857142857,83.94699339892601,46.52777777777778,78,15,0,0,231.6,23.47926199261993,255.07926199261996,-1986.0,-572.04,-2558.04,62,72,65,40,49,dqn_penalty_sweep_coeff_0_4_seed43.csv
train,0.4,42,-1,0.886,92.861317603721,60.06944444444444,73,5,0,0,277.2,23.47926199261993,300.6792619926199,-1647.0,-609.28,-2256.28,50,77,61,48,52,dqn_penalty_sweep_coeff_0_4_seed43.csv
train,0.4,43,-1,0.8832857142857142,92.16628361286229,56.59722222222222,103,8,0,0,229.7,23.47926199261993,253.17926199261996,-2337.0,-623.76,-2960.76,58,74,49,45,62,dqn_penalty_sweep_coeff_0_4_seed43.csv
train,0.4,44,-1,0.8805714285714286,113.10409625858178,75.69444444444444,34,5,0,0,250.20000000000005,23.47926199261993,273.67926199262,-552.0,-594.76,-1146.7599999999998,67,68,52,44,57,dqn_penalty_sweep_coeff_0_4_seed43.csv
train,0.4,45,-1,0.8778571428571429,245.96016446172655,0.3472222222222222,0,0,33,6,290.4,23.47926199261993,313.8792619926199,-747.0,-615.4,-1362.4,73,53,50,51,61,dqn_penalty_sweep_coeff_0_4_seed43.csv
train,0.4,46,-1,0.8751428571428571,84.1202132968736,53.125,76,11,0,0,264.6,23.47926199261993,288.07926199261993,-1830.0,-612.12,-2442.1200000000003,53,61,69,58,47,dqn_penalty_sweep_coeff_0_4_seed43.csv
train,0.4,47,-1,0.8724285714285714,140.1260803866981,81.59722222222221,6,2,0,0,254.6,23.47926199261993,278.07926199261993,243.0,-602.0799999999999,-359.08000000000004,59,63,53,69,44,dqn_penalty_sweep_coeff_0_4_seed43.csv
train,0.4,48,-1,0.8697142857142857,107.76956318583358,67.01388888888889,78,6,0,0,249.1,23.47926199261993,272.57926199261993,-1632.0,-577.24,-2209.24,78,53,53,53,51,dqn_penalty_sweep_coeff_0_4_seed43.csv
train,0.4,49,-1,0.867,186.31723010400503,41.66666666666667,0,0,0,0,249.0,23.47926199261993,272.4792619926199,66.0,-588.4000000000001,-522.4000000000001,79,51,49,55,54,dqn_penalty_sweep_coeff_0_4_seed43.csv
eval,0.4,49,0,0.0,185.55838400524,63.19444444444444,0,0,0,0,108.0,23.47926199261993,131.47926199261994,258.0,-96.79999999999998,161.2,229,36,19,0,4,dqn_penalty_sweep_coeff_0_4_seed43.csv
eval,0.4,49,1,0.0,272.76168054938927,14.583333333333334,0,0,138,1,83.19999999999999,23.47926199261993,106.67926199261991,-2094.0,-59.03999999999999,-2153.04,246,27,15,0,0,dqn_penalty_sweep_coeff_0_4_seed43.csv
eval,0.4,49,2,0.0,209.63650901410904,12.84722222222222,0,0,0,0,97.6,23.47926199261993,121.07926199261992,-177.0,-60.32,-237.32000000000005,247,23,18,0,0,dqn_penalty_sweep_coeff_0_4_seed43.csv
train,0.4,50,-1,0.8642857142857143,101.10948747791582,72.56944444444444,48,5,0,0,258.1,23.47926199261993,281.57926199261993,-885.0,-593.24,-1478.24,71,61,58,39,59,dqn_penalty_sweep_coeff_0_4_seed43.csv
train,0.4,51,-1,0.8615714285714285,156.1418523734303,89.58333333333334,0,0,0,0,310.4,23.47926199261993,333.8792619926199,486.0,-664.6,-178.60000000000002,62,48,55,56,67,dqn_penalty_sweep_coeff_0_4_seed43.csv
train,0.4,52,-1,0.8588571428571429,219.4511381502765,19.444444444444446,0,0,0,0,293.1,23.47926199261993,316.57926199261993,-120.0,-552.04,-672.04,82,70,39,44,53,dqn_penalty_sweep_coeff_0_4_seed43.csv
train,0.4,53,-1,0.8561428571428571,111.03691635196412,61.458333333333336,72,6,0,0,261.0,23.47926199261993,284.4792619926199,-1563.0,-588.52,-2151.52,69,50,69,51,49,dqn_penalty_sweep_coeff_0_4_seed43.csv
train,0.4,54,-1,0.8534285714285714,166.76338449700546,45.13888888888889,0,0,0,0,243.0,23.47926199261993,266.4792619926199,66.0,-576.9200000000001,-510.92,79,58,42,58,51,dqn_penalty_sweep_coeff_0_4_seed43.csv
train,0.4,55,-1,0.8507142857142858,90.27126072915874,58.68055555555556,71,13,0,0,303.30000000000007,23.47926199261993,326.77926199262,-1629.0,-607.0,-2236.0,68,58,59,44,59,dqn_penalty_sweep_coeff_0_4_seed43.csv
train,0.4,56,-1,0.848,165.79680477712847,65.625,0,0,0,0,286.7,23.47926199261993,310.1792619926199,279.0,-556.36,-277.36,75,66,54,44,49,dqn_penalty_sweep_coeff_0_4_seed43.csv
train,0.4,57,-1,0.8452857142857143,103.5481115260074,55.55555555555556,114,3,0,0,275.6,23.47926199261993,299.07926199261993,-2580.0,-574.5199999999999,-3154.52,83,57,42,51,55,dqn_penalty_sweep_coeff_0_4_seed43.csv
train,0.4,58,-1,0.8425714285714285,138.26102511144362,74.30555555555556,24,2,0,0,294.5,23.47926199261993,317.9792619926199,-249.0,-654.08,-903.08,51,69,53,51,64,dqn_penalty_sweep_coeff_0_4_seed43.csv
train,0.4,59,-1,0.8398571428571429,68.7838708472568,30.90277777777778,162,6,0,0,267.0,23.47926199261993,290.4792619926199,-4020.0,-601.24,-4621.24,54,75,59,49,51,dqn_penalty_sweep_coeff_0_4_seed43.csv
train,0.4,60,-1,0.8371428571428572,139.96335522337182,88.54166666666666,3,1,0,0,230.4,23.47926199261993,253.87926199261992,387.0,-565.12,-178.12,81,62,42,51,52,dqn_penalty_sweep_coeff_0_4_seed43.csv
train,0.4,61,-1,0.8344285714285714,188.77930372230185,36.80555555555556,0,0,0,0,346.70000000000005,23.47926199261993,370.17926199262,30.0,-593.4399999999999,-563.4399999999999,77,53,57,41,60,dqn_penalty_sweep_coeff_0_4_seed43.csv
train,0.4,62,-1,0.8317142857142857,267.893091434212,7.638888888888889,0,0,116,3,270.4,23.47926199261993,293.8792619926199,-1846.0,-584.64,-2430.6400000000003,74,67,42,49,56,dqn_penalty_sweep_coeff_0_4_seed43.csv
train,0.4,63,-1,0.829,153.1980187557248,81.59722222222221,0,0,0,0,217.3,23.47926199261993,240.77926199261995,417.0,-590.48,-173.48000000000002,68,65,53,48,54,dqn_penalty_sweep_coeff_0_4_seed43.csv
train,0.4,64,-1,0.8262857142857143,132.01632460135303,68.05555555555556,5,2,0,0,271.7,23.47926199261993,295.1792619926199,96.0,-606.3199999999999,-510.32,62,68,50,54,54,dqn_penalty_sweep_coeff_0_4_seed43.csv
train,0.4,65,-1,0.8235714285714286,188.6721834626141,44.09722222222222,0,0,0,0,247.1,23.47926199261993,270.57926199261993,93.0,-576.3199999999999,-483.32,83,46,54,53,52,dqn_penalty_sweep_coeff_0_4_seed43.csv
train,0.4,66,-1,0.8208571428571428,208.4377520835804,46.18055555555556,0,0,46,6,272.3,23.47926199261993,295.7792619926199,-533.0,-588.72,-1121.72,83,48,50,49,58,dqn_penalty_sweep_coeff_0_4_seed43.csv
train,0.4,67,-1,0.8181428571428572,160.45448181910285,53.47222222222222,8,3,0,0,289.6,23.47926199261993,313.07926199261993,-48.0,-544.0,-592.0,85,55,48,56,44,dqn_penalty_sweep_coeff_0_4_seed43.csv
train,0.4,68,-1,0.8154285714285714,70.67593708215796,28.47222222222222,169,10,0,0,275.1,23.47926199261993,298.57926199261993,-4209.0,-589.04,-4798.04,61,71,56,50,50,dqn_penalty_sweep_coeff_0_4_seed43.csv
train,0.4,69,-1,0.8127142857142857,181.50298571981747,55.208333333333336,0,0,0,0,301.90000000000003,23.47926199261993,325.37926199261994,189.0,-567.44,-378.44,84,54,56,36,58,dqn_penalty_sweep_coeff_0_4_seed43.csv
train,0.4,70,-1,0.81,266.484836640654,3.125,0,0,72,3,268.79999999999995,23.47926199261993,292.27926199261987,-1269.0,-520.1199999999999,-1789.12,88,57,49,55,39,dqn_penalty_sweep_coeff_0_4_seed43.csv
train,0.4,71,-1,0.8072857142857143,184.7820204976917,42.36111111111111,0,0,0,0,269.20000000000005,23.47926199261993,292.67926199262,78.0,-580.88,-502.88,75,56,58,45,54,dqn_penalty_sweep_coeff_0_4_seed43.csv
train,0.4,72,-1,0.8045714285714286,139.85065464062328,81.59722222222221,2,2,0,0,298.70000000000005,23.47926199261993,322.17926199262,300.0,-580.44,-280.44,67,74,51,41,55,dqn_penalty_sweep_coeff_0_4_seed43.csv
train,0.4,73,-1,0.8018571428571428,112.3587920279875,70.48611111111111,62,5,0,0,274.2,23.47926199261993,297.6792619926199,-1215.0,-594.24,-1809.24,65,57,68,46,52,dqn_penalty_sweep_coeff_0_4_seed43.csv
train,0.4,74,-1,0.7991428571428572,215.75535606797044,17.708333333333336,0,0,0,0,278.3,23.47926199261993,301.7792619926199,-135.0,-549.48,-684.48,85,52,57,45,49,dqn_penalty_sweep_coeff_0_4_seed43.csv
train,0.4,75,-1,0.7964285714285715,118.9905242020524,63.54166666666666,56,8,0,0,281.4,23.47926199261993,304.8792619926199,-1185.0,-606.8799999999999,-1791.88,62,61,58,55,52,dqn_penalty_sweep_coeff_0_4_seed43.csv
train,0.4,76,-1,0.7937142857142857,95.05767595834804,56.94444444444444,82,10,0,0,311.20000000000005,23.47926199261993,334.67926199262,-1890.0,-644.4,-2534.4,58,65,46,57,62,dqn_penalty_sweep_coeff_0_4_seed43.csv
train,0.4,77,-1,0.791,145.08694859798672,87.5,0,0,0,0,275.0,23.47926199261993,298.4792619926199,465.0,-583.4,-118.4,70,75,42,44,57,dqn_penalty_sweep_coeff_0_4_seed43.csv
train,0.4,78,-1,0.7882857142857143,133.9748577941026,85.41666666666666,0,0,0,0,304.9,23.47926199261993,328.3792619926199,435.0,-621.6800000000001,-186.68,60,69,54,43,62,dqn_penalty_sweep_coeff_0_4_seed43.csv
train,0.4,79,-1,0.7855714285714286,173.56172833604546,61.11111111111112,0,0,0,0,285.70000000000005,23.47926199261993,309.17926199262,240.0,-533.24,-293.24,88,63,41,49,47,dqn_penalty_sweep_coeff_0_4_seed43.csv
train,0.4,80,-1,0.7828571428571429,67.23074409204108,26.041666666666668,197,6,0,0,214.5,23.47926199261993,237.97926199261997,-4839.0,-614.72,-5453.72,63,60,57,52,56,dqn_penalty_sweep_coeff_0_4_seed43.csv
train,0.4,81,-1,0.7801428571428571,207.0701361340448,27.08333333333333,0,0,2,1,284.79999999999995,23.47926199261993,308.27926199261987,-82.0,-556.0799999999999,-638.08,86,62,40,46,54,dqn_penalty_sweep_coeff_0_4_seed43.csv
train,0.4,82,-1,0.7774285714285715,141.71710807357215,96.875,0,0,0,0,287.6,23.47926199261993,311.07926199261993,549.0,-592.5600000000001,-43.56,68,61,58,47,54,dqn_penalty_sweep_coeff_0_4_seed43.csv
train,0.4,83,-1,0.7747142857142857,119.07689067382898,75.0,42,2,0,0,329.7,23.47926199261993,353.1792619926199,-699.0,-653.96,-1352.96,53,57,63,54,61,dqn_penalty_sweep_coeff_0_4_seed43.csv
train,0.4,84,-1,0.772,150.8637267829505,79.51388888888889,1,1,0,0,327.5,23.47926199261993,350.9792619926199,357.0,-623.3199999999999,-266.32,66,48,60,59,55,dqn_penalty_sweep_coeff_0_4_seed43.csv
train,0.4,85,-1,0.7692857142857144,226.10709838148944,28.47222222222222,0,0,23,6,293.7,23.47926199261993,317.1792619926199,-364.0,-517.8399999999999,-881.84,95,49,58,40,46,dqn_penalty_sweep_coeff_0_4_seed43.csv
train,0.4,86,-1,0.7665714285714286,103.2140534433412,51.388888888888886,110,2,0,0,281.0,23.47926199261993,304.4792619926199,-2550.0,-616.76,-3166.76,54,71,59,49,55,dqn_penalty_sweep_coeff_0_4_seed43.csv
train,0.4,87,-1,0.7638571428571428,137.89714599699047,64.23611111111111,34,3,0,0,287.9,23.47926199261993,311.3792619926199,-579.0,-613.68,-1192.68,63,55,56,64,50,dqn_penalty_sweep_coeff_0_4_seed43.csv
train,0.4,88,-1,0.7611428571428571,201.22006813590485,31.944444444444443,0,0,0,0,276.29999999999995,23.47926199261993,299.77926199261987,-12.0,-573.56,-585.5600000000001,80,57,44,56,51,dqn_penalty_sweep_coeff_0_4_seed43.csv
train,0.4,89,-1,0.7584285714285715,108.54191010951898,92.01388888888889,11,1,0,0,306.1,23.47926199261993,329.57926199261993,213.0,-643.4399999999999,-430.44,44,55,81,58,50,dqn_penalty_sweep_coeff_0_4_seed43.csv
train,0.4,90,-1,0.7557142857142858,164.27863444525008,51.73611111111112,7,3,0,0,254.1,23.47926199261993,277.5792619926199,-21.0,-549.04,-570.04,73,60,71,38,46,dqn_penalty_sweep_coeff_0_4_seed43.csv
train,0.4,91,-1,0.753,91.70835272738448,47.91666666666667,102,7,0,0,313.1,23.47926199261993,336.57926199261993,-2430.0,-632.52,-3062.52,58,55,65,53,57,dqn_penalty_sweep_coeff_0_4_seed43.csv
train,0.4,92,-1,0.7502857142857143,147.6565883098434,61.458333333333336,8,4,0,0,328.4,23.47926199261993,351.8792619926199,9.0,-584.04,-575.04,74,52,63,46,53,dqn_penalty_sweep_coeff_0_4_seed43.csv
train,0.4,93,-1,0.7475714285714286,155.26420007686195,51.73611111111112,29,3,0,0,251.3,23.47926199261993,274.7792619926199,-564.0,-533.8399999999999,-1097.84,87,51,62,42,46,dqn_penalty_sweep_coeff_0_4_seed43.csv
train,0.4,94,-1,0.7448571428571429,78.78694015182171,43.75,148,4,0,0,262.0,23.47926199261993,285.4792619926199,-3504.0,-606.48,-4110.48,61,52,66,63,46,dqn_penalty_sweep_coeff_0_4_seed43.csv
train,0.4,95,-1,0.7421428571428572,155.6498131160883,49.30555555555556,25,1,0,0,262.70000000000005,23.47926199261993,286.17926199262,-468.0,-511.0,-979.0,87,61,60,37,43,dqn_penalty_sweep_coeff_0_4_seed43.csv
train,0.4,96,-1,0.7394285714285714,200.8458496951556,28.819444444444443,0,0,0,0,302.6,23.47926199261993,326.07926199261993,-39.0,-582.64,-621.64,88,45,47,50,58,dqn_penalty_sweep_coeff_0_4_seed43.csv
train,0.4,97,-1,0.7367142857142857,171.29508932638453,56.59722222222222,0,0,0,0,291.9,23.47926199261993,315.3792619926199,201.0,-561.0799999999999,-360.08000000000004,76,57,52,60,43,dqn_penalty_sweep_coeff_0_4_seed43.csv
train,0.4,98,-1,0.734,132.57657480720343,75.34722222222221,33,6,0,0,248.00000000000003,23.47926199261993,271.47926199262,-504.0,-614.8399999999999,-1118.84,62,50,68,57,51,dqn_penalty_sweep_coeff_0_4_seed43.csv
train,0.4,99,-1,0.7312857142857143,209.90217398787505,49.65277777777778,0,0,60,6,289.79999999999995,23.47926199261993,313.27926199261987,-699.0,-527.2,-1226.2,82,58,59,49,40,dqn_penalty_sweep_coeff_0_4_seed43.csv
eval,0.4,99,0,0.0,128.8855573254489,74.65277777777779,8,3,0,0,316.6,23.47926199261993,340.0792619926199,36.0,-433.92,-397.92,94,108,24,22,40,dqn_penalty_sweep_coeff_0_4_seed43.csv
eval,0.4,99,1,0.0,170.36343315602295,63.888888888888886,0,0,0,0,375.5,23.47926199261993,398.9792619926199,264.0,-344.6,-80.6,127,96,12,26,27,dqn_penalty_sweep_coeff_0_4_seed43.csv
eval,0.4,99,2,0.0,74.23911797726636,29.86111111111111,120,15,0,0,203.7,23.47926199261993,227.17926199261996,-3156.0,-562.36,-3718.3600000000006,50,115,43,25,55,dqn_penalty_sweep_coeff_0_4_seed43.csv
train,0.4,0,-1,1.0,166.7916472191903,69.09722222222221,0,0,0,0,258.6,23.47926199261993,282.0792619926199,309.0,-622.92,-313.92,55,70,49,61,53,dqn_penalty_sweep_coeff_0_4_seed44.csv
train,0.4,1,-1,0.9972857142857144,88.27400262936648,46.18055555555556,122,10,0,0,280.5,23.47926199261993,303.9792619926199,-2916.0,-659.92,-3575.92,54,58,55,59,62,dqn_penalty_sweep_coeff_0_4_seed44.csv
train,0.4,2,-1,0.9945714285714286,155.9663739915987,31.59722222222222,42,2,0,0,266.6,23.47926199261993,290.0792619926199,-1053.0,-675.04,-1728.04,51,54,60,59,64,dqn_penalty_sweep_coeff_0_4_seed44.csv
train,0.4,3,-1,0.9918571428571428,250.1890006112853,12.84722222222222,0,0,59,10,249.8,23.47926199261993,273.2792619926199,-1003.0,-612.08,-1615.08,61,59,63,51,54,dqn_penalty_sweep_coeff_0_4_seed44.csv
train,0.4,4,-1,0.9891428571428572,188.90180476481615,39.23611111111111,0,0,0,0,266.3,23.47926199261993,289.7792619926199,51.0,-664.88,-613.88,40,63,73,54,58,dqn_penalty_sweep_coeff_0_4_seed44.csv
train,0.4,5,-1,0.9864285714285714,136.64982052292447,60.06944444444444,36,3,0,0,277.1,23.47926199261993,300.57926199261993,-690.0,-645.76,-1335.7599999999998,53,55,65,59,56,dqn_penalty_sweep_coeff_0_4_seed44.csv
train,0.4,6,-1,0.9837142857142858,83.75186987017655,35.06944444444444,131,11,0,0,277.2,23.47926199261993,300.6792619926199,-3285.0,-557.76,-3842.76,67,67,64,46,44,dqn_penalty_sweep_coeff_0_4_seed44.csv
train,0.4,7,-1,0.981,161.67637954968257,60.41666666666666,0,0,0,0,289.1,23.47926199261993,312.57926199261993,210.0,-619.04,-409.04,53,73,51,59,52,dqn_penalty_sweep_coeff_0_4_seed44.csv
train,0.4,8,-1,0.9782857142857144,217.87196689537495,48.26388888888889,0,0,58,1,259.6,23.47926199261993,283.07926199261993,-683.0,-600.6399999999999,-1283.64,60,68,57,51,52,dqn_penalty_sweep_coeff_0_4_seed44.csv
train,0.4,9,-1,0.9755714285714284,94.46619184160484,60.06944444444444,85,8,0,0,243.0,23.47926199261993,266.4792619926199,-1887.0,-600.52,-2487.5200000000004,56,69,54,64,45,dqn_penalty_sweep_coeff_0_4_seed44.csv
train,0.4,10,-1,0.9728571428571428,141.30335829038268,92.36111111111111,0,0,0,0,340.5,23.47926199261993,363.9792619926199,510.0,-668.52,-158.51999999999998,49,68,49,57,65,dqn_penalty_sweep_coeff_0_4_seed44.csv
train,0.4,11,-1,0.9701428571428572,92.70416362742591,47.91666666666667,84,16,0,0,296.5,23.47926199261993,319.9792619926199,-2082.0,-593.48,-2675.48,67,64,60,40,57,dqn_penalty_sweep_coeff_0_4_seed44.csv
train,0.4,12,-1,0.9674285714285714,168.2644620632717,57.638888888888886,0,0,0,0,315.70000000000005,23.47926199261993,339.17926199262,210.0,-636.04,-426.04,52,58,66,59,53,dqn_penalty_sweep_coeff_0_4_seed44.csv
train,0.4,13,-1,0.9647142857142856,98.33564637568333,69.09722222222221,55,8,0,0,243.2,23.47926199261993,266.6792619926199,-1113.0,-625.2,-1738.2000000000005,61,51,65,57,54,dqn_penalty_sweep_coeff_0_4_seed44.csv
train,0.4,14,-1,0.962,162.3532121506056,71.18055555555556,0,0,0,0,253.1,23.47926199261993,276.57926199261993,324.0,-661.0,-337.0,59,52,49,67,61,dqn_penalty_sweep_coeff_0_4_seed44.csv
train,0.4,15,-1,0.9592857142857144,101.15989981993803,62.15277777777778,70,3,0,0,291.6,23.47926199261993,315.07926199261993,-1515.0,-609.28,-2124.28,65,55,58,58,52,dqn_penalty_sweep_coeff_0_4_seed44.csv
train,0.4,16,-1,0.9565714285714286,91.66086969223554,54.86111111111112,105,6,0,0,330.0,23.47926199261993,353.4792619926199,-2409.0,-623.76,-3032.76,64,54,60,52,58,dqn_penalty_sweep_coeff_0_4_seed44.csv
train,0.4,17,-1,0.9538571428571428,117.67358631394931,39.23611111111111,88,5,0,0,288.5,23.47926199261993,311.9792619926199,-2127.0,-662.48,-2789.48,51,55,59,65,58,dqn_penalty_sweep_coeff_0_4_seed44.csv
train,0.4,18,-1,0.9511428571428572,124.45443488976836,61.458333333333336,52,4,0,0,273.0,23.47926199261993,296.4792619926199,-1086.0,-647.1199999999999,-1733.12,51,63,59,57,58,dqn_penalty_sweep_coeff_0_4_seed44.csv
train,0.4,19,-1,0.9484285714285714,180.13427191129125,35.76388888888889,0,0,16,1,297.9,23.47926199261993,321.3792619926199,-260.0,-622.2,-882.2,63,58,52,60,55,dqn_penalty_sweep_coeff_0_4_seed44.csv
train,0.4,20,-1,0.9457142857142856,133.34552818315157,96.875,0,0,0,0,295.20000000000005,23.47926199261993,318.67926199262,540.0,-604.3599999999999,-64.36,64,66,48,57,53,dqn_penalty_sweep_coeff_0_4_seed44.csv
train,0.4,21,-1,0.943,108.25920166632592,32.98611111111111,112,7,0,0,250.4,23.47926199261993,273.87926199261994,-2799.0,-626.96,-3425.96,60,54,61,59,54,dqn_penalty_sweep_coeff_0_4_seed44.csv
train,0.4,22,-1,0.9402857142857144,89.41231260898978,53.47222222222222,69,13,0,0,248.1,23.47926199261993,271.57926199261993,-1677.0,-614.76,-2291.76,62,62,58,49,57,dqn_penalty_sweep_coeff_0_4_seed44.csv
train,0.4,23,-1,0.9375714285714286,96.54770919852794,69.44444444444444,56,6,0,0,316.1,23.47926199261993,339.57926199261993,-1128.0,-664.76,-1792.76,61,60,44,52,71,dqn_penalty_sweep_coeff_0_4_seed44.csv
train,0.4,24,-1,0.9348571428571428,144.79952095078863,76.04166666666666,0,0,0,0,281.0,23.47926199261993,304.4792619926199,363.0,-636.04,-273.04,60,57,60,50,61,dqn_penalty_sweep_coeff_0_4_seed44.csv
train,0.4,25,-1,0.9321428571428572,89.56553353611436,54.16666666666666,129,1,0,0,272.1,23.47926199261993,295.57926199261993,-2925.0,-603.6,-3528.6,62,63,54,59,50,dqn_penalty_sweep_coeff_0_4_seed44.csv
train,0.4,26,-1,0.9294285714285714,109.8902474312316,85.06944444444444,19,4,0,0,243.1,23.47926199261993,266.57926199261993,-81.0,-576.48,-657.48,70,63,53,54,48,dqn_penalty_sweep_coeff_0_4_seed44.csv
train,0.4,27,-1,0.9267142857142856,150.99973464615087,42.70833333333333,20,5,0,0,266.3,23.47926199261993,289.7792619926199,-483.0,-608.56,-1091.56,67,63,50,50,58,dqn_penalty_sweep_coeff_0_4_seed44.csv
train,0.4,28,-1,0.924,175.53059056047277,54.16666666666666,0,0,0,0,250.6,23.47926199261993,274.07926199261993,180.0,-601.92,-421.92,64,61,50,65,48,dqn_penalty_sweep_coeff_0_4_seed44.csv
train,0.4,29,-1,0.9212857142857144,134.21696570622666,97.56944444444444,1,1,0,0,293.6,23.47926199261993,317.07926199261993,519.0,-606.28,-87.28,68,54,56,57,53,dqn_penalty_sweep_coeff_0_4_seed44.csv
train,0.4,30,-1,0.9185714285714286,274.30162351152444,4.861111111111112,0,0,121,11,280.4,23.47926199261993,303.8792619926199,-1940.0,-601.6800000000001,-2541.68,78,48,59,41,62,dqn_penalty_sweep_coeff_0_4_seed44.csv
train,0.4,31,-1,0.9158571428571428,146.92923971709695,67.70833333333334,0,0,0,0,286.79999999999995,23.47926199261993,310.27926199261987,237.0,-627.0,-390.0,63,59,53,54,59,dqn_penalty_sweep_coeff_0_4_seed44.csv
train,0.4,32,-1,0.9131428571428571,85.89455391879983,39.23611111111111,123,7,0,0,281.6,23.47926199261993,305.07926199261993,-3036.0,-608.88,-3644.88,58,66,55,59,50,dqn_penalty_sweep_coeff_0_4_seed44.csv
train,0.4,33,-1,0.9104285714285714,58.36772700386372,12.152777777777777,224,8,0,0,261.3,23.47926199261993,284.7792619926199,-5646.0,-614.8,-6260.8,52,80,49,53,54,dqn_penalty_sweep_coeff_0_4_seed44.csv
train,0.4,34,-1,0.9077142857142856,113.85035633075933,48.26388888888889,61,11,0,0,265.7,23.47926199261993,289.1792619926199,-1452.0,-673.0,-2125.0,54,56,59,50,69,dqn_penalty_sweep_coeff_0_4_seed44.csv
train,0.4,35,-1,0.905,193.74070276647217,36.45833333333333,0,0,0,0,239.3,23.47926199261993,262.7792619926199,27.0,-567.2,-540.2,70,55,68,51,44,dqn_penalty_sweep_coeff_0_4_seed44.csv
train,0.4,36,-1,0.9022857142857142,165.44544329230482,72.56944444444444,0,0,0,0,283.2,23.47926199261993,306.6792619926199,339.0,-534.3199999999999,-195.32,89,61,39,53,46,dqn_penalty_sweep_coeff_0_4_seed44.csv
train,0.4,37,-1,0.8995714285714286,199.25326673804108,25.34722222222222,0,0,0,0,269.40000000000003,23.47926199261993,292.87926199261994,-69.0,-597.2,-666.2,61,65,59,53,50,dqn_penalty_sweep_coeff_0_4_seed44.csv
train,0.4,38,-1,0.8968571428571429,94.71855159821251,37.84722222222222,106,16,0,0,256.4,23.47926199261993,279.8792619926199,-2667.0,-639.1999999999999,-3306.2,54,65,51,62,56,dqn_penalty_sweep_coeff_0_4_seed44.csv
train,0.4,39,-1,0.8941428571428571,156.58505048266872,75.69444444444444,0,0,0,0,264.6,23.47926199261993,288.07926199261993,363.0,-598.72,-235.72,71,51,58,56,52,dqn_penalty_sweep_coeff_0_4_seed44.csv
train,0.4,40,-1,0.8914285714285715,82.93728098028953,47.91666666666667,92,12,0,0,271.1,23.47926199261993,294.57926199261993,-2256.0,-617.6,-2873.6000000000004,63,69,46,50,60,dqn_penalty_sweep_coeff_0_4_seed44.csv
train,0.4,41,-1,0.8887142857142857,93.23925161651204,61.458333333333336,75,6,0,0,273.79999999999995,23.47926199261993,297.27926199261987,-1665.0,-620.48,-2285.48,60,60,60,52,56,dqn_penalty_sweep_coeff_0_4_seed44.csv
train,0.4,42,-1,0.886,87.73735670186134,50.69444444444444,113,5,0,0,293.6,23.47926199261993,317.07926199261993,-2649.0,-643.72,-3292.7200000000003,58,55,62,52,61,dqn_penalty_sweep_coeff_0_4_seed44.csv
train,0.4,43,-1,0.8832857142857142,104.04492483484182,67.01388888888889,58,10,0,0,288.7,23.47926199261993,312.1792619926199,-1212.0,-623.8,-1835.8000000000004,52,67,58,60,51,dqn_penalty_sweep_coeff_0_4_seed44.csv
train,0.4,44,-1,0.8805714285714286,260.07995612839323,0.0,0,0,56,5,283.79999999999995,23.47926199261993,307.27926199261987,-1072.0,-580.72,-1652.72,70,57,56,59,46,dqn_penalty_sweep_coeff_0_4_seed44.csv
train,0.4,45,-1,0.8778571428571429,78.75696498147596,46.875,97,13,0,0,321.0,23.47926199261993,344.4792619926199,-2379.0,-621.64,-3000.6400000000003,59,69,41,66,53,dqn_penalty_sweep_coeff_0_4_seed44.csv
train,0.4,46,-1,0.8751428571428571,171.73528177558708,54.513888888888886,0,0,0,0,243.9,23.47926199261993,267.37926199261994,183.0,-583.96,-400.96,62,69,56,54,47,dqn_penalty_sweep_coeff_0_4_seed44.csv
train,0.4,47,-1,0.8724285714285714,99.26676334235296,64.23611111111111,88,5,0,0,310.5,23.47926199261993,333.9792619926199,-1890.0,-602.4399999999999,-2492.44,64,60,60,51,53,dqn_penalty_sweep_coeff_0_4_seed44.csv
train,0.4,48,-1,0.8697142857142857,187.06440540430532,37.84722222222222,4,2,0,0,270.70000000000005,23.47926199261993,294.17926199262,-75.0,-600.8399999999999,-675.84,62,57,72,44,53,dqn_penalty_sweep_coeff_0_4_seed44.csv
train,0.4,49,-1,0.867,96.1911978231951,65.27777777777779,66,7,0,0,297.20000000000005,23.47926199261993,320.67926199262,-1398.0,-652.8399999999999,-2050.84,55,55,62,55,61,dqn_penalty_sweep_coeff_0_4_seed44.csv
eval,0.4,49,0,0.0,78.83852625792719,36.80555555555556,119,20,0,0,200.3,23.47926199261993,223.77926199261995,-3015.0,-404.6,-3419.6,62,135,54,18,19,dqn_penalty_sweep_coeff_0_4_seed44.csv
eval,0.4,49,1,0.0,101.84722298794496,68.75,59,6,0,0,274.79999999999995,23.47926199261993,298.27926199261987,-1197.0,-409.28,-1606.28,65,109,81,17,16,dqn_penalty_sweep_coeff_0_4_seed44.csv
eval,0.4,49,2,0.0,202.04481452850385,21.52777777777778,0,0,0,0,412.5,23.47926199261993,435.9792619926199,-102.0,-457.32,-559.3199999999999,84,45,126,0,33,dqn_penalty_sweep_coeff_0_4_seed44.csv
train,0.4,50,-1,0.8642857142857143,130.98104469074755,91.31944444444444,3,1,0,0,306.2,23.47926199261993,329.6792619926199,396.0,-644.0,-248.0,64,49,61,50,64,dqn_penalty_sweep_coeff_0_4_seed44.csv
train,0.4,51,-1,0.8615714285714285,197.57596453916543,37.5,0,0,0,0,263.8,23.47926199261993,287.2792619926199,36.0,-547.28,-511.28,76,48,78,44,42,dqn_penalty_sweep_coeff_0_4_seed44.csv
train,0.4,52,-1,0.8588571428571429,102.73693049188743,54.513888888888886,83,8,0,0,298.29999999999995,23.47926199261993,321.77926199261987,-1914.0,-607.2,-2521.2,58,66,60,52,52,dqn_penalty_sweep_coeff_0_4_seed44.csv
train,0.4,53,-1,0.8561428571428571,140.84927429983676,59.375,23,4,0,0,324.5,23.47926199261993,347.9792619926199,-408.0,-580.48,-988.48,76,66,49,37,60,dqn_penalty_sweep_coeff_0_4_seed44.csv
train,0.4,54,-1,0.8534285714285714,99.32174177817376,67.01388888888889,39,14,0,0,244.0,23.47926199261993,267.4792619926199,-813.0,-552.48,-1365.48,75,67,54,44,48,dqn_penalty_sweep_coeff_0_4_seed44.csv
train,0.4,55,-1,0.8507142857142858,162.71399227712837,68.40277777777779,0,0,0,0,288.3,23.47926199261993,311.7792619926199,303.0,-558.0799999999999,-255.08,73,62,56,53,44,dqn_penalty_sweep_coeff_0_4_seed44.csv
train,0.4,56,-1,0.848,103.32361419904596,56.25,112,3,0,0,266.0,23.47926199261993,289.4792619926199,-2526.0,-622.48,-3148.4800000000005,61,60,59,50,58,dqn_penalty_sweep_coeff_0_4_seed44.csv
train,0.4,57,-1,0.8452857142857143,154.92585760077534,60.06944444444444,18,1,0,0,307.6,23.47926199261993,331.0792619926199,-204.0,-648.16,-852.16,63,49,60,52,64,dqn_penalty_sweep_coeff_0_4_seed44.csv
train,0.4,58,-1,0.8425714285714285,71.01069769552137,34.02777777777778,154,8,0,0,282.8,23.47926199261993,306.2792619926199,-3798.0,-630.8,-4428.8,61,58,62,45,62,dqn_penalty_sweep_coeff_0_4_seed44.csv
train,0.4,59,-1,0.8398571428571429,126.51503412168503,88.54166666666666,8,2,0,0,314.70000000000005,23.47926199261993,338.17926199262,213.0,-597.16,-384.16,63,62,64,46,53,dqn_penalty_sweep_coeff_0_4_seed44.csv
train,0.4,60,-1,0.8371428571428572,203.84579677785732,16.666666666666664,0,0,0,0,239.5,23.47926199261993,262.9792619926199,-144.0,-565.28,-709.28,70,56,61,61,40,dqn_penalty_sweep_coeff_0_4_seed44.csv
train,0.4,61,-1,0.8344285714285714,255.08685508426137,4.166666666666666,0,0,61,4,297.5,23.47926199261993,320.9792619926199,-1106.0,-629.1199999999999,-1735.12,72,54,44,54,64,dqn_penalty_sweep_coeff_0_4_seed44.csv
train,0.4,62,-1,0.8317142857142857,144.44437292239158,84.72222222222221,5,1,0,0,282.0,23.47926199261993,305.4792619926199,297.0,-572.6800000000001,-275.68,64,58,76,45,45,dqn_penalty_sweep_coeff_0_4_seed44.csv
train,0.4,63,-1,0.829,124.68681071246414,66.31944444444444,13,6,0,0,286.3,23.47926199261993,309.7792619926199,-156.0,-585.76,-741.7600000000001,70,64,50,52,52,dqn_penalty_sweep_coeff_0_4_seed44.csv
train,0.4,64,-1,0.8262857142857143,187.46593346261403,42.36111111111111,0,0,0,0,268.3,23.47926199261993,291.7792619926199,78.0,-541.44,-463.44,74,58,61,59,36,dqn_penalty_sweep_coeff_0_4_seed44.csv
train,0.4,65,-1,0.8235714285714286,189.54018263913576,52.43055555555556,0,0,1,1,300.1,23.47926199261993,323.57926199261993,151.0,-592.0799999999999,-441.08,68,63,55,48,54,dqn_penalty_sweep_coeff_0_4_seed44.csv
train,0.4,66,-1,0.8208571428571428,154.39215543021393,59.375,18,1,0,0,296.2,23.47926199261993,319.6792619926199,-231.0,-541.92,-772.9199999999998,77,53,68,50,40,dqn_penalty_sweep_coeff_0_4_seed44.csv
train,0.4,67,-1,0.8181428571428572,71.08952967016958,30.20833333333333,168,10,0,0,258.5,23.47926199261993,281.9792619926199,-4158.0,-549.0400000000001,-4707.04,78,62,54,48,46,dqn_penalty_sweep_coeff_0_4_seed44.csv
train,0.4,68,-1,0.8154285714285714,189.7688703544519,53.81944444444444,0,0,3,2,293.0,23.47926199261993,316.4792619926199,135.0,-587.4000000000001,-452.4,71,55,56,57,49,dqn_penalty_sweep_coeff_0_4_seed44.csv
train,0.4,69,-1,0.8127142857142857,270.0032394184318,3.8194444444444446,0,0,89,8,249.2,23.47926199261993,272.6792619926199,-1501.0,-504.52,-2005.52,101,60,40,38,49,dqn_penalty_sweep_coeff_0_4_seed44.csv
train,0.4,70,-1,0.81,193.8570204976917,37.84722222222222,0,0,0,0,231.9,23.47926199261993,255.37926199261992,39.0,-548.12,-509.12,84,47,59,55,43,dqn_penalty_sweep_coeff_0_4_seed44.csv
train,0.4,71,-1,0.8072857142857143,139.09978658506768,75.0,8,4,0,0,309.1,23.47926199261993,332.57926199261993,96.0,-545.76,-449.76,80,62,55,43,48,dqn_penalty_sweep_coeff_0_4_seed44.csv
train,0.4,72,-1,0.8045714285714286,110.64825615311877,66.31944444444444,65,4,0,0,257.7,23.47926199261993,281.1792619926199,-1356.0,-569.9599999999999,-1925.96,80,51,54,54,49,dqn_penalty_sweep_coeff_0_4_seed44.csv
train,0.4,73,-1,0.8018571428571428,220.5958074568593,21.180555555555557,0,0,2,2,258.9,23.47926199261993,282.3792619926199,-133.0,-555.5999999999999,-688.6,86,50,54,48,50,dqn_penalty_sweep_coeff_0_4_seed44.csv
train,0.4,74,-1,0.7991428571428572,124.553945916722,68.40277777777779,41,6,0,0,247.9,23.47926199261993,271.37926199261994,-771.0,-532.72,-1303.7199999999998,85,53,65,39,46,dqn_penalty_sweep_coeff_0_4_seed44.csv
train,0.4,75,-1,0.7964285714285715,97.0993770800364,60.06944444444444,73,10,0,0,230.6,23.47926199261993,254.0792619926199,-1647.0,-574.92,-2221.92,64,58,74,47,45,dqn_penalty_sweep_coeff_0_4_seed44.csv
train,0.4,76,-1,0.7937142857142857,142.46368470909786,89.58333333333334,0,0,0,0,278.9,23.47926199261993,302.3792619926199,477.0,-573.28,-96.28,69,61,62,48,48,dqn_penalty_sweep_coeff_0_4_seed44.csv
train,0.4,77,-1,0.791,121.69048279410264,78.81944444444444,13,4,0,0,229.5,23.47926199261993,252.97926199261997,0.0,-526.76,-526.76,78,65,53,55,37,dqn_penalty_sweep_coeff_0_4_seed44.csv
train,0.4,78,-1,0.7882857142857143,165.12318666937892,69.44444444444444,0,0,0,0,267.4,23.47926199261993,290.8792619926199,312.0,-574.0,-262.00000000000006,75,59,52,52,50,dqn_penalty_sweep_coeff_0_4_seed44.csv
train,0.4,79,-1,0.7855714285714286,66.15770752926989,26.041666666666668,195,5,0,0,239.8,23.47926199261993,263.2792619926199,-4797.0,-583.92,-5380.92,69,54,61,58,46,dqn_penalty_sweep_coeff_0_4_seed44.csv
train,0.4,80,-1,0.7828571428571429,199.83194168960028,27.08333333333333,0,0,2,1,280.79999999999995,23.47926199261993,304.27926199261987,-82.0,-553.24,-635.24,82,51,60,48,47,dqn_penalty_sweep_coeff_0_4_seed44.csv
train,0.4,81,-1,0.7801428571428571,150.13846224023882,89.58333333333334,0,0,0,0,295.3,23.47926199261993,318.7792619926199,486.0,-548.24,-62.24,83,51,60,48,46,dqn_penalty_sweep_coeff_0_4_seed44.csv
train,0.4,82,-1,0.7774285714285715,119.6274059654658,79.16666666666666,41,2,0,0,237.9,23.47926199261993,261.37926199261994,-612.0,-617.04,-1229.04,64,54,52,68,50,dqn_penalty_sweep_coeff_0_4_seed44.csv
train,0.4,83,-1,0.7747142857142857,140.4909837273949,86.45833333333334,5,1,0,0,275.2,23.47926199261993,298.6792619926199,312.0,-526.1600000000001,-214.16,85,64,52,41,46,dqn_penalty_sweep_coeff_0_4_seed44.csv
train,0.4,84,-1,0.772,236.8491122703783,25.694444444444443,0,0,50,1,263.0,23.47926199261993,286.4792619926199,-766.0,-515.24,-1281.2400000000002,92,57,53,41,45,dqn_penalty_sweep_coeff_0_4_seed44.csv
train,0.4,85,-1,0.7692857142857144,99.11376768980573,54.86111111111112,110,2,0,0,274.9,23.47926199261993,298.3792619926199,-2508.0,-570.24,-3078.24,81,50,51,58,48,dqn_penalty_sweep_coeff_0_4_seed44.csv
train,0.4,86,-1,0.7665714285714286,135.6957807663622,64.23611111111111,37,2,0,0,281.8,23.47926199261993,305.2792619926199,-651.0,-546.0,-1197.0,82,45,61,62,38,dqn_penalty_sweep_coeff_0_4_seed44.csv
train,0.4,87,-1,0.7638571428571428,200.61190841368256,31.59722222222222,0,0,0,0,243.7,23.47926199261993,267.1792619926199,-15.0,-466.56,-481.56,102,55,57,38,36,dqn_penalty_sweep_coeff_0_4_seed44.csv
train,0.4,88,-1,0.7611428571428571,115.88635455396336,94.0972222222222,0,0,0,0,276.8,23.47926199261993,300.2792619926199,489.0,-576.4399999999999,-87.44,66,73,52,46,51,dqn_penalty_sweep_coeff_0_4_seed44.csv
train,0.4,89,-1,0.7584285714285715,165.89964138969447,54.16666666666666,0,0,0,0,296.0,23.47926199261993,319.4792619926199,165.0,-565.6800000000001,-400.68,79,64,47,44,54,dqn_penalty_sweep_coeff_0_4_seed44.csv
train,0.4,90,-1,0.7557142857142858,84.68911871331686,41.31944444444444,126,7,0,0,227.5,23.47926199261993,250.97926199261997,-3060.0,-537.0,-3597.0000000000005,76,64,58,49,41,dqn_penalty_sweep_coeff_0_4_seed44.csv
train,0.4,91,-1,0.753,168.30311608762133,64.93055555555556,0,0,0,0,246.6,23.47926199261993,270.07926199261993,273.0,-525.12,-252.12,91,53,59,37,48,dqn_penalty_sweep_coeff_0_4_seed44.csv
train,0.4,92,-1,0.7502857142857143,140.45869305053327,53.125,41,3,0,0,255.0,23.47926199261993,278.4792619926199,-855.0,-609.0799999999999,-1464.0800000000002,68,54,64,43,59,dqn_penalty_sweep_coeff_0_4_seed44.csv
train,0.4,93,-1,0.7475714285714286,78.63874207762227,43.40277777777778,148,5,0,0,245.9,23.47926199261993,269.37926199261994,-3510.0,-606.16,-4116.16,68,51,63,52,54,dqn_penalty_sweep_coeff_0_4_seed44.csv
train,0.4,94,-1,0.7448571428571429,166.90447391794825,48.95833333333333,9,2,0,0,212.5,23.47926199261993,235.97926199261997,-111.0,-478.8,-589.8000000000001,99,63,44,44,38,dqn_penalty_sweep_coeff_0_4_seed44.csv
train,0.4,95,-1,0.7421428571428572,219.51268997293343,24.305555555555557,0,0,42,5,275.7,23.47926199261993,299.1792619926199,-666.0,-561.6399999999999,-1227.64,79,61,47,52,49,dqn_penalty_sweep_coeff_0_4_seed44.csv
train,0.4,96,-1,0.7394285714285714,178.79630460416223,49.65277777777778,0,0,0,0,287.6,23.47926199261993,311.07926199261993,141.0,-543.84,-402.84,89,54,46,51,48,dqn_penalty_sweep_coeff_0_4_seed44.csv
train,0.4,97,-1,0.7367142857142857,129.13605929168796,69.79166666666666,45,5,0,0,258.7,23.47926199261993,282.1792619926199,-825.0,-526.12,-1351.12,83,65,54,41,45,dqn_penalty_sweep_coeff_0_4_seed44.csv
train,0.4,98,-1,0.734,234.38845871009727,27.08333333333333,0,0,94,1,259.8,23.47926199261993,283.2792619926199,-1370.0,-547.76,-1917.76,86,57,49,46,50,dqn_penalty_sweep_coeff_0_4_seed44.csv
train,0.4,99,-1,0.7312857142857143,159.1464291624841,63.19444444444444,0,0,0,0,244.4,23.47926199261993,267.87926199261994,255.0,-552.76,-297.76,78,64,49,50,47,dqn_penalty_sweep_coeff_0_4_seed44.csv
eval,0.4,99,0,0.0,167.52393309977654,65.625,0,0,0,0,141.7,23.47926199261993,165.17926199261993,279.0,-280.12,-1.119999999999976,142,30,100,13,3,dqn_penalty_sweep_coeff_0_4_seed44.csv
eval,0.4,99,1,0.0,208.5915506336088,20.833333333333336,0,0,0,0,101.8,23.47926199261993,125.27926199261992,-108.0,-212.72,-320.72,175,13,98,0,2,dqn_penalty_sweep_coeff_0_4_seed44.csv
eval,0.4,99,2,0.0,238.49640131985456,6.25,0,0,44,3,88.2,23.47926199261993,111.67926199261991,-850.0,-190.8,-1040.8,186,14,86,0,2,dqn_penalty_sweep_coeff_0_4_seed44.csv
train,0.4,0,-1,1.0,80.04104753122391,35.76388888888889,135,17,0,0,288.70000000000005,23.47926199261993,312.17926199262,-3369.0,-606.0,-3975.000000000001,72,50,61,47,58,dqn_penalty_sweep_coeff_0_4_seed45.csv
train,0.4,1,-1,0.9972857142857144,159.47299900193508,29.86111111111111,42,2,0,0,264.8,23.47926199261993,288.2792619926199,-1068.0,-653.8,-1721.8000000000002,52,54,57,72,53,dqn_penalty_sweep_coeff_0_4_seed45.csv
train,0.4,2,-1,0.9945714285714286,250.98691727795187,12.152777777777777,0,0,50,15,277.8,23.47926199261993,301.2792619926199,-883.0,-659.6800000000001,-1542.6800000000003,47,66,64,47,64,dqn_penalty_sweep_coeff_0_4_seed45.csv
train,0.4,3,-1,0.9918571428571428,194.91499920926083,35.76388888888889,0,0,0,0,260.5,23.47926199261993,283.9792619926199,21.0,-623.76,-602.76,60,58,57,59,54,dqn_penalty_sweep_coeff_0_4_seed45.csv
train,0.4,4,-1,0.9891428571428572,122.54349427768754,59.375,51,3,0,0,297.3,23.47926199261993,320.7792619926199,-1044.0,-642.52,-1686.52,52,66,57,54,59,dqn_penalty_sweep_coeff_0_4_seed45.csv
train,0.4,5,-1,0.9864285714285714,79.99002054671206,27.77777777777778,150,17,0,0,307.70000000000005,23.47926199261993,331.17926199262,-3810.0,-667.76,-4477.76,55,57,54,56,66,dqn_penalty_sweep_coeff_0_4_seed45.csv
train,0.4,6,-1,0.9837142857142858,179.65780316079386,55.208333333333336,0,0,0,0,283.0,23.47926199261993,306.4792619926199,189.0,-630.9200000000001,-441.92,58,64,51,58,57,dqn_penalty_sweep_coeff_0_4_seed45.csv
train,0.4,7,-1,0.981,207.5825571731526,53.47222222222222,0,0,53,3,253.7,23.47926199261993,277.17926199262,-568.0,-564.68,-1132.68,68,64,62,49,45,dqn_penalty_sweep_coeff_0_4_seed45.csv
train,0.4,8,-1,0.9782857142857144,99.26251365016248,59.375,85,8,0,0,271.3,23.47926199261993,294.7792619926199,-1887.0,-668.52,-2555.52,58,59,47,55,69,dqn_penalty_sweep_coeff_0_4_seed45.csv
train,0.4,9,-1,0.9755714285714284,162.01134440149397,84.375,0,0,0,0,296.5,23.47926199261993,319.9792619926199,441.0,-682.4399999999999,-241.44,51,57,57,54,69,dqn_penalty_sweep_coeff_0_4_seed45.csv
train,0.4,10,-1,0.9728571428571428,93.57638336037977,52.77777777777778,83,14,0,0,293.7,23.47926199261993,317.1792619926199,-1977.0,-651.3599999999999,-2628.36,56,59,59,50,64,dqn_penalty_sweep_coeff_0_4_seed45.csv
train,0.4,11,-1,0.9701428571428572,174.5514412299384,52.083333333333336,0,0,0,0,294.5,23.47926199261993,317.9792619926199,162.0,-594.48,-432.48,69,59,57,49,54,dqn_penalty_sweep_coeff_0_4_seed45.csv
train,0.4,12,-1,0.9674285714285714,91.05905342713965,63.54166666666666,78,11,0,0,280.8,23.47926199261993,304.2792619926199,-1692.0,-634.28,-2326.28,66,56,54,47,65,dqn_penalty_sweep_coeff_0_4_seed45.csv
train,0.4,13,-1,0.9647142857142856,149.27647603949438,74.65277777777779,0,0,0,0,314.70000000000005,23.47926199261993,338.17926199262,345.0,-689.44,-344.44,49,52,63,56,68,dqn_penalty_sweep_coeff_0_4_seed45.csv
train,0.4,14,-1,0.962,105.6801413641835,70.48611111111111,57,3,0,0,250.8,23.47926199261993,274.2792619926199,-1098.0,-648.24,-1746.2400000000002,57,64,47,58,62,dqn_penalty_sweep_coeff_0_4_seed45.csv
train,0.4,15,-1,0.9592857142857144,98.05530628282274,60.41666666666666,90,8,0,0,279.4,23.47926199261993,302.8792619926199,-1998.0,-615.7199999999999,-2613.7200000000003,65,69,44,49,61,dqn_penalty_sweep_coeff_0_4_seed45.csv
train,0.4,16,-1,0.9565714285714286,120.12249747106934,37.5,101,6,1,1,248.0,23.47926199261993,271.4792619926199,-2432.0,-644.4000000000001,-3076.4,58,58,58,52,62,dqn_penalty_sweep_coeff_0_4_seed45.csv
train,0.4,17,-1,0.9538571428571428,112.79883428864323,56.25,51,7,0,0,268.8,23.47926199261993,292.2792619926199,-1182.0,-655.8799999999999,-1837.88,53,56,56,66,57,dqn_penalty_sweep_coeff_0_4_seed45.csv
train,0.4,18,-1,0.9511428571428572,204.904063577958,38.88888888888889,0,0,23,1,244.0,23.47926199261993,267.4792619926199,-274.0,-568.76,-842.76,72,64,58,43,51,dqn_penalty_sweep_coeff_0_4_seed45.csv
train,0.4,19,-1,0.9484285714285714,118.62365318315152,93.75,6,1,0,0,264.2,23.47926199261993,287.6792619926199,345.0,-638.2,-293.2,57,72,44,52,63,dqn_penalty_sweep_coeff_0_4_seed45.csv
train,0.4,20,-1,0.9457142857142856,101.49581834706706,38.54166666666667,118,8,0,0,256.6,23.47926199261993,280.0792619926199,-2907.0,-654.9199999999998,-3561.92,55,58,55,59,61,dqn_penalty_sweep_coeff_0_4_seed45.csv
train,0.4,21,-1,0.943,91.9240957161667,61.458333333333336,61,11,0,0,276.6,23.47926199261993,300.0792619926199,-1371.0,-613.04,-1984.04,63,60,55,56,54,dqn_penalty_sweep_coeff_0_4_seed45.csv
train,0.4,22,-1,0.9402857142857144,86.0927511954877,57.29166666666666,92,8,0,0,274.20000000000005,23.47926199261993,297.67926199262,-2094.0,-650.1600000000001,-2744.16,55,58,54,63,58,dqn_penalty_sweep_coeff_0_4_seed45.csv
train,0.4,23,-1,0.9375714285714286,144.8108056730108,84.02777777777779,0,0,0,0,261.4,23.47926199261993,284.8792619926199,438.0,-598.88,-160.88,75,58,42,57,56,dqn_penalty_sweep_coeff_0_4_seed45.csv
train,0.4,24,-1,0.9348571428571428,85.70059131113892,53.125,129,1,0,0,257.1,23.47926199261993,280.57926199261993,-2943.0,-635.0799999999999,-3578.08,57,64,43,71,53,dqn_penalty_sweep_coeff_0_4_seed45.csv
train,0.4,25,-1,0.9321428571428572,122.61368493123165,96.18055555555556,0,0,0,0,240.1,23.47926199261993,263.57926199261993,510.0,-554.36,-44.36,71,69,58,43,47,dqn_penalty_sweep_coeff_0_4_seed45.csv
train,0.4,26,-1,0.9294285714285714,139.0318527017064,42.36111111111111,29,6,0,0,283.8,23.47926199261993,307.2792619926199,-729.0,-613.48,-1342.4800000000002,64,56,57,58,53,dqn_penalty_sweep_coeff_0_4_seed45.csv
train,0.4,27,-1,0.9267142857142856,199.79899333825065,27.43055555555556,0,0,0,0,240.2,23.47926199261993,263.6792619926199,-51.0,-538.8,-589.8,70,73,59,44,42,dqn_penalty_sweep_coeff_0_4_seed45.csv
train,0.4,28,-1,0.924,120.0697434840042,96.5277777777778,3,3,0,0,267.2,23.47926199261993,290.6792619926199,459.0,-566.6,-107.6,76,62,49,52,49,dqn_penalty_sweep_coeff_0_4_seed45.csv
train,0.4,29,-1,0.9212857142857144,262.4576999004136,4.861111111111112,0,0,65,11,267.7,23.47926199261993,291.1792619926199,-1156.0,-606.8399999999999,-1762.84,60,55,72,50,51,dqn_penalty_sweep_coeff_0_4_seed45.csv
train,0.4,30,-1,0.9185714285714286,151.60805916154146,72.91666666666666,0,0,0,0,269.0,23.47926199261993,292.4792619926199,342.0,-602.12,-260.12,65,58,61,51,53,dqn_penalty_sweep_coeff_0_4_seed45.csv
train,0.4,31,-1,0.9158571428571428,87.1332164785368,40.97222222222222,131,10,0,0,292.4,23.47926199261993,315.8792619926199,-3165.0,-634.2,-3799.2000000000007,57,56,61,59,55,dqn_penalty_sweep_coeff_0_4_seed45.csv
train,0.4,32,-1,0.9131428571428571,59.32380257615416,13.88888888888889,221,9,0,0,237.1,23.47926199261993,260.57926199261993,-5553.0,-562.84,-6115.84,65,70,58,52,43,dqn_penalty_sweep_coeff_0_4_seed45.csv
train,0.4,33,-1,0.9104285714285714,106.636551136819,43.40277777777778,83,10,0,0,260.6,23.47926199261993,284.07926199261993,-2007.0,-575.36,-2582.36,58,68,64,58,40,dqn_penalty_sweep_coeff_0_4_seed45.csv
train,0.4,34,-1,0.9077142857142856,186.19894851221773,46.18055555555556,0,0,0,0,300.0,23.47926199261993,323.4792619926199,111.0,-642.6400000000001,-531.6400000000001,67,54,49,52,66,dqn_penalty_sweep_coeff_0_4_seed45.csv
train,0.4,35,-1,0.905,178.9103738478604,52.43055555555556,0,0,0,0,247.0,23.47926199261993,270.4792619926199,165.0,-502.12,-337.12,92,51,61,47,37,dqn_penalty_sweep_coeff_0_4_seed45.csv
train,0.4,36,-1,0.9022857142857142,186.78885701581865,36.80555555555556,0,0,0,0,256.8,23.47926199261993,280.2792619926199,30.0,-621.3199999999999,-591.32,77,43,51,56,61,dqn_penalty_sweep_coeff_0_4_seed45.csv
train,0.4,37,-1,0.8995714285714286,92.74061677551916,35.41666666666667,120,13,0,0,277.6,23.47926199261993,301.07926199261993,-3003.0,-572.6,-3575.6000000000004,77,50,58,56,47,dqn_penalty_sweep_coeff_0_4_seed45.csv
train,0.4,38,-1,0.8968571428571429,158.17098798266866,70.13888888888889,0,0,0,0,260.79999999999995,23.47926199261993,284.27926199261987,309.0,-615.0799999999999,-306.08,69,49,61,52,57,dqn_penalty_sweep_coeff_0_4_seed45.csv
train,0.4,39,-1,0.8941428571428571,88.01654424588422,56.25,65,9,0,0,239.2,23.47926199261993,262.6792619926199,-1545.0,-585.8,-2130.8,64,78,44,49,53,dqn_penalty_sweep_coeff_0_4_seed45.csv
train,0.4,40,-1,0.8914285714285715,93.74837051723053,61.458333333333336,75,6,0,0,249.0,23.47926199261993,272.4792619926199,-1665.0,-614.56,-2279.56,62,57,65,48,56,dqn_penalty_sweep_coeff_0_4_seed45.csv
train,0.4,41,-1,0.8887142857142857,90.49003661472948,56.59722222222222,108,5,0,0,228.5,23.47926199261993,251.97926199261997,-2442.0,-548.76,-2990.76,62,78,58,51,39,dqn_penalty_sweep_coeff_0_4_seed45.csv
train,0.4,42,-1,0.886,105.15145929069745,68.40277777777779,55,7,0,0,237.1,23.47926199261993,260.57926199261993,-1119.0,-593.68,-1712.6799999999998,61,68,57,52,50,dqn_penalty_sweep_coeff_0_4_seed45.csv
train,0.4,43,-1,0.8832857142857142,258.3976644617265,1.7361111111111112,0,0,58,6,291.2,23.47926199261993,314.6792619926199,-1085.0,-597.72,-1682.72,70,55,60,48,55,dqn_penalty_sweep_coeff_0_4_seed45.csv
train,0.4,44,-1,0.8805714285714286,95.53737295173232,70.83333333333334,37,4,0,0,235.0,23.47926199261993,258.4792619926199,-705.0,-629.3199999999999,-1334.3200000000002,47,70,65,53,53,dqn_penalty_sweep_coeff_0_4_seed45.csv
train,0.4,45,-1,0.8778571428571429,133.79864983114248,79.86111111111111,14,4,0,0,255.3,23.47926199261993,278.7792619926199,33.0,-588.6,-555.6,81,54,54,36,63,dqn_penalty_sweep_coeff_0_4_seed45.csv
train,0.4,46,-1,0.8751428571428571,100.7397889697276,64.58333333333334,86,4,0,0,285.90000000000003,23.47926199261993,309.37926199261994,-1842.0,-632.96,-2474.96,65,52,63,44,64,dqn_penalty_sweep_coeff_0_4_seed45.csv
train,0.4,47,-1,0.8724285714285714,175.72418135342028,36.11111111111111,12,1,0,0,352.4,23.47926199261993,375.8792619926199,-300.0,-598.6800000000001,-898.68,73,62,46,48,59,dqn_penalty_sweep_coeff_0_4_seed45.csv
train,0.4,48,-1,0.8697142857142857,96.55304432646211,63.54166666666666,67,8,0,0,275.1,23.47926199261993,298.57926199261993,-1443.0,-579.76,-2022.76,71,60,56,51,50,dqn_penalty_sweep_coeff_0_4_seed45.csv
train,0.4,49,-1,0.867,165.8208454289859,81.25,0,0,0,0,273.0,23.47926199261993,296.4792619926199,414.0,-580.72,-166.71999999999997,75,59,53,47,54,dqn_penalty_sweep_coeff_0_4_seed45.csv
eval,0.4,49,0,0.0,187.54389123226005,49.65277777777778,0,0,0,0,83.6,23.47926199261993,107.07926199261992,141.0,-126.48,14.52000000000001,189,90,5,2,2,dqn_penalty_sweep_coeff_0_4_seed45.csv
eval,0.4,49,1,0.0,105.63244333455324,50.0,95,6,0,0,102.79999999999998,23.47926199261993,126.27926199261992,-2214.0,-206.64,-2420.64,131,129,24,2,2,dqn_penalty_sweep_coeff_0_4_seed45.csv
eval,0.4,49,2,0.0,207.01987151787657,10.069444444444445,0,0,0,0,70.39999999999999,23.47926199261993,93.87926199261992,-201.0,-122.23999999999998,-323.24,181,104,3,0,0,dqn_penalty_sweep_coeff_0_4_seed45.csv
train,0.4,50,-1,0.8642857142857143,198.6242284280544,28.125,0,0,0,0,267.4,23.47926199261993,290.8792619926199,-45.0,-569.4,-614.4000000000001,78,60,48,51,51,dqn_penalty_sweep_coeff_0_4_seed45.csv
train,0.4,51,-1,0.8615714285714285,106.8828025163712,62.5,68,9,0,0,268.3,23.47926199261993,291.7792619926199,-1461.0,-583.6,-2044.6,68,54,64,56,46,dqn_penalty_sweep_coeff_0_4_seed45.csv
train,0.4,52,-1,0.8588571428571429,163.44810671922767,43.75,7,3,0,0,262.6,23.47926199261993,286.07926199261993,-108.0,-590.64,-698.64,70,46,66,60,46,dqn_penalty_sweep_coeff_0_4_seed45.csv
train,0.4,53,-1,0.8561428571428571,102.59674177817374,73.26388888888889,23,5,0,0,315.29999999999995,23.47926199261993,338.77926199261987,-369.0,-646.6,-1015.6,54,54,65,58,57,dqn_penalty_sweep_coeff_0_4_seed45.csv
train,0.4,54,-1,0.8534285714285714,168.79124922157305,59.375,0,0,0,0,263.7,23.47926199261993,287.1792619926199,225.0,-573.76,-348.76,81,54,48,53,52,dqn_penalty_sweep_coeff_0_4_seed45.csv
train,0.4,55,-1,0.8507142857142858,108.33369655979108,59.72222222222222,99,3,0,0,236.2,23.47926199261993,259.6792619926199,-2193.0,-566.72,-2759.72,67,67,56,54,44,dqn_penalty_sweep_coeff_0_4_seed45.csv
train,0.4,56,-1,0.848,164.24186925982897,54.16666666666666,14,1,0,0,256.79999999999995,23.47926199261993,280.27926199261987,-168.0,-587.44,-755.44,81,53,41,59,54,dqn_penalty_sweep_coeff_0_4_seed45.csv
train,0.4,57,-1,0.8452857142857143,72.30995352685335,34.72222222222222,150,6,0,0,205.3,23.47926199261993,228.77926199261995,-3702.0,-576.5600000000001,-4278.56,59,76,57,50,46,dqn_penalty_sweep_coeff_0_4_seed45.csv
train,0.4,58,-1,0.8425714285714285,137.20675800114967,89.93055555555556,5,1,0,0,267.8,23.47926199261993,291.2792619926199,327.0,-600.64,-273.64000000000004,65,56,64,51,52,dqn_penalty_sweep_coeff_0_4_seed45.csv
train,0.4,59,-1,0.8398571428571429,200.73277594452395,26.38888888888889,0,0,0,0,264.4,23.47926199261993,287.8792619926199,-60.0,-525.6,-585.6,94,48,52,50,44,dqn_penalty_sweep_coeff_0_4_seed45.csv
train,0.4,60,-1,0.8371428571428572,276.39718497637347,4.513888888888888,0,0,125,1,293.6,23.47926199261993,317.0792619926199,-1999.0,-526.88,-2525.88,83,56,67,38,44,dqn_penalty_sweep_coeff_0_4_seed45.csv
train,0.4,61,-1,0.8344285714285714,150.9075673668359,80.55555555555556,0,0,0,0,271.5,23.47926199261993,294.9792619926199,390.0,-570.08,-180.08,71,63,56,50,48,dqn_penalty_sweep_coeff_0_4_seed45.csv
train,0.4,62,-1,0.8317142857142857,147.16875515690865,53.125,5,2,0,0,240.3,23.47926199261993,263.7792619926199,3.0,-548.9599999999999,-545.96,69,69,56,54,40,dqn_penalty_sweep_coeff_0_4_seed45.csv
train,0.4,63,-1,0.829,187.99683624039184,44.09722222222222,0,0,0,0,241.4,23.47926199261993,264.87926199261994,93.0,-572.5999999999999,-479.6,69,58,59,59,43,dqn_penalty_sweep_coeff_0_4_seed45.csv
train,0.4,64,-1,0.8262857142857143,220.7792451391361,31.25,0,0,65,4,222.9,23.47926199261993,246.37926199261992,-928.0,-557.2,-1485.2,75,66,48,53,46,dqn_penalty_sweep_coeff_0_4_seed45.csv
train,0.4,65,-1,0.8235714285714286,167.0036137635473,56.59722222222222,0,0,0,0,237.5,23.47926199261993,260.9792619926199,201.0,-565.72,-364.72,66,64,63,52,43,dqn_penalty_sweep_coeff_0_4_seed45.csv
train,0.4,66,-1,0.8208571428571428,71.70283215156945,31.25,157,7,0,0,255.6,23.47926199261993,279.07926199261993,-3909.0,-561.1199999999999,-4470.12,70,71,46,57,44,dqn_penalty_sweep_coeff_0_4_seed45.csv
train,0.4,67,-1,0.8181428571428572,183.625902386484,55.90277777777778,0,0,0,0,238.2,23.47926199261993,261.6792619926199,195.0,-519.92,-324.92,87,60,52,47,42,dqn_penalty_sweep_coeff_0_4_seed45.csv
train,0.4,68,-1,0.8154285714285714,278.01539219620946,3.4722222222222223,0,0,119,7,290.3,23.47926199261993,313.7792619926199,-1924.0,-594.3199999999999,-2518.32,75,56,46,57,54,dqn_penalty_sweep_coeff_0_4_seed45.csv
train,0.4,69,-1,0.8127142857142857,200.12247188658085,38.88888888888889,0,0,12,7,263.6,23.47926199261993,287.0792619926199,-120.0,-584.6,-704.6,76,50,57,54,51,dqn_penalty_sweep_coeff_0_4_seed45.csv
train,0.4,70,-1,0.81,149.03433519617886,76.73611111111111,1,1,0,0,242.4,23.47926199261993,265.8792619926199,297.0,-592.56,-295.56,69,67,52,42,58,dqn_penalty_sweep_coeff_0_4_seed45.csv
train,0.4,71,-1,0.8072857142857143,125.12791403556928,65.97222222222221,38,5,0,0,255.7,23.47926199261993,279.1792619926199,-720.0,-588.4,-1308.4,61,83,43,47,54,dqn_penalty_sweep_coeff_0_4_seed45.csv
train,0.4,72,-1,0.8045714285714286,236.81559912352608,14.930555555555555,0,0,22,8,288.6,23.47926199261993,312.07926199261993,-467.0,-592.92,-1059.92,63,54,64,64,43,dqn_penalty_sweep_coeff_0_4_seed45.csv
train,0.4,73,-1,0.8018571428571428,115.29883853808175,69.09722222222221,53,6,0,0,262.6,23.47926199261993,286.07926199261993,-1059.0,-578.52,-1637.52,75,60,48,54,51,dqn_penalty_sweep_coeff_0_4_seed45.csv
train,0.4,74,-1,0.7991428571428572,92.54519892623586,59.02777777777778,81,9,0,0,247.0,23.47926199261993,270.4792619926199,-1833.0,-596.24,-2429.24,65,65,49,59,50,dqn_penalty_sweep_coeff_0_4_seed45.csv
train,0.4,75,-1,0.7964285714285715,152.3963235979868,86.11111111111111,0,0,0,0,289.7,23.47926199261993,313.1792619926199,456.0,-571.8,-115.8,74,61,55,47,51,dqn_penalty_sweep_coeff_0_4_seed45.csv
train,0.4,76,-1,0.7937142857142857,130.71808696076926,80.20833333333334,2,2,0,0,252.0,23.47926199261993,275.4792619926199,312.0,-581.76,-269.76,73,59,47,61,48,dqn_penalty_sweep_coeff_0_4_seed45.csv
train,0.4,77,-1,0.791,162.69870750271224,70.48611111111111,0,0,0,0,286.5,23.47926199261993,309.9792619926199,321.0,-554.16,-233.16000000000005,81,54,55,52,46,dqn_penalty_sweep_coeff_0_4_seed45.csv
train,0.4,78,-1,0.7882857142857143,65.55292983604721,26.041666666666668,202,6,0,0,273.70000000000005,23.47926199261993,297.17926199262,-4944.0,-627.12,-5571.12,58,53,61,66,50,dqn_penalty_sweep_coeff_0_4_seed45.csv
train,0.4,79,-1,0.7855714285714286,205.77881668960032,27.08333333333333,0,0,2,1,295.70000000000005,23.47926199261993,319.17926199262,-82.0,-638.9599999999999,-720.96,69,51,52,50,66,dqn_penalty_sweep_coeff_0_4_seed45.csv
train,0.4,80,-1,0.7828571428571429,135.33637890690548,99.6527777777778,0,0,0,0,303.4,23.47926199261993,326.8792619926199,573.0,-519.6799999999998,53.32000000000001,86,62,48,52,40,dqn_penalty_sweep_coeff_0_4_seed45.csv
train,0.4,81,-1,0.7801428571428571,115.79742839905416,77.08333333333334,45,3,0,0,308.2,23.47926199261993,331.6792619926199,-747.0,-559.24,-1306.2400000000002,71,58,62,56,41,dqn_penalty_sweep_coeff_0_4_seed45.csv
train,0.4,82,-1,0.7774285714285715,161.1963656718394,70.48611111111111,0,0,0,0,255.5,23.47926199261993,278.9792619926199,321.0,-548.32,-227.32,83,46,65,50,44,dqn_penalty_sweep_coeff_0_4_seed45.csv
train,0.4,83,-1,0.7747142857142857,249.81022338148964,22.569444444444446,0,0,69,6,246.3,23.47926199261993,269.7792619926199,-1059.0,-563.8399999999999,-1622.84,77,48,57,66,40,dqn_penalty_sweep_coeff_0_4_seed45.csv
train,0.4,84,-1,0.772,97.7942861344012,54.16666666666666,110,2,0,0,293.4,23.47926199261993,316.8792619926199,-2520.0,-565.4000000000001,-3085.4000000000005,69,67,57,48,47,dqn_penalty_sweep_coeff_0_4_seed45.csv
train,0.4,85,-1,0.7692857142857144,136.12833585452813,67.01388888888889,32,2,0,0,298.2,23.47926199261993,321.6792619926199,-504.0,-584.3599999999999,-1088.36,74,46,59,64,45,dqn_penalty_sweep_coeff_0_4_seed45.csv
train,0.4,86,-1,0.7665714285714286,186.182915358127,45.83333333333333,0,0,0,0,296.5,23.47926199261993,319.9792619926199,108.0,-532.9200000000001,-424.92,93,57,38,53,47,dqn_penalty_sweep_coeff_0_4_seed45.csv
train,0.4,87,-1,0.7638571428571428,98.70666705396346,79.86111111111111,21,4,0,0,278.6,23.47926199261993,302.07926199261993,-213.0,-634.4000000000001,-847.4000000000001,52,66,59,55,56,dqn_penalty_sweep_coeff_0_4_seed45.csv
train,0.4,88,-1,0.7611428571428571,165.7590163896946,48.26388888888889,2,1,0,0,265.29999999999995,23.47926199261993,288.77926199261987,57.0,-574.72,-517.72,81,50,47,62,48,dqn_penalty_sweep_coeff_0_4_seed45.csv
train,0.4,89,-1,0.7584285714285715,87.88828793233989,43.40277777777778,116,7,0,0,240.4,23.47926199261993,263.8792619926199,-2805.0,-563.52,-3368.5200000000004,54,77,70,47,40,dqn_penalty_sweep_coeff_0_4_seed45.csv
train,0.4,90,-1,0.7557142857142858,155.1867966431767,65.97222222222221,0,0,0,0,300.4,23.47926199261993,323.8792619926199,258.0,-499.92,-241.92,98,46,57,49,38,dqn_penalty_sweep_coeff_0_4_seed45.csv
train,0.4,91,-1,0.753,147.83592457800825,53.125,37,1,0,0,235.7,23.47926199261993,259.1792619926199,-741.0,-536.0799999999999,-1277.08,86,66,44,42,50,dqn_penalty_sweep_coeff_0_4_seed45.csv
train,0.4,92,-1,0.7502857142857143,78.86147493767646,43.05555555555556,151,6,0,0,235.1,23.47926199261993,258.5792619926199,-3579.0,-591.1999999999999,-4170.2,66,71,44,55,52,dqn_penalty_sweep_coeff_0_4_seed45.csv
train,0.4,93,-1,0.7475714285714286,149.49670284436377,53.125,25,2,0,0,277.79999999999995,23.47926199261993,301.27926199261987,-441.0,-598.96,-1039.96,74,54,55,47,58,dqn_penalty_sweep_coeff_0_4_seed45.csv
train,0.4,94,-1,0.7448571428571429,207.41407886182213,30.90277777777778,0,0,12,4,277.7,23.47926199261993,301.1792619926199,-189.0,-547.3599999999999,-736.3599999999999,79,54,56,59,40,dqn_penalty_sweep_coeff_0_4_seed45.csv
train,0.4,95,-1,0.7421428571428572,154.75533238193995,78.47222222222221,0,0,0,0,305.6,23.47926199261993,329.07926199261993,390.0,-582.1199999999999,-192.12,77,50,53,59,49,dqn_penalty_sweep_coeff_0_4_seed45.csv
train,0.4,96,-1,0.7394285714285714,125.80589199581476,69.44444444444444,42,3,0,0,268.4,23.47926199261993,291.8792619926199,-783.0,-514.72,-1297.72,79,71,49,53,36,dqn_penalty_sweep_coeff_0_4_seed45.csv
train,0.4,97,-1,0.7367142857142857,237.7391531545419,25.694444444444443,0,0,95,1,250.8,23.47926199261993,274.2792619926199,-1396.0,-497.56000000000006,-1893.56,97,51,55,46,39,dqn_penalty_sweep_coeff_0_4_seed45.csv
train,0.4,98,-1,0.734,146.54885971803964,69.79166666666666,0,0,0,0,281.6,23.47926199261993,305.07926199261993,267.0,-600.4799999999999,-333.48,73,44,56,67,48,dqn_penalty_sweep_coeff_0_4_seed45.csv
train,0.4,99,-1,0.7312857142857143,68.60043733701865,28.125,173,7,0,0,207.6,23.47926199261993,231.0792619926199,-4299.0,-546.16,-4845.16,60,92,40,58,38,dqn_penalty_sweep_coeff_0_4_seed45.csv
eval,0.4,99,0,0.0,62.28126241230247,15.27777777777778,218,11,0,0,165.09999999999997,23.47926199261993,188.5792619926199,-5466.0,-572.04,-6038.04,26,101,43,109,9,dqn_penalty_sweep_coeff_0_4_seed45.csv
eval,0.4,99,1,0.0,128.4850235602577,74.65277777777779,28,4,0,0,333.7,23.47926199261993,357.1792619926199,-348.0,-466.24,-814.2400000000001,84,58,87,31,28,dqn_penalty_sweep_coeff_0_4_seed45.csv
eval,0.4,99,2,0.0,178.63638975228253,39.58333333333333,4,2,0,0,333.9,23.47926199261993,357.3792619926199,-81.0,-422.64,-503.64,95,63,84,20,26,dqn_penalty_sweep_coeff_0_4_seed45.csv
train,0.4,0,-1,1.0,148.64383000044214,41.31944444444444,46,2,0,0,319.9,23.47926199261993,343.3792619926199,-1062.0,-658.16,-1720.16,59,51,62,50,66,dqn_penalty_sweep_coeff_0_4_seed46.csv
train,0.4,1,-1,0.9972857142857144,246.25931311128528,13.541666666666666,0,0,28,12,267.1,23.47926199261993,290.57926199261993,-563.0,-607.52,-1170.52,58,60,56,70,44,dqn_penalty_sweep_coeff_0_4_seed46.csv
train,0.4,2,-1,0.9945714285714286,192.85822837592747,36.45833333333333,0,0,0,0,244.1,23.47926199261993,267.57926199261993,27.0,-628.4000000000001,-601.4000000000001,53,69,60,48,58,dqn_penalty_sweep_coeff_0_4_seed46.csv
train,0.4,3,-1,0.9918571428571428,134.89426012261134,55.90277777777778,38,3,0,0,275.29999999999995,23.47926199261993,298.77926199261987,-789.0,-608.96,-1397.9599999999998,58,54,72,56,48,dqn_penalty_sweep_coeff_0_4_seed46.csv
train,0.4,4,-1,0.9891428571428572,83.1210315832545,32.29166666666667,135,12,0,0,281.20000000000005,23.47926199261993,304.67926199262,-3417.0,-601.88,-4018.88,62,62,59,54,51,dqn_penalty_sweep_coeff_0_4_seed46.csv
train,0.4,5,-1,0.9864285714285714,191.5536364941272,42.36111111111111,0,0,0,0,313.9,23.47926199261993,337.3792619926199,78.0,-663.64,-585.64,56,44,65,64,59,dqn_penalty_sweep_coeff_0_4_seed46.csv
train,0.4,6,-1,0.9837142857142858,219.26510407798867,48.61111111111111,0,0,66,4,314.0,23.47926199261993,337.4792619926199,-792.0,-638.6800000000001,-1430.68,57,56,64,52,59,dqn_penalty_sweep_coeff_0_4_seed46.csv
train,0.4,7,-1,0.981,101.16063623556164,58.333333333333336,84,8,0,0,261.4,23.47926199261993,284.8792619926199,-1884.0,-552.5999999999999,-2436.6,81,50,58,56,43,dqn_penalty_sweep_coeff_0_4_seed46.csv
train,0.4,8,-1,0.9782857142857144,159.24380967927166,84.72222222222221,0,0,0,0,277.1,23.47926199261993,300.57926199261993,444.0,-640.0,-196.0,59,52,59,62,56,dqn_penalty_sweep_coeff_0_4_seed46.csv
train,0.4,9,-1,0.9755714285714284,92.78647696710736,48.26388888888889,90,14,0,0,274.3,23.47926199261993,297.7792619926199,-2202.0,-638.4399999999999,-2840.4400000000005,59,55,57,60,57,dqn_penalty_sweep_coeff_0_4_seed46.csv
train,0.4,10,-1,0.9728571428571428,187.59067734104963,42.70833333333333,0,0,0,0,261.7,23.47926199261993,285.1792619926199,81.0,-625.4000000000001,-544.4000000000001,56,68,51,58,55,dqn_penalty_sweep_coeff_0_4_seed46.csv
train,0.4,11,-1,0.9701428571428572,91.25305510118382,63.54166666666666,75,7,0,0,294.40000000000003,23.47926199261993,317.87926199261994,-1629.0,-661.64,-2290.6400000000003,55,51,68,49,65,dqn_penalty_sweep_coeff_0_4_seed46.csv
train,0.4,12,-1,0.9674285714285714,122.39835103949424,74.65277777777779,3,1,0,0,295.2,23.47926199261993,318.6792619926199,204.0,-650.3199999999999,-446.32,71,53,40,54,70,dqn_penalty_sweep_coeff_0_4_seed46.csv
train,0.4,13,-1,0.9647142857142856,108.13131410825424,70.13888888888889,57,3,0,0,241.7,23.47926199261993,265.1792619926199,-1095.0,-624.84,-1719.84,50,67,59,63,49,dqn_penalty_sweep_coeff_0_4_seed46.csv
train,0.4,14,-1,0.962,92.65991245149142,55.55555555555556,95,6,0,0,275.0,23.47926199261993,298.4792619926199,-2187.0,-626.28,-2813.28,60,58,60,53,57,dqn_penalty_sweep_coeff_0_4_seed46.csv
train,0.4,15,-1,0.9592857142857144,119.20799680055872,42.01388888888889,79,4,0,0,282.5,23.47926199261993,305.9792619926199,-1893.0,-604.0799999999999,-2497.08,56,53,73,64,42,dqn_penalty_sweep_coeff_0_4_seed46.csv
train,0.4,16,-1,0.9565714285714286,129.48644274710094,60.06944444444444,51,4,0,0,312.9,23.47926199261993,336.3792619926199,-1062.0,-599.3199999999999,-1661.32,68,55,57,57,51,dqn_penalty_sweep_coeff_0_4_seed46.csv
train,0.4,17,-1,0.9538571428571428,198.49930100288293,40.27777777777778,0,0,23,1,272.3,23.47926199261993,295.7792619926199,-262.0,-624.0,-886.0,65,52,57,58,56,dqn_penalty_sweep_coeff_0_4_seed46.csv
train,0.4,18,-1,0.9511428571428572,119.57955596092933,94.79166666666666,5,1,0,0,283.79999999999995,23.47926199261993,307.27926199261987,384.0,-603.56,-219.56,69,48,66,52,53,dqn_penalty_sweep_coeff_0_4_seed46.csv
train,0.4,19,-1,0.9484285714285714,110.44508688790228,29.86111111111111,110,8,0,0,259.7,23.47926199261993,283.1792619926199,-2769.0,-597.28,-3366.28,70,58,57,47,56,dqn_penalty_sweep_coeff_0_4_seed46.csv
train,0.4,20,-1,0.9457142857142856,87.47370642290132,52.77777777777778,78,12,0,0,270.1,23.47926199261993,293.57926199261993,-1878.0,-642.0799999999999,-2520.08,50,57,66,63,52,dqn_penalty_sweep_coeff_0_4_seed46.csv
train,0.4,21,-1,0.943,88.32522806942623,57.638888888888886,89,9,0,0,263.5,23.47926199261993,286.9792619926199,-2022.0,-594.52,-2616.52,66,70,48,49,55,dqn_penalty_sweep_coeff_0_4_seed46.csv
train,0.4,22,-1,0.9402857142857144,131.69622233967746,91.31944444444444,0,0,0,0,296.3,23.47926199261993,319.7792619926199,492.0,-610.3199999999999,-118.32,65,60,52,57,54,dqn_penalty_sweep_coeff_0_4_seed46.csv
train,0.4,23,-1,0.9375714285714286,83.17711299024259,47.56944444444444,131,3,0,0,224.9,23.47926199261993,248.37926199261992,-3081.0,-553.32,-3634.32,60,75,61,55,37,dqn_penalty_sweep_coeff_0_4_seed46.csv
train,0.4,24,-1,0.9348571428571428,102.94886267451562,81.59722222222221,23,3,0,0,305.5,23.47926199261993,328.9792619926199,-225.0,-609.04,-834.0400000000003,68,60,59,39,62,dqn_penalty_sweep_coeff_0_4_seed46.csv
train,0.4,25,-1,0.9321428571428572,145.64252797435876,38.54166666666667,32,5,0,0,337.6,23.47926199261993,361.07926199261993,-816.0,-652.04,-1468.04,50,61,59,61,57,dqn_penalty_sweep_coeff_0_4_seed46.csv
train,0.4,26,-1,0.9294285714285714,199.4314586160284,27.43055555555556,0,0,0,0,227.9,23.47926199261993,251.37926199261992,-51.0,-576.1600000000001,-627.1600000000001,80,52,59,41,56,dqn_penalty_sweep_coeff_0_4_seed46.csv
train,0.4,27,-1,0.9267142857142856,120.4456115395598,95.83333333333334,5,1,0,0,281.6,23.47926199261993,305.07926199261993,405.0,-615.76,-210.76,65,63,49,53,58,dqn_penalty_sweep_coeff_0_4_seed46.csv
train,0.4,28,-1,0.924,257.409956844858,4.861111111111112,0,0,54,7,254.7,23.47926199261993,278.1792619926199,-1002.0,-612.4,-1614.4,68,53,54,59,54,dqn_penalty_sweep_coeff_0_4_seed46.csv
train,0.4,29,-1,0.9212857142857144,160.2183022170971,66.31944444444444,0,0,0,0,257.2,23.47926199261993,280.6792619926199,285.0,-565.44,-280.43999999999994,71,59,60,54,44,dqn_penalty_sweep_coeff_0_4_seed46.csv
train,0.4,30,-1,0.9185714285714286,94.98371263550166,47.22222222222222,81,10,0,0,238.2,23.47926199261993,261.6792619926199,-2001.0,-645.36,-2646.36,54,65,49,62,58,dqn_penalty_sweep_coeff_0_4_seed46.csv
train,0.4,31,-1,0.9158571428571428,58.13696955963738,10.416666666666668,227,9,0,0,310.2,23.47926199261993,333.6792619926199,-5739.0,-598.2,-6337.200000000001,66,57,60,54,51,dqn_penalty_sweep_coeff_0_4_seed46.csv
train,0.4,32,-1,0.9131428571428571,105.22651538025536,42.01388888888889,79,12,0,0,258.0,23.47926199261993,281.4792619926199,-1947.0,-612.04,-2559.04,63,56,61,55,53,dqn_penalty_sweep_coeff_0_4_seed46.csv
train,0.4,33,-1,0.9104285714285714,199.47334165536117,27.77777777777778,0,0,2,2,254.6,23.47926199261993,278.0792619926199,-76.0,-567.64,-643.6400000000001,83,53,41,64,47,dqn_penalty_sweep_coeff_0_4_seed46.csv
train,0.4,34,-1,0.9077142857142856,163.1890196811937,67.36111111111111,0,0,0,0,265.9,23.47926199261993,289.3792619926199,294.0,-590.16,-296.16,78,47,57,52,54,dqn_penalty_sweep_coeff_0_4_seed46.csv
train,0.4,35,-1,0.905,194.98642646026312,27.43055555555556,0,0,0,0,283.5,23.47926199261993,306.9792619926199,-51.0,-603.52,-654.52,79,51,53,41,64,dqn_penalty_sweep_coeff_0_4_seed46.csv
train,0.4,36,-1,0.9022857142857142,92.44299188363,35.41666666666667,115,13,0,0,264.7,23.47926199261993,288.1792619926199,-2889.0,-596.6400000000001,-3485.6400000000003,63,63,61,49,52,dqn_penalty_sweep_coeff_0_4_seed46.csv
train,0.4,37,-1,0.8995714285714286,162.75380048266874,68.05555555555556,0,0,0,0,289.4,23.47926199261993,312.8792619926199,300.0,-613.6799999999998,-313.67999999999995,66,45,65,62,50,dqn_penalty_sweep_coeff_0_4_seed46.csv
train,0.4,38,-1,0.8968571428571429,84.19925107142163,50.0,83,16,0,0,282.0,23.47926199261993,305.4792619926199,-2031.0,-623.72,-2654.7200000000003,61,56,56,62,53,dqn_penalty_sweep_coeff_0_4_seed46.csv
train,0.4,39,-1,0.8941428571428571,90.45039254544784,60.763888888888886,79,6,0,0,243.3,23.47926199261993,266.7792619926199,-1761.0,-556.0,-2317.0,70,62,66,46,44,dqn_penalty_sweep_coeff_0_4_seed46.csv
train,0.4,40,-1,0.8914285714285715,93.80343081614076,58.333333333333336,104,6,0,0,244.5,23.47926199261993,267.9792619926199,-2328.0,-614.9200000000001,-2942.92,57,57,66,59,49,dqn_penalty_sweep_coeff_0_4_seed46.csv
train,0.4,41,-1,0.8887142857142857,112.2855198696928,76.38888888888889,37,7,0,0,220.9,23.47926199261993,244.37926199261997,-609.0,-560.88,-1169.88,72,63,58,49,46,dqn_penalty_sweep_coeff_0_4_seed46.csv
train,0.4,42,-1,0.886,235.76624085061545,5.902777777777778,0,0,26,3,302.1,23.47926199261993,325.57926199261993,-601.0,-607.8399999999999,-1208.84,74,45,59,54,56,dqn_penalty_sweep_coeff_0_4_seed46.csv
train,0.4,43,-1,0.8832857142857142,85.63799425361354,61.11111111111112,65,9,0,0,247.3,23.47926199261993,270.7792619926199,-1461.0,-629.96,-2090.96,67,52,55,53,61,dqn_penalty_sweep_coeff_0_4_seed46.csv
train,0.4,44,-1,0.8805714285714286,157.30817654535687,70.48611111111111,0,0,0,0,292.8,23.47926199261993,316.2792619926199,312.0,-666.16,-354.16,55,59,52,56,66,dqn_penalty_sweep_coeff_0_4_seed46.csv
train,0.4,45,-1,0.8778571428571429,94.60148557968564,60.41666666666666,93,8,0,0,278.79999999999995,23.47926199261993,302.27926199261987,-2061.0,-645.3199999999999,-2706.32,48,56,65,70,49,dqn_penalty_sweep_coeff_0_4_seed46.csv
train,0.4,46,-1,0.8751428571428571,175.6430512376386,43.75,10,1,0,0,304.29999999999995,23.47926199261993,327.77926199261987,-156.0,-586.0,-742.0,66,67,59,42,54,dqn_penalty_sweep_coeff_0_4_seed46.csv
train,0.4,47,-1,0.8724285714285714,107.29692661328755,75.34722222222221,43,3,0,0,242.9,23.47926199261993,266.3792619926199,-732.0,-598.9200000000001,-1330.92,68,59,54,54,53,dqn_penalty_sweep_coeff_0_4_seed46.csv
train,0.4,48,-1,0.8697142857142857,145.73091487343038,93.75,0,0,0,0,273.9,23.47926199261993,297.3792619926199,522.0,-567.1600000000001,-45.16,79,45,59,62,43,dqn_penalty_sweep_coeff_0_4_seed46.csv
train,0.4,49,-1,0.867,211.1191937058321,21.180555555555557,0,0,0,0,237.9,23.47926199261993,261.37926199261994,-105.0,-524.76,-629.76,80,62,58,49,39,dqn_penalty_sweep_coeff_0_4_seed46.csv
eval,0.4,49,0,0.0,78.45442855046917,43.40277777777778,101,18,0,0,150.1,23.47926199261993,173.57926199261993,-2523.0,-394.44,-2917.44,119,62,30,60,17,dqn_penalty_sweep_coeff_0_4_seed46.csv
eval,0.4,49,1,0.0,245.6932499735043,2.083333333333333,0,0,20,5,218.4,23.47926199261993,241.87926199261997,-550.0,-306.43999999999994,-856.44,149,51,39,36,13,dqn_penalty_sweep_coeff_0_4_seed46.csv
eval,0.4,49,2,0.0,76.5898150052999,37.84722222222222,140,11,0,0,169.2,23.47926199261993,192.67926199261996,-3438.0,-402.52,-3840.52,105,75,28,69,11,dqn_penalty_sweep_coeff_0_4_seed46.csv
train,0.4,50,-1,0.8642857142857143,101.48976218904072,54.513888888888886,82,9,0,0,249.6,23.47926199261993,273.07926199261993,-1893.0,-642.8399999999999,-2535.8400000000006,55,57,64,53,59,dqn_penalty_sweep_coeff_0_4_seed46.csv
train,0.4,51,-1,0.8615714285714285,148.3521490495865,46.18055555555556,22,3,0,0,254.3,23.47926199261993,277.7792619926199,-501.0,-568.92,-1069.92,72,61,56,52,47,dqn_penalty_sweep_coeff_0_4_seed46.csv
train,0.4,52,-1,0.8588571428571429,104.77226261150706,72.91666666666666,21,8,0,0,223.7,23.47926199261993,247.17926199262,-333.0,-638.92,-971.92,59,67,36,69,57,dqn_penalty_sweep_coeff_0_4_seed46.csv
train,0.4,53,-1,0.8561428571428571,170.79263811046184,57.29166666666666,0,0,0,0,270.3,23.47926199261993,293.7792619926199,207.0,-590.48,-383.48,70,56,63,45,54,dqn_penalty_sweep_coeff_0_4_seed46.csv
train,0.4,54,-1,0.8534285714285714,102.91882264076372,56.59722222222222,113,2,0,0,279.20000000000005,23.47926199261993,302.67926199262,-2541.0,-592.24,-3133.24,71,57,57,49,54,dqn_penalty_sweep_coeff_0_4_seed46.csv
train,0.4,55,-1,0.8507142857142858,161.20750364421332,60.06944444444444,14,1,0,0,264.4,23.47926199261993,287.8792619926199,-111.0,-575.52,-686.52,67,63,55,59,44,dqn_penalty_sweep_coeff_0_4_seed46.csv
train,0.4,56,-1,0.848,67.3681444414757,28.47222222222222,162,7,0,0,329.70000000000005,23.47926199261993,353.17926199262,-4062.0,-646.3199999999999,-4708.32,56,52,72,46,62,dqn_penalty_sweep_coeff_0_4_seed46.csv
train,0.4,57,-1,0.8452857142857143,124.11640200358195,85.41666666666666,23,3,0,0,263.2,23.47926199261993,286.6792619926199,-144.0,-609.6800000000001,-753.6800000000001,69,54,52,59,54,dqn_penalty_sweep_coeff_0_4_seed46.csv
train,0.4,58,-1,0.8425714285714285,189.24597038896843,36.45833333333333,0,0,0,0,286.1,23.47926199261993,309.57926199261993,27.0,-584.6,-557.6,72,61,56,44,55,dqn_penalty_sweep_coeff_0_4_seed46.csv
train,0.4,59,-1,0.8398571428571429,279.1402553785569,4.166666666666666,0,0,125,1,233.8,23.47926199261993,257.2792619926199,-2002.0,-590.88,-2592.880000000001,66,63,51,60,48,dqn_penalty_sweep_coeff_0_4_seed46.csv
train,0.4,60,-1,0.8371428571428572,155.50131736683596,78.81944444444444,0,0,0,0,271.3,23.47926199261993,294.7792619926199,393.0,-606.68,-213.68,59,73,58,39,59,dqn_penalty_sweep_coeff_0_4_seed46.csv
train,0.4,61,-1,0.8344285714285714,134.79549126801962,52.43055555555556,11,4,0,0,259.80000000000007,23.47926199261993,283.27926199262,-213.0,-548.44,-761.44,81,58,48,58,43,dqn_penalty_sweep_coeff_0_4_seed46.csv
train,0.4,62,-1,0.8317142857142857,181.3426695737252,53.47222222222222,0,0,0,0,292.20000000000005,23.47926199261993,315.67926199262,174.0,-622.0,-448.0,72,65,35,50,66,dqn_penalty_sweep_coeff_0_4_seed46.csv
train,0.4,63,-1,0.829,205.54365486135825,39.93055555555556,0,0,10,2,256.9,23.47926199261993,280.3792619926199,-83.0,-569.24,-652.24,79,55,54,49,51,dqn_penalty_sweep_coeff_0_4_seed46.csv
train,0.4,64,-1,0.8262857142857143,182.6303498746585,46.875,0,0,0,0,246.1,23.47926199261993,269.57926199261993,117.0,-567.4,-450.4,81,49,64,41,53,dqn_penalty_sweep_coeff_0_4_seed46.csv
train,0.4,65,-1,0.8235714285714286,70.91882608594227,27.77777777777778,170,14,0,0,248.6,23.47926199261993,272.07926199261993,-4242.0,-637.96,-4879.96,54,62,59,56,57,dqn_penalty_sweep_coeff_0_4_seed46.csv
train,0.4,66,-1,0.8208571428571428,173.70072877537294,62.84722222222222,0,0,0,0,311.0,23.47926199261993,334.4792619926199,255.0,-570.6,-315.6,76,57,54,52,49,dqn_penalty_sweep_coeff_0_4_seed46.csv
train,0.4,67,-1,0.8181428571428572,271.8357046962096,3.125,0,0,96,9,264.5,23.47926199261993,287.9792619926199,-1605.0,-558.88,-2163.88,80,61,45,54,48,dqn_penalty_sweep_coeff_0_4_seed46.csv
train,0.4,68,-1,0.8154285714285714,195.7033746643584,38.19444444444444,0,0,2,2,310.20000000000005,23.47926199261993,333.67926199262,14.0,-571.2,-557.2,83,51,57,41,56,dqn_penalty_sweep_coeff_0_4_seed46.csv
train,0.4,69,-1,0.8127142857142857,135.44579352951212,80.20833333333334,3,3,0,0,256.6,23.47926199261993,280.07926199261993,258.0,-534.92,-276.92,83,61,53,46,45,dqn_penalty_sweep_coeff_0_4_seed46.csv
train,0.4,70,-1,0.81,110.79901900478616,60.763888888888886,70,3,0,0,297.0,23.47926199261993,320.4792619926199,-1515.0,-620.5999999999999,-2135.6,58,58,60,61,51,dqn_penalty_sweep_coeff_0_4_seed46.csv
train,0.4,71,-1,0.8072857142857143,236.0961546790817,11.805555555555555,0,0,22,8,283.20000000000005,23.47926199261993,306.67926199262,-494.0,-622.88,-1116.88,69,55,56,44,64,dqn_penalty_sweep_coeff_0_4_seed46.csv
train,0.4,72,-1,0.8045714285714286,115.72297996325652,69.09722222222221,51,7,0,0,306.6,23.47926199261993,330.07926199261993,-1014.0,-581.3599999999999,-1595.36,65,64,57,56,46,dqn_penalty_sweep_coeff_0_4_seed46.csv
train,0.4,73,-1,0.8018571428571428,89.42726752793195,53.47222222222222,94,11,0,0,295.1,23.47926199261993,318.57926199261993,-2202.0,-603.48,-2805.48,68,61,50,54,55,dqn_penalty_sweep_coeff_0_4_seed46.csv
train,0.4,74,-1,0.7991428571428572,117.09042082020908,82.29166666666666,21,6,0,0,348.6,23.47926199261993,372.07926199261993,-150.0,-642.84,-792.84,55,71,47,52,63,dqn_penalty_sweep_coeff_0_4_seed46.csv
train,0.4,75,-1,0.7964285714285715,132.3816286274359,89.23611111111111,0,0,0,0,245.8,23.47926199261993,269.2792619926199,453.0,-599.6400000000001,-146.64,70,61,48,54,55,dqn_penalty_sweep_coeff_0_4_seed46.csv
train,0.4,76,-1,0.7937142857142857,153.77075611382327,77.77777777777779,0,0,0,0,279.8,23.47926199261993,303.2792619926199,384.0,-547.4000000000001,-163.39999999999998,80,61,50,52,45,dqn_penalty_sweep_coeff_0_4_seed46.csv
train,0.4,77,-1,0.791,65.39809220559314,25.34722222222222,200,6,0,0,276.9,23.47926199261993,300.3792619926199,-4914.0,-655.88,-5569.880000000001,53,49,68,61,57,dqn_penalty_sweep_coeff_0_4_seed46.csv
train,0.4,78,-1,0.7882857142857143,230.1159694673779,21.875,0,0,22,5,283.1,23.47926199261993,306.57926199261993,-407.0,-593.3600000000001,-1000.36,64,64,56,54,50,dqn_penalty_sweep_coeff_0_4_seed46.csv
train,0.4,79,-1,0.7855714285714286,143.3457539069053,99.30555555555556,0,0,0,0,269.20000000000005,23.47926199261993,292.67926199262,570.0,-533.36,36.64,88,52,51,55,42,dqn_penalty_sweep_coeff_0_4_seed46.csv
train,0.4,80,-1,0.7828571428571429,120.2680640577686,79.86111111111111,41,2,0,0,261.6,23.47926199261993,285.0792619926199,-606.0,-549.92,-1155.92,78,49,65,56,40,dqn_penalty_sweep_coeff_0_4_seed46.csv
train,0.4,81,-1,0.7801428571428571,138.990983727395,79.86111111111111,7,1,0,0,251.2,23.47926199261993,274.6792619926199,192.0,-587.1199999999999,-395.12,71,55,58,54,50,dqn_penalty_sweep_coeff_0_4_seed46.csv
train,0.4,82,-1,0.7774285714285715,237.1592802508589,23.61111111111111,0,0,50,1,309.1,23.47926199261993,332.57926199261993,-784.0,-561.4,-1345.4,84,57,51,41,55,dqn_penalty_sweep_coeff_0_4_seed46.csv
train,0.4,83,-1,0.7747142857142857,103.8191974192154,55.55555555555556,106,2,0,0,259.6,23.47926199261993,283.07926199261993,-2403.0,-606.96,-3009.96,72,46,53,67,50,dqn_penalty_sweep_coeff_0_4_seed46.csv
train,0.4,84,-1,0.772,129.4501651397665,69.79166666666666,43,3,0,0,257.8,23.47926199261993,281.2792619926199,-741.0,-559.5600000000001,-1300.56,73,57,58,59,41,dqn_penalty_sweep_coeff_0_4_seed46.csv
train,0.4,85,-1,0.7692857142857144,185.86329730257145,47.22222222222222,0,0,0,0,299.2,23.47926199261993,322.6792619926199,120.0,-549.5999999999999,-429.6,81,59,54,46,48,dqn_penalty_sweep_coeff_0_4_seed46.csv
train,0.4,86,-1,0.7665714285714286,103.17680594285224,87.84722222222221,10,3,0,0,285.7,23.47926199261993,309.1792619926199,156.0,-596.28,-440.28,61,63,58,59,47,dqn_penalty_sweep_coeff_0_4_seed46.csv
train,0.4,87,-1,0.7638571428571428,169.45728027858345,45.83333333333333,2,1,0,0,306.0,23.47926199261993,329.4792619926199,36.0,-579.1199999999999,-543.1200000000001,74,55,57,52,50,dqn_penalty_sweep_coeff_0_4_seed46.csv
train,0.4,88,-1,0.7611428571428571,85.43433156562267,39.58333333333333,126,6,0,0,256.0,23.47926199261993,279.4792619926199,-3081.0,-643.6800000000001,-3724.68,53,59,60,60,56,dqn_penalty_sweep_coeff_0_4_seed46.csv
train,0.4,89,-1,0.7584285714285715,148.613706365399,62.5,8,6,0,0,288.5,23.47926199261993,311.9792619926199,18.0,-569.8,-551.8,82,38,64,59,45,dqn_penalty_sweep_coeff_0_4_seed46.csv
train,0.4,90,-1,0.7557142857142858,154.58003818174353,47.22222222222222,37,1,0,0,253.8,23.47926199261993,277.2792619926199,-780.0,-555.0,-1335.0,79,56,51,59,43,dqn_penalty_sweep_coeff_0_4_seed46.csv
train,0.4,91,-1,0.753,80.1605080349079,43.40277777777778,149,6,0,0,301.4,23.47926199261993,324.8792619926199,-3531.0,-611.24,-4142.24,74,46,63,44,61,dqn_penalty_sweep_coeff_0_4_seed46.csv
train,0.4,92,-1,0.7502857142857143,149.5719857414342,47.22222222222222,34,2,0,0,284.0,23.47926199261993,307.4792619926199,-714.0,-598.44,-1312.44,72,64,49,42,61,dqn_penalty_sweep_coeff_0_4_seed46.csv
train,0.4,93,-1,0.7475714285714286,209.53751636182216,30.90277777777778,0,0,10,2,220.1,23.47926199261993,243.57926199261996,-161.0,-459.16,-620.16,101,60,56,36,35,dqn_penalty_sweep_coeff_0_4_seed46.csv
train,0.4,94,-1,0.7448571428571429,172.1798115486066,56.59722222222222,0,0,0,0,268.29999999999995,23.47926199261993,291.77926199261987,201.0,-561.12,-360.12,81,46,59,58,44,dqn_penalty_sweep_coeff_0_4_seed46.csv
train,0.4,95,-1,0.7421428571428572,142.48004381945665,69.09722222222221,21,3,0,0,245.00000000000003,23.47926199261993,268.47926199262,-276.0,-539.44,-815.4400000000002,88,57,44,53,46,dqn_penalty_sweep_coeff_0_4_seed46.csv
train,0.4,96,-1,0.7394285714285714,228.8447087100972,30.90277777777778,0,0,91,2,295.30000000000007,23.47926199261993,318.77926199262,-1295.0,-567.16,-1862.16,97,41,45,46,59,dqn_penalty_sweep_coeff_0_4_seed46.csv
train,0.4,97,-1,0.7367142857142857,166.9752486069286,54.86111111111112,0,0,0,0,304.29999999999995,23.47926199261993,327.77926199261987,186.0,-531.0799999999999,-345.08,93,53,50,43,49,dqn_penalty_sweep_coeff_0_4_seed46.csv
train,0.4,98,-1,0.734,69.08614686035048,28.47222222222222,181,9,0,0,291.1,23.47926199261993,314.57926199261993,-4461.0,-634.28,-5095.28,69,46,56,56,61,dqn_penalty_sweep_coeff_0_4_seed46.csv
train,0.4,99,-1,0.7312857142857143,165.95563666812262,76.73611111111111,0,0,0,0,288.9,23.47926199261993,312.3792619926199,375.0,-515.24,-140.23999999999998,107,42,52,34,53,dqn_penalty_sweep_coeff_0_4_seed46.csv
eval,0.4,99,0,0.0,115.30196463809872,86.80555555555556,22,4,0,0,275.8,23.47926199261993,299.2792619926199,-114.0,-420.84,-534.84,155,21,35,28,49,dqn_penalty_sweep_coeff_0_4_seed46.csv
eval,0.4,99,1,0.0,95.978817192335,53.125,130,1,0,0,276.9,23.47926199261993,300.3792619926199,-2955.0,-517.52,-3472.52,130,20,34,46,58,dqn_penalty_sweep_coeff_0_4_seed46.csv
eval,0.4,99,2,0.0,93.4832494075739,45.83333333333333,111,9,0,0,286.6,23.47926199261993,310.07926199261993,-2685.0,-504.16,-3189.1600000000003,113,25,66,36,48,dqn_penalty_sweep_coeff_0_4_seed46.csv
