phase,coeff,train_episode,eval_episode,epsilon,mean_glucose,time_in_range_percent,hypo_steps,hypo_events,severe_hyper_steps,severe_hyper_events,total_bolus_units,total_basal_units,total_insulin_units,sum_zone_reward,sum_insulin_penalty,total_reward,action_0_count,action_1_count,action_2_count,action_3_count,action_4_count
train,0.25,0,-1,1.0,179.33985338065946,36.11111111111111,0,0,0,0,213.1,23.47926199261993,236.57926199261993,-3.0,-350.525,-353.525,26,80,103,62,17
train,0.25,1,-1,0.9972857142857143,193.58650948841952,28.819444444444443,0,0,0,0,201.29999999999998,23.47926199261993,224.77926199261992,-39.0,-376.84999999999997,-415.85,15,73,109,73,18
train,0.25,2,-1,0.9945714285714286,181.42185555252368,55.90277777777778,0,0,0,0,219.89999999999998,23.47926199261993,243.37926199261992,195.0,-397.625,-202.625,10,69,105,83,21
train,0.25,3,-1,0.9918571428571429,88.38031441271109,44.09722222222222,118,15,0,0,220.2,23.47926199261993,243.67926199261993,-2868.0,-356.875,-3224.875,20,74,117,62,15
train,0.25,4,-1,0.9891428571428571,141.46277784327643,59.375,42,2,0,0,244.1,23.47926199261993,267.57926199261993,-813.0,-396.42499999999995,-1209.4249999999997,18,69,99,73,29
train,0.25,5,-1,0.9864285714285714,250.92163950017414,12.847222222222221,0,0,62,10,200.89999999999998,23.47926199261993,224.37926199261992,-1045.0,-345.72499999999997,-1390.725,20,76,119,64,9
train,0.25,6,-1,0.9837142857142858,206.01343670926087,23.26388888888889,0,0,0,0,201.5,23.47926199261993,224.97926199261994,-87.0,-354.29999999999995,-441.29999999999995,22,81,105,64,16
train,0.25,7,-1,0.981,155.6763717275553,57.986111111111114,17,6,0,0,206.59999999999997,23.47926199261993,230.0792619926199,-234.0,-357.84999999999997,-591.8499999999999,16,75,116,71,10
train,0.25,8,-1,0.9782857142857143,89.42995929660489,36.11111111111111,103,14,0,0,255.7,23.47926199261993,279.1792619926199,-2661.0,-435.65,-3096.65,11,56,93,94,34
train,0.25,9,-1,0.9755714285714285,188.47169204968273,45.83333333333333,0,0,0,0,211.39999999999998,23.47926199261993,234.87926199261992,108.0,-383.475,-275.47499999999997,13,67,117,72,19
train,0.25,10,-1,0.9728571428571429,221.34348871262327,47.22222222222222,0,0,61,2,217.59999999999997,23.47926199261993,241.0792619926199,-734.0,-390.22499999999997,-1124.2250000000001,12,65,110,84,17
train,0.25,11,-1,0.9701428571428572,102.85324082441603,60.763888888888886,82,9,0,0,223.89999999999998,23.47926199261993,247.37926199261992,-1800.0,-374.875,-2174.875,18,75,102,74,19
train,0.25,12,-1,0.9674285714285714,154.43339301260508,86.45833333333334,0,0,0,0,235.1,23.47926199261993,258.57926199261993,459.0,-381.275,77.725,24,66,99,76,23
train,0.25,13,-1,0.9647142857142857,96.69189959159873,56.25,84,9,0,0,229.5,23.47926199261993,252.97926199261994,-1929.0,-347.54999999999995,-2276.5499999999997,17,89,104,68,10
train,0.25,14,-1,0.962,184.64953150771623,42.36111111111111,0,0,0,0,219.0,23.47926199261993,242.47926199261994,78.0,-410.47499999999997,-332.4749999999999,10,58,109,88,23
train,0.25,15,-1,0.9592857142857143,95.86709780809565,67.36111111111111,58,9,0,0,202.89999999999998,23.47926199261993,226.37926199261992,-1206.0,-344.775,-1550.775,23,91,97,62,15
train,0.25,16,-1,0.9565714285714286,148.65737881727213,72.91666666666666,2,1,0,0,227.6,23.47926199261993,251.07926199261993,261.0,-361.75,-100.75,23,77,102,68,18
train,0.25,17,-1,0.9538571428571428,104.3035363304764,69.44444444444444,57,3,0,0,209.0,23.47926199261993,232.47926199261994,-1113.0,-370.19999999999993,-1483.1999999999998,23,72,102,71,20
train,0.25,18,-1,0.9511428571428572,97.05624729704238,61.111111111111114,88,7,0,0,221.1,23.47926199261993,244.57926199261993,-1944.0,-340.5,-2284.5,27,84,106,55,16
train,0.25,19,-1,0.9484285714285714,122.57803605925086,45.13888888888889,80,3,1,1,211.6,23.47926199261993,235.07926199261993,-1871.0,-351.025,-2222.025,20,85,110,56,17
train,0.25,20,-1,0.9457142857142857,128.50616927509242,66.31944444444444,41,3,0,0,217.8,23.47926199261993,241.27926199261995,-750.0,-379.32499999999993,-1129.3249999999998,12,77,112,66,21
train,0.25,21,-1,0.9430000000000001,210.0268066335136,38.88888888888889,0,0,25,1,221.5,23.47926199261993,244.97926199261994,-302.0,-364.45000000000005,-666.45,23,73,105,69,18
train,0.25,22,-1,0.9402857142857143,134.26879207204044,95.48611111111111,0,0,0,0,204.7,23.47926199261993,228.17926199261993,528.0,-376.79999999999995,151.2,18,75,108,63,24
train,0.25,23,-1,0.9375714285714286,111.05982728619527,26.73611111111111,111,7,0,0,189.3,23.47926199261993,212.77926199261995,-2820.0,-369.0,-3188.9999999999995,8,74,127,67,12
train,0.25,24,-1,0.9348571428571428,90.3987723756591,56.25,73,12,0,0,252.3,23.47926199261993,275.7792619926199,-1713.0,-388.97499999999997,-2101.975,9,74,115,67,23
train,0.25,25,-1,0.9321428571428572,90.96169785824027,63.19444444444444,70,9,0,0,215.2,23.47926199261993,238.67926199261993,-1527.0,-348.9,-1875.8999999999999,23,81,103,69,12
train,0.25,26,-1,0.9294285714285714,145.2687917841219,75.69444444444444,0,0,0,0,226.7,23.47926199261993,250.17926199261993,366.0,-354.275,11.724999999999987,20,82,107,64,15
train,0.25,27,-1,0.9267142857142857,86.68333338342732,53.81944444444444,128,2,0,0,250.9,23.47926199261993,274.37926199261994,-2910.0,-416.92499999999995,-3326.9249999999997,16,58,101,80,33
train,0.25,28,-1,0.924,118.03035159789823,92.01388888888889,11,2,0,0,190.8,23.47926199261993,214.27926199261995,207.0,-363.22499999999997,-156.2250000000001,16,73,110,80,9
train,0.25,29,-1,0.9212857142857143,156.83966520170625,44.79166666666667,15,5,0,0,219.79999999999998,23.47926199261993,243.27926199261992,-342.0,-367.32499999999993,-709.325,18,74,111,68,17
train,0.25,30,-1,0.9185714285714286,202.99048639380624,22.22222222222222,0,0,0,0,181.59999999999997,23.47926199261993,205.0792619926199,-96.0,-319.29999999999995,-415.29999999999995,25,92,114,49,8
train,0.25,31,-1,0.9158571428571429,128.0952643173376,97.56944444444444,1,1,0,0,204.3,23.47926199261993,227.77926199261995,519.0,-378.57499999999993,140.425,21,73,99,72,23
train,0.25,32,-1,0.9131428571428571,281.66690128930236,4.861111111111112,0,0,143,11,176.39999999999998,23.47926199261993,199.87926199261992,-2248.0,-327.025,-2575.025,23,81,122,57,5
train,0.25,33,-1,0.9104285714285714,151.0120522170972,76.38888888888889,0,0,0,0,204.1,23.47926199261993,227.57926199261993,372.0,-358.34999999999997,13.649999999999991,27,70,101,76,14
train,0.25,34,-1,0.9077142857142857,96.98580755745552,49.65277777777778,71,12,0,0,209.4,23.47926199261993,232.87926199261994,-1749.0,-361.47499999999997,-2110.475,20,69,112,76,11
train,0.25,35,-1,0.905,59.64684869470802,14.23611111111111,219,9,0,0,200.3,23.47926199261993,223.77926199261995,-5505.0,-343.725,-5848.724999999999,27,80,110,54,17
train,0.25,36,-1,0.9022857142857142,116.27597667698284,48.95833333333333,54,11,0,0,203.89999999999998,23.47926199261993,227.37926199261992,-1284.0,-355.9,-1639.8999999999999,28,76,95,73,16
train,0.25,37,-1,0.8995714285714286,198.4740360998053,26.041666666666668,0,0,0,0,223.89999999999998,23.47926199261993,247.37926199261992,-63.0,-354.47499999999997,-417.47499999999997,21,75,116,61,15
train,0.25,38,-1,0.8968571428571429,172.52217940341595,58.68055555555556,0,0,0,0,212.2,23.47926199261993,235.67926199261993,219.0,-389.67499999999995,-170.67499999999998,17,66,106,76,23
train,0.25,39,-1,0.8941428571428571,200.208127849152,27.083333333333332,0,0,0,0,231.59999999999997,23.47926199261993,255.0792619926199,-54.0,-390.97499999999997,-444.97499999999997,18,61,110,76,23
train,0.25,40,-1,0.8914285714285715,93.53416939300857,38.19444444444444,110,14,0,0,228.9,23.47926199261993,252.37926199261994,-2748.0,-384.9,-3132.8999999999996,15,73,108,68,24
train,0.25,41,-1,0.8887142857142857,177.6195990937798,53.47222222222222,0,0,0,0,215.3,23.47926199261993,238.77926199261995,174.0,-347.85,-173.84999999999997,31,80,95,64,18
train,0.25,42,-1,0.886,87.39671666045341,55.90277777777778,60,12,0,0,205.6,23.47926199261993,229.07926199261993,-1446.0,-352.775,-1798.775,15,83,114,65,11
train,0.25,43,-1,0.8832857142857142,104.32643152011536,74.65277777777779,53,8,0,0,170.39999999999998,23.47926199261993,193.87926199261992,-975.0,-304.45000000000005,-1279.45,42,83,101,56,6
train,0.25,44,-1,0.8805714285714286,93.68969691102883,58.333333333333336,95,11,0,0,221.9,23.47926199261993,245.37926199261994,-2139.0,-386.54999999999995,-2525.55,16,75,96,79,22
train,0.25,45,-1,0.8778571428571429,109.51035572161754,71.18055555555556,47,7,0,0,208.7,23.47926199261993,232.17926199261993,-900.0,-354.125,-1254.1249999999998,30,80,94,63,21
train,0.25,46,-1,0.8751428571428571,257.20547696172656,0.0,0,0,49,1,257.3,23.47926199261993,280.7792619926199,-974.0,-412.25,-1386.2499999999998,21,62,89,82,34
train,0.25,47,-1,0.8724285714285714,94.02827177894308,70.48611111111111,43,8,0,0,211.79999999999998,23.47926199261993,235.27926199261992,-837.0,-379.19999999999993,-1216.2,20,71,106,67,24
train,0.25,48,-1,0.8697142857142857,159.1283373311427,70.48611111111111,0,0,0,0,199.99999999999997,23.47926199261993,223.4792619926199,303.0,-356.95,-53.95,18,79,112,65,14
train,0.25,49,-1,0.867,106.08516777105407,65.97222222222221,83,6,0,0,222.0,23.47926199261993,245.47926199261994,-1755.0,-349.65,-2104.65,20,86,105,63,14
eval,0.25,49,0,0.0,158.5644449332934,78.47222222222221,0,0,0,0,238.2,23.47926199261993,261.6792619926199,390.0,-431.525,-41.52499999999999,69,36,37,77,69
eval,0.25,49,1,0.0,171.71203084297343,58.333333333333336,0,0,0,0,198.3,23.47926199261993,221.77926199261995,216.0,-320.225,-104.22499999999998,106,48,40,45,49
eval,0.25,49,2,0.0,102.00724253318425,55.55555555555556,49,12,0,0,142.8,23.47926199261993,166.27926199261995,-1149.0,-262.92499999999995,-1411.9250000000002,35,172,46,18,17
eval,0.25,49,3,0.0,95.26572978750708,44.79166666666667,112,11,0,0,129.6,23.47926199261993,153.07926199261993,-2691.0,-216.8,-2907.7999999999993,57,174,33,16,8
eval,0.25,49,4,0.0,96.81825213393849,68.75,70,5,0,0,154.0,23.47926199261993,177.47926199261994,-1434.0,-301.4,-1735.3999999999996,23,134,80,39,12
train,0.25,50,-1,0.8642857142857143,177.1072873487498,46.52777777777778,1,1,0,0,204.2,23.47926199261993,227.67926199261993,66.0,-363.875,-297.875,25,83,92,65,23
train,0.25,51,-1,0.8615714285714285,100.49562702946724,69.44444444444444,48,4,0,0,197.7,23.47926199261993,221.17926199261993,-942.0,-336.9749999999999,-1278.975,24,86,107,60,11
train,0.25,52,-1,0.8588571428571429,159.4041787623192,86.45833333333334,0,0,0,0,230.5,23.47926199261993,253.97926199261994,459.0,-386.42499999999995,72.57500000000002,14,72,112,65,25
train,0.25,53,-1,0.8561428571428571,216.9870756502765,19.791666666666664,0,0,0,0,200.89999999999998,23.47926199261993,224.37926199261992,-117.0,-349.09999999999997,-466.09999999999997,28,70,108,70,12
train,0.25,54,-1,0.8534285714285714,112.51030595914057,64.23611111111111,64,9,0,0,194.89999999999998,23.47926199261993,218.37926199261992,-1347.0,-341.29999999999995,-1688.3,27,88,98,59,16
train,0.25,55,-1,0.8507142857142858,165.6654678303388,45.13888888888889,4,2,0,0,197.7,23.47926199261993,221.17926199261993,-30.0,-343.22499999999997,-373.22499999999997,25,83,104,63,13
train,0.25,56,-1,0.848,105.45507511150693,76.04166666666666,14,5,0,0,197.7,23.47926199261993,221.17926199261993,-132.0,-352.625,-484.62499999999994,17,82,114,62,13
train,0.25,57,-1,0.8452857142857143,176.20409644379524,55.208333333333336,0,0,0,0,188.3,23.47926199261993,211.77926199261995,189.0,-329.625,-140.625,28,82,110,59,9
train,0.25,58,-1,0.8425714285714285,107.74646053777053,59.375,100,4,0,0,223.09999999999997,23.47926199261993,246.5792619926199,-2220.0,-355.97499999999997,-2575.975,28,79,95,67,19
train,0.25,59,-1,0.8398571428571429,158.86687551608514,61.458333333333336,14,1,0,0,196.49999999999997,23.47926199261993,219.9792619926199,-102.0,-301.94999999999993,-403.94999999999993,39,98,94,47,10
train,0.25,60,-1,0.8371428571428572,70.58346166087125,33.68055555555556,153,7,0,0,206.59999999999997,23.47926199261993,230.0792619926199,-3783.0,-340.525,-4123.525,18,87,113,61,9
train,0.25,61,-1,0.8344285714285714,145.72446633448288,86.45833333333334,2,1,0,0,216.7,23.47926199261993,240.17926199261993,405.0,-346.475,58.525000000000006,26,79,107,61,15
train,0.25,62,-1,0.8317142857142857,213.67183844452413,14.583333333333334,0,0,1,1,206.5,23.47926199261993,229.97926199261994,-176.0,-334.44999999999993,-510.44999999999993,36,85,92,57,18
train,0.25,63,-1,0.829,278.2470929790053,4.861111111111112,0,0,125,1,179.29999999999998,23.47926199261993,202.77926199261992,-1996.0,-316.4,-2312.4,30,90,108,52,8
train,0.25,64,-1,0.8262857142857143,148.3978451446136,85.41666666666666,0,0,0,0,204.39999999999998,23.47926199261993,227.87926199261992,441.0,-352.47499999999997,88.525,21,86,100,66,15
train,0.25,65,-1,0.8235714285714286,154.26944960135302,55.55555555555556,2,1,0,0,183.7,23.47926199261993,207.17926199261993,120.0,-290.04999999999995,-170.04999999999998,40,97,103,42,6
train,0.25,66,-1,0.8208571428571428,199.4782598515031,28.125,0,0,0,0,215.0,23.47926199261993,238.47926199261994,-45.0,-342.65,-387.65,35,85,90,56,22
train,0.25,67,-1,0.8181428571428572,203.33150208358043,44.09722222222222,0,0,9,3,228.7,23.47926199261993,252.17926199261993,-33.0,-335.59999999999997,-368.59999999999997,29,82,104,61,12
train,0.25,68,-1,0.8154285714285714,178.6089957079917,47.22222222222222,0,0,0,0,254.6,23.47926199261993,278.07926199261993,120.0,-354.275,-234.27499999999998,26,76,101,70,15
train,0.25,69,-1,0.8127142857142857,75.93396015653848,37.84722222222222,141,9,0,0,166.0,23.47926199261993,189.47926199261994,-3459.0,-281.75,-3740.749999999999,35,106,106,39,2
train,0.25,70,-1,0.81,210.5348112953929,37.15277777777778,0,0,24,3,220.6,23.47926199261993,244.07926199261993,-303.0,-355.4,-658.4,23,82,99,68,16
train,0.25,71,-1,0.8072857142857143,278.87476719620946,3.4722222222222223,0,0,119,8,204.2,23.47926199261993,227.67926199261993,-1924.0,-308.55,-2232.55,41,87,98,52,10
train,0.25,72,-1,0.8045714285714286,211.0099718865807,31.25,0,0,24,3,215.0,23.47926199261993,238.47926199261994,-354.0,-323.7,-677.7,31,87,100,62,8
train,0.25,73,-1,0.8018571428571428,162.29180047395658,60.416666666666664,0,0,0,0,165.7,23.47926199261993,189.17926199261993,222.0,-276.275,-54.27499999999999,45,108,92,36,7
train,0.25,74,-1,0.7991428571428572,136.0482880823141,76.38888888888889,12,6,0,0,171.7,23.47926199261993,195.17926199261993,12.0,-319.975,-307.9750000000001,35,88,98,56,11
train,0.25,75,-1,0.7964285714285715,246.20552967908165,9.722222222222223,0,0,56,9,226.0,23.47926199261993,249.47926199261994,-988.0,-359.45,-1347.45,19,80,111,60,18
train,0.25,76,-1,0.7937142857142857,121.26402724652706,64.23611111111111,50,5,0,0,220.89999999999998,23.47926199261993,244.37926199261992,-1029.0,-345.8,-1374.8,28,85,101,54,20
train,0.25,77,-1,0.791,96.32318501334147,60.763888888888886,67,11,0,0,197.79999999999998,23.47926199261993,221.27926199261992,-1509.0,-308.775,-1817.7749999999996,30,93,112,46,7
train,0.25,78,-1,0.7882857142857143,160.73937915354222,68.75,0,0,0,0,189.6,23.47926199261993,213.07926199261993,306.0,-313.025,-7.024999999999977,35,90,101,53,9
train,0.25,79,-1,0.7855714285714286,129.27208001632482,88.19444444444444,0,0,0,0,197.7,23.47926199261993,221.17926199261993,435.0,-329.1,105.9,35,82,97,62,12
train,0.25,80,-1,0.7828571428571429,177.03950611382334,55.90277777777778,0,0,0,0,211.8,23.47926199261993,235.27926199261995,195.0,-360.475,-165.475,16,82,109,66,15
train,0.25,81,-1,0.7801428571428571,68.39404433864102,26.73611111111111,188,7,0,0,203.6,23.47926199261993,227.07926199261993,-4638.0,-385.04999999999995,-5023.049999999999,23,64,98,81,22
train,0.25,82,-1,0.7774285714285715,236.80833057848884,16.666666666666664,0,0,27,3,181.59999999999997,23.47926199261993,205.0792619926199,-522.0,-319.275,-841.275,31,92,103,51,11
train,0.25,83,-1,0.7747142857142857,163.92127474023897,76.73611111111111,0,0,0,0,193.1,23.47926199261993,216.57926199261993,375.0,-295.15,79.85000000000001,49,89,92,48,10
train,0.25,84,-1,0.772,128.39574769758076,76.04166666666666,37,3,0,0,191.89999999999998,23.47926199261993,215.37926199261992,-555.0,-296.3,-851.3000000000001,39,110,85,42,12
train,0.25,85,-1,0.7692857142857144,155.37778928295052,72.91666666666666,0,0,0,0,234.5,23.47926199261993,257.9792619926199,327.0,-358.875,-31.875,21,90,98,56,23
train,0.25,86,-1,0.7665714285714286,252.93366088148954,22.569444444444446,0,0,85,9,200.7,23.47926199261993,224.17926199261993,-1283.0,-307.82499999999993,-1590.825,35,99,93,52,9
train,0.25,87,-1,0.7638571428571428,104.01850898285358,55.208333333333336,104,3,0,0,197.29999999999998,23.47926199261993,220.77926199261992,-2361.0,-335.42499999999995,-2696.4249999999997,30,81,105,59,13
train,0.25,88,-1,0.7611428571428571,157.61949718109307,70.83333333333334,1,1,0,0,200.9,23.47926199261993,224.37926199261994,288.0,-312.4,-24.400000000000013,42,86,95,53,12
train,0.25,89,-1,0.7584285714285715,226.4181584136826,17.36111111111111,0,0,16,6,169.2,23.47926199261993,192.67926199261993,-362.0,-289.1,-651.1,41,93,105,45,4
train,0.25,90,-1,0.7557142857142858,120.69416705396344,94.44444444444444,0,0,0,0,213.0,23.47926199261993,236.47926199261994,501.0,-342.475,158.525,20,93,105,55,15
train,0.25,91,-1,0.753,174.46214138969455,46.875,0,0,0,0,177.7,23.47926199261993,201.17926199261993,117.0,-294.34999999999997,-177.35000000000002,35,99,107,41,6
train,0.25,92,-1,0.7502857142857143,89.48557551440551,44.09722222222222,116,7,0,0,231.7,23.47926199261993,255.17926199261993,-2793.0,-353.2749999999999,-3146.2749999999996,26,78,106,59,19
train,0.25,93,-1,0.7475714285714286,164.26665775428793,62.84722222222222,0,0,0,0,192.6,23.47926199261993,216.07926199261993,255.0,-320.325,-65.325,34,96,90,55,13
train,0.25,94,-1,0.7448571428571429,160.88568444141245,44.79166666666667,24,5,0,0,167.7,23.47926199261993,191.17926199261993,-528.0,-299.225,-827.2249999999999,45,88,97,49,9
train,0.25,95,-1,0.7421428571428572,87.23458665272577,46.52777777777778,143,4,0,0,195.79999999999998,23.47926199261993,219.27926199261992,-3351.0,-348.09999999999997,-3699.0999999999995,26,81,103,62,16
train,0.25,96,-1,0.7394285714285714,165.33081744897922,49.65277777777778,7,2,0,0,212.2,23.47926199261993,235.67926199261993,-69.0,-318.0,-387.0,45,83,91,53,16
train,0.25,97,-1,0.7367142857142857,212.59880108404454,28.125,0,0,29,11,190.3,23.47926199261993,213.77926199261995,-451.0,-282.95,-733.9500000000002,42,112,89,35,10
train,0.25,98,-1,0.734,190.19838793749557,32.98611111111111,0,0,0,0,164.0,23.47926199261993,187.47926199261994,-3.0,-257.775,-260.775,61,94,92,38,3
train,0.25,99,-1,0.7312857142857143,148.252459277466,67.70833333333334,12,5,0,0,205.59999999999997,23.47926199261993,229.0792619926199,-51.0,-337.29999999999995,-388.30000000000007,38,85,93,48,24
eval,0.25,99,0,0.0,82.06887736516653,46.875,132,3,0,0,262.79999999999995,23.47926199261993,286.27926199261987,-3114.0,-546.85,-3660.8500000000004,4,66,69,39,110
eval,0.25,99,1,0.0,180.9642099227406,62.5,0,0,0,0,152.6,23.47926199261993,176.07926199261993,252.0,-233.64999999999998,18.350000000000023,59,104,113,10,2
eval,0.25,99,2,0.0,195.43168994321115,37.15277777777778,0,0,6,4,123.69999999999999,23.47926199261993,147.17926199261993,-51.0,-238.85,-289.85,61,79,143,3,2
eval,0.25,99,3,0.0,194.48709333600388,52.083333333333336,0,0,24,2,110.80000000000001,23.47926199261993,134.27926199261995,-174.0,-221.3,-395.29999999999995,66,93,127,2,0
eval,0.25,99,4,0.0,100.28209191083934,87.5,15,2,0,0,212.39999999999998,23.47926199261993,235.87926199261992,45.0,-359.17499999999995,-314.17499999999995,5,125,88,43,27
train,0.25,100,-1,0.7285714285714286,235.7525212100973,26.73611111111111,0,0,95,1,187.0,23.47926199261993,210.47926199261994,-1387.0,-340.325,-1727.3249999999998,29,89,94,59,17
train,0.25,101,-1,0.7258571428571429,181.39885971803966,45.13888888888889,0,0,0,0,178.2,23.47926199261993,201.67926199261993,102.0,-290.35,-188.34999999999997,50,99,86,39,14
train,0.25,102,-1,0.7231428571428571,71.14597574604984,29.86111111111111,169,9,0,0,212.39999999999998,23.47926199261993,235.87926199261992,-4185.0,-380.09999999999997,-4565.1,28,78,85,65,32
train,0.25,103,-1,0.7204285714285714,209.65962972367828,27.77777777777778,0,0,0,0,174.6,23.47926199261993,198.07926199261993,-48.0,-273.3,-321.3,53,100,90,37,8
train,0.25,104,-1,0.7177142857142857,187.1326945518205,36.11111111111111,0,0,0,0,172.79999999999998,23.47926199261993,196.27926199261992,24.0,-308.25,-284.25,32,91,109,50,6
train,0.25,105,-1,0.7150000000000001,156.90578150555328,73.95833333333334,7,1,0,0,201.39999999999998,23.47926199261993,224.87926199261992,162.0,-358.0,-195.99999999999997,24,73,108,67,16
train,0.25,106,-1,0.7122857142857143,188.15747343500863,43.40277777777778,0,0,0,0,187.2,23.47926199261993,210.67926199261993,87.0,-334.22499999999997,-247.22499999999997,26,79,114,60,9
train,0.25,107,-1,0.7095714285714285,205.4333650580502,40.97222222222222,0,0,8,3,202.0,23.47926199261993,225.47926199261994,-46.0,-353.65,-399.65,19,79,114,62,14
train,0.25,108,-1,0.7068571428571429,86.80959758647757,38.19444444444444,112,16,0,0,245.29999999999998,23.47926199261993,268.7792619926199,-2844.0,-400.9,-3244.9,19,65,95,81,28
train,0.25,109,-1,0.7041428571428572,156.8022458926406,67.70833333333334,0,0,0,0,184.1,23.47926199261993,207.57926199261993,297.0,-317.47499999999997,-20.474999999999987,31,90,109,47,11
train,0.25,110,-1,0.7014285714285715,65.93194252279497,23.61111111111111,173,12,0,0,214.3,23.47926199261993,237.77926199261995,-4377.0,-359.325,-4736.325,19,89,101,58,21
train,0.25,111,-1,0.6987142857142857,211.42158701379427,48.95833333333333,0,0,60,3,220.7,23.47926199261993,244.17926199261993,-705.0,-403.175,-1108.175,21,63,95,78,31
train,0.25,112,-1,0.696,216.07178553974785,6.944444444444445,0,0,0,0,198.4,23.47926199261993,221.87926199261994,-228.0,-374.45,-602.4499999999999,27,77,87,71,26
train,0.25,113,-1,0.6932857142857143,173.71512576167186,57.291666666666664,0,0,0,0,194.0,23.47926199261993,217.47926199261994,207.0,-348.125,-141.12499999999994,22,72,117,68,9
train,0.25,114,-1,0.6905714285714286,80.09715961082037,43.40277777777778,136,7,0,0,209.79999999999998,23.47926199261993,233.27926199261992,-3258.0,-336.6,-3594.6,28,88,102,54,16
train,0.25,115,-1,0.687857142857143,152.82605082709426,76.73611111111111,2,2,0,0,213.6,23.47926199261993,237.07926199261993,306.0,-345.19999999999993,-39.19999999999999,25,78,108,65,12
train,0.25,116,-1,0.6851428571428572,84.20063803377076,47.22222222222222,109,9,0,0,224.8,23.47926199261993,248.27926199261995,-2625.0,-375.125,-3000.125,25,71,100,67,25
train,0.25,117,-1,0.6824285714285714,106.60769557293634,79.16666666666666,38,3,0,0,199.5,23.47926199261993,222.97926199261994,-561.0,-334.625,-895.625,35,86,91,59,17
train,0.25,118,-1,0.6797142857142857,250.40843050318577,9.722222222222223,0,0,82,6,166.89999999999998,23.47926199261993,190.37926199261992,-1352.0,-303.15,-1655.15,57,86,78,49,18
train,0.25,119,-1,0.677,79.27170645155726,33.33333333333333,155,9,0,0,213.1,23.47926199261993,236.57926199261993,-3807.0,-340.275,-4147.275,28,88,95,62,15
train,0.25,120,-1,0.6742857142857144,157.0912438386055,64.93055555555556,2,1,0,0,189.0,23.47926199261993,212.47926199261994,195.0,-333.75,-138.74999999999997,42,72,92,68,14
train,0.25,121,-1,0.6715714285714286,99.81111969381092,58.68055555555556,87,7,0,0,251.9,23.47926199261993,275.37926199261994,-1965.0,-382.375,-2347.3750000000005,20,65,110,70,23
train,0.25,122,-1,0.6688571428571428,239.50689854964014,20.13888888888889,0,0,49,5,243.0,23.47926199261993,266.4792619926199,-800.0,-414.025,-1214.025,15,62,101,77,33
train,0.25,123,-1,0.6661428571428571,112.06208175843585,44.09722222222222,85,4,0,0,240.39999999999998,23.47926199261993,263.8792619926199,-1998.0,-415.82499999999993,-2413.825,20,59,90,86,33
train,0.25,124,-1,0.6634285714285715,204.08392418950365,23.958333333333336,0,0,0,0,180.5,23.47926199261993,203.97926199261994,-81.0,-321.04999999999995,-402.04999999999995,26,98,102,52,10
train,0.25,125,-1,0.6607142857142857,153.82996630550332,77.08333333333334,0,0,0,0,170.79999999999998,23.47926199261993,194.27926199261992,366.0,-307.475,58.52500000000001,36,91,101,53,7
train,0.25,126,-1,0.658,140.83417380172887,77.77777777777779,4,2,0,0,197.7,23.47926199261993,221.17926199261993,240.0,-358.75,-118.75000000000003,29,84,92,57,26
train,0.25,127,-1,0.6552857142857142,79.51321176292305,50.34722222222222,92,7,0,0,201.89999999999998,23.47926199261993,225.37926199261992,-2214.0,-335.375,-2549.375,27,89,103,54,15
train,0.25,128,-1,0.6525714285714286,148.26831745405357,73.26388888888889,0,0,0,0,206.6,23.47926199261993,230.07926199261993,324.0,-364.775,-40.775,24,71,107,67,19
train,0.25,129,-1,0.6498571428571429,260.28398830993876,26.041666666666668,0,0,125,2,174.39999999999998,23.47926199261993,197.87926199261992,-1813.0,-263.17499999999995,-2076.175,49,112,86,38,3
train,0.25,130,-1,0.6471428571428571,98.06065234894822,57.638888888888886,91,7,0,0,273.0,23.47926199261993,296.4792619926199,-2064.0,-397.775,-2461.7749999999996,14,64,106,81,23
train,0.25,131,-1,0.6444285714285715,191.28838964109184,34.72222222222222,0,0,0,0,177.4,23.47926199261993,200.87926199261994,12.0,-329.29999999999995,-317.29999999999995,33,92,92,55,16
train,0.25,132,-1,0.6417142857142857,93.9807266272022,63.888888888888886,57,9,0,0,243.1,23.47926199261993,266.57926199261993,-1245.0,-381.15,-1626.15,28,64,90,84,22
train,0.25,133,-1,0.639,195.51427046409788,33.33333333333333,0,0,0,0,195.79999999999998,23.47926199261993,219.27926199261992,0.0,-333.1,-333.1,36,80,99,57,16
train,0.25,134,-1,0.6362857142857143,271.84664197250845,15.277777777777779,0,0,169,5,170.0,23.47926199261993,193.47926199261994,-2522.0,-273.57500000000005,-2795.5750000000003,50,100,89,46,3
train,0.25,135,-1,0.6335714285714286,161.38835162233622,55.208333333333336,9,1,0,0,180.39999999999998,23.47926199261993,203.87926199261992,-36.0,-370.45,-406.45000000000005,24,67,104,75,18
train,0.25,136,-1,0.6308571428571429,234.9147307263473,9.375,0,0,7,2,137.6,23.47926199261993,161.07926199261993,-305.0,-238.22500000000002,-543.2249999999999,63,115,82,23,5
train,0.25,137,-1,0.6281428571428571,197.25897563161212,24.305555555555554,0,0,0,0,175.29999999999998,23.47926199261993,198.77926199261992,-78.0,-317.22499999999997,-395.2249999999999,42,76,100,61,9
train,0.25,138,-1,0.6254285714285714,260.5438708221733,23.958333333333336,0,0,122,2,204.7,23.47926199261993,228.17926199261993,-1792.0,-281.875,-2073.875,55,98,81,43,11
train,0.25,139,-1,0.6227142857142858,137.63905048479788,82.98611111111111,2,1,0,0,230.2,23.47926199261993,253.67926199261993,345.0,-397.79999999999995,-52.79999999999999,23,56,104,77,28
train,0.25,140,-1,0.62,161.6893142197117,83.68055555555556,0,0,0,0,174.5,23.47926199261993,197.97926199261994,435.0,-272.875,162.125,50,100,97,34,7
train,0.25,141,-1,0.6172857142857143,79.09193991769365,41.31944444444444,136,11,0,0,232.89999999999998,23.47926199261993,256.3792619926199,-3294.0,-360.95,-3654.95,25,78,103,60,22
train,0.25,142,-1,0.6145714285714285,131.63211671075953,77.43055555555556,26,4,0,0,217.0,23.47926199261993,240.47926199261994,-294.0,-352.8,-646.8000000000001,17,82,112,65,12
train,0.25,143,-1,0.6118571428571429,291.18224321528174,9.722222222222223,0,0,153,6,191.1,23.47926199261993,214.57926199261993,-2346.0,-304.84999999999997,-2650.85,42,92,99,41,14
train,0.25,144,-1,0.6091428571428572,259.72205222055965,15.277777777777779,0,0,138,10,138.39999999999998,23.47926199261993,161.87926199261992,-2088.0,-227.825,-2315.8250000000003,78,104,75,26,5
train,0.25,145,-1,0.6064285714285714,154.4033331080485,53.47222222222222,34,2,0,0,204.7,23.47926199261993,228.17926199261993,-675.0,-336.9,-1011.9,28,72,115,65,8
train,0.25,146,-1,0.6037142857142856,245.38463169701012,10.069444444444445,0,0,36,4,164.1,23.47926199261993,187.57926199261993,-705.0,-296.875,-1001.875,47,83,100,51,7
train,0.25,147,-1,0.601,103.81605059703566,75.34722222222221,20,7,0,0,193.7,23.47926199261993,217.17926199261993,-270.0,-333.6,-603.6,36,86,95,51,20
train,0.25,148,-1,0.5982857142857143,265.7714151982655,3.125,0,0,90,9,148.39999999999998,23.47926199261993,171.87926199261992,-1521.0,-275.72499999999997,-1796.725,47,98,101,37,5
train,0.25,149,-1,0.5955714285714286,129.33053195562252,81.59722222222221,21,2,0,0,170.89999999999998,23.47926199261993,194.37926199261992,-99.0,-302.025,-401.025,40,86,110,43,9
eval,0.25,149,0,0.0,96.71759366205873,62.84722222222222,82,7,0,0,299.9,23.47926199261993,323.3792619926199,-1785.0,-519.8,-2304.8,0,24,68,156,40
eval,0.25,149,1,0.0,112.86625107476486,61.111111111111114,62,4,0,0,281.4,23.47926199261993,304.8792619926199,-1323.0,-506.22499999999997,-1829.2250000000001,0,20,82,153,33
eval,0.25,149,2,0.0,129.4957746281535,60.763888888888886,56,3,0,0,271.9,23.47926199261993,295.3792619926199,-1152.0,-486.725,-1638.7250000000001,0,31,70,166,21
eval,0.25,149,3,0.0,146.601267623249,82.98611111111111,2,1,0,0,219.3,23.47926199261993,242.77926199261995,372.0,-472.54999999999995,-100.54999999999995,1,23,75,183,6
eval,0.25,149,4,0.0,123.2759480264649,99.30555555555556,0,0,0,0,265.4,23.47926199261993,288.8792619926199,564.0,-478.04999999999995,85.95000000000002,0,20,82,176,10
train,0.25,150,-1,0.592857142857143,121.95247631473941,78.125,22,3,0,0,214.59999999999997,23.47926199261993,238.0792619926199,-192.0,-385.025,-577.0250000000001,14,72,107,74,21
train,0.25,151,-1,0.5901428571428571,135.26258725754099,72.91666666666666,13,3,0,0,194.0,23.47926199261993,217.47926199261994,-27.0,-363.4749999999999,-390.47499999999997,17,68,119,73,11
train,0.25,152,-1,0.5874285714285714,107.28256633013456,68.05555555555556,49,3,0,0,192.5,23.47926199261993,215.97926199261994,-969.0,-341.79999999999995,-1310.8,21,79,115,65,8
train,0.25,153,-1,0.5847142857142857,160.64243993089391,69.09722222222221,0,0,0,0,205.29999999999998,23.47926199261993,228.77926199261992,309.0,-353.34999999999997,-44.34999999999998,27,80,98,65,18
train,0.25,154,-1,0.5820000000000001,139.23945795347936,72.91666666666666,5,2,0,0,214.09999999999997,23.47926199261993,237.5792619926199,168.0,-374.25,-206.25,18,71,108,73,18
train,0.25,155,-1,0.5792857142857144,220.70118908055667,7.986111111111111,0,0,0,0,155.3,23.47926199261993,178.77926199261995,-219.0,-263.95,-482.95,65,99,76,38,10
train,0.25,156,-1,0.5765714285714285,111.02010461403484,79.16666666666666,17,7,0,0,181.7,23.47926199261993,205.17926199261993,-120.0,-307.025,-427.02500000000015,30,86,123,44,5
train,0.25,157,-1,0.5738571428571428,141.83150974497232,82.98611111111111,0,0,0,0,237.2,23.47926199261993,260.6792619926199,405.0,-381.525,23.475,22,64,104,77,21
train,0.25,158,-1,0.5711428571428572,208.48391074141455,13.541666666666666,0,0,0,0,182.0,23.47926199261993,205.47926199261994,-171.0,-302.0,-473.0,42,83,108,47,8
train,0.25,159,-1,0.5684285714285715,83.36055912931268,40.625,153,5,0,0,223.3,23.47926199261993,246.77926199261995,-3663.0,-369.775,-4032.7749999999996,18,74,111,66,19
train,0.25,160,-1,0.5657142857142857,104.94425602194143,59.02777777777778,54,11,0,0,211.39999999999998,23.47926199261993,234.87926199261992,-1218.0,-348.29999999999995,-1566.3,28,80,99,65,16
train,0.25,161,-1,0.563,224.1760636743986,36.11111111111111,19,3,96,3,182.1,23.47926199261993,205.57926199261993,-1815.0,-317.375,-2132.375,45,86,85,57,15
train,0.25,162,-1,0.5602857142857143,281.16046663186364,7.291666666666667,0,0,111,15,166.60000000000002,23.47926199261993,190.07926199261996,-1779.0,-228.39999999999998,-2007.4,85,92,74,33,4
train,0.25,163,-1,0.5575714285714286,105.01517724901623,90.625,9,2,0,0,238.5,23.47926199261993,261.9792619926199,225.0,-356.92499999999995,-131.92499999999998,34,76,93,60,25
train,0.25,164,-1,0.5548571428571429,148.44684665479562,74.65277777777779,0,0,0,0,173.3,23.47926199261993,196.77926199261995,351.0,-312.25,38.75,46,83,93,52,14
train,0.25,165,-1,0.5521428571428572,133.7916019802345,84.02777777777779,2,2,0,0,204.5,23.47926199261993,227.97926199261994,372.0,-298.72499999999997,73.275,45,89,96,49,9
train,0.25,166,-1,0.5494285714285714,94.68255645907627,58.68055555555556,104,2,0,0,201.39999999999998,23.47926199261993,224.87926199261992,-2322.0,-325.9,-2647.8999999999996,37,85,98,52,16
train,0.25,167,-1,0.5467142857142857,158.36554599858331,81.59722222222221,0,0,0,0,214.0,23.47926199261993,237.47926199261994,417.0,-316.79999999999995,100.20000000000002,48,81,88,55,16
train,0.25,168,-1,0.544,195.7903851076771,31.59722222222222,0,0,0,0,187.3,23.47926199261993,210.77926199261995,-21.0,-287.29999999999995,-308.29999999999995,47,99,95,35,12
train,0.25,169,-1,0.5412857142857144,150.0969038850393,84.375,0,0,0,0,185.39999999999998,23.47926199261993,208.87926199261992,441.0,-301.45,139.54999999999998,39,92,105,42,10
train,0.25,170,-1,0.5385714285714286,299.60574987517475,4.513888888888888,0,0,143,1,170.5,23.47926199261993,193.97926199261994,-2251.0,-325.1,-2576.1,51,81,82,50,24
train,0.25,171,-1,0.5358571428571429,92.88594891581278,44.09722222222222,112,8,0,0,208.29999999999998,23.47926199261993,231.77926199261992,-2673.0,-347.025,-3020.025,27,79,107,58,17
train,0.25,172,-1,0.5331428571428571,66.55251908174824,19.444444444444446,176,11,0,0,226.1,23.47926199261993,249.57926199261993,-4512.0,-369.92499999999995,-4881.924999999999,22,83,95,63,25
train,0.25,173,-1,0.5304285714285715,97.90512300385593,72.56944444444444,19,7,0,0,219.60000000000002,23.47926199261993,243.07926199261996,-297.0,-328.17499999999995,-625.175,40,89,85,55,19
train,0.25,174,-1,0.5277142857142857,200.48400671922002,28.47222222222222,0,0,0,0,161.3,23.47926199261993,184.77926199261995,-42.0,-277.925,-319.925,55,101,85,34,13
train,0.25,175,-1,0.525,83.05133963263296,35.76388888888889,134,9,0,0,254.29999999999998,23.47926199261993,277.7792619926199,-3312.0,-353.42499999999995,-3665.4249999999993,18,85,105,67,13
train,0.25,176,-1,0.5222857142857142,141.8118665714052,69.09722222222221,12,4,0,0,176.5,23.47926199261993,199.97926199261994,-30.0,-293.975,-323.9750000000001,46,87,100,48,7
train,0.25,177,-1,0.5195714285714286,129.39157209301231,85.76388888888889,2,1,0,0,238.0,23.47926199261993,261.4792619926199,366.0,-316.1,49.9,39,83,103,51,12
train,0.25,178,-1,0.5168571428571429,223.72791076886455,18.75,0,0,7,3,170.5,23.47926199261993,193.97926199261994,-224.0,-279.075,-503.07499999999993,42,104,96,43,3
train,0.25,179,-1,0.5141428571428571,253.05115753053755,10.069444444444445,0,0,60,4,140.4,23.47926199261993,163.87926199261994,-1041.0,-222.625,-1263.6250000000002,87,97,70,29,5
train,0.25,180,-1,0.5114285714285716,92.48836619589777,48.26388888888889,85,8,0,0,212.7,23.47926199261993,236.17926199261993,-2085.0,-317.34999999999997,-2402.35,32,98,98,46,14
train,0.25,181,-1,0.5087142857142857,122.38706399625542,88.19444444444444,10,1,0,0,181.39999999999998,23.47926199261993,204.87926199261992,192.0,-251.85,-59.849999999999966,55,115,86,26,6
train,0.25,182,-1,0.506,221.35510851718215,33.68055555555556,0,0,19,3,143.7,23.47926199261993,167.17926199261993,-263.0,-245.70000000000002,-508.69999999999993,66,103,82,33,4
train,0.25,183,-1,0.5032857142857143,136.6662290161606,71.18055555555556,26,2,0,0,211.0,23.47926199261993,234.47926199261994,-336.0,-294.05,-630.0500000000001,55,88,86,45,14
train,0.25,184,-1,0.5005714285714287,105.04099835151011,69.79166666666666,36,4,0,0,192.59999999999997,23.47926199261993,216.0792619926199,-675.0,-322.09999999999997,-997.1000000000001,31,100,94,47,16
train,0.25,185,-1,0.4978571428571429,161.15350102044368,45.83333333333333,27,2,0,0,226.39999999999998,23.47926199261993,249.87926199261992,-543.0,-295.70000000000005,-838.7,39,93,108,40,8
train,0.25,186,-1,0.4951428571428571,181.36792068706228,50.69444444444444,0,0,0,0,205.2,23.47926199261993,228.67926199261993,150.0,-287.025,-137.025,46,96,98,39,9
train,0.25,187,-1,0.49242857142857144,182.50374524092183,51.041666666666664,0,0,0,0,167.7,23.47926199261993,191.17926199261993,153.0,-248.625,-95.62500000000003,57,103,97,30,1
train,0.25,188,-1,0.48971428571428577,153.54665187921188,56.25,7,3,0,0,191.89999999999998,23.47926199261993,215.37926199261992,-30.0,-282.2,-312.2,42,103,102,33,8
train,0.25,189,-1,0.487,82.70623679719704,24.305555555555554,159,15,0,0,202.2,23.47926199261993,225.67926199261993,-4026.0,-346.15,-4372.15,21,92,104,53,18
train,0.25,190,-1,0.4842857142857143,131.76327878894685,80.55555555555556,1,1,0,0,193.7,23.47926199261993,217.17926199261993,285.0,-265.65,19.34999999999999,48,107,99,28,6
train,0.25,191,-1,0.48157142857142865,210.69201070838167,27.430555555555557,0,0,13,4,173.59999999999997,23.47926199261993,197.0792619926199,-233.0,-280.67499999999995,-513.6750000000001,53,94,88,46,7
train,0.25,192,-1,0.47885714285714287,189.64415053219383,35.06944444444444,0,0,0,0,138.0,23.47926199261993,161.47926199261994,15.0,-219.675,-204.67499999999995,74,111,82,18,3
train,0.25,193,-1,0.4761428571428572,204.00746779543618,40.27777777777778,0,0,6,3,162.89999999999998,23.47926199261993,186.37926199261992,-24.0,-270.7,-294.7,47,107,91,39,4
train,0.25,194,-1,0.4734285714285714,118.76992342764983,97.22222222222221,0,0,0,0,245.7,23.47926199261993,269.1792619926199,528.0,-335.275,192.72500000000002,19,93,111,54,11
train,0.25,195,-1,0.47071428571428575,65.12648227537686,19.09722222222222,202,10,0,0,218.0,23.47926199261993,241.47926199261994,-5064.0,-345.85,-5409.849999999999,22,93,100,55,18
train,0.25,196,-1,0.46799999999999997,183.50163987314318,41.31944444444444,0,0,0,0,187.1,23.47926199261993,210.57926199261993,69.0,-276.775,-207.775,54,98,84,45,7
train,0.25,197,-1,0.4652857142857143,223.2664623943238,11.458333333333332,0,0,0,0,150.5,23.47926199261993,173.97926199261994,-189.0,-237.79999999999998,-426.79999999999995,58,124,79,23,4
train,0.25,198,-1,0.46257142857142863,196.17176397749543,21.875,0,0,0,0,156.09999999999997,23.47926199261993,179.5792619926199,-99.0,-241.575,-340.575,63,109,84,29,3
train,0.25,199,-1,0.45985714285714285,91.4304833284929,55.208333333333336,82,9,0,0,235.0,23.47926199261993,258.4792619926199,-1920.0,-341.54999999999995,-2261.55,24,87,104,59,14
eval,0.25,199,0,0.0,236.32753418082288,9.375,0,0,23,1,80.39999999999999,23.47926199261993,103.87926199261992,-529.0,-99.69999999999999,-628.6999999999999,147,139,2,0,0
eval,0.25,199,1,0.0,86.72492162906782,51.041666666666664,95,9,0,0,203.79999999999998,23.47926199261993,227.27926199261992,-2265.0,-275.575,-2540.575,10,164,85,26,3
eval,0.25,199,2,0.0,271.48728208042326,7.986111111111111,0,0,101,6,80.39999999999999,23.47926199261993,103.87926199261992,-1633.0,-96.8,-1729.8000000000002,155,127,5,1,0
eval,0.25,199,3,0.0,239.59664767446625,8.680555555555555,0,0,65,7,92.79999999999998,23.47926199261993,116.27926199261991,-1123.0,-121.19999999999999,-1244.2,123,155,9,1,0
eval,0.25,199,4,0.0,181.55642470405414,53.81944444444444,0,0,0,0,123.29999999999998,23.47926199261993,146.77926199261992,177.0,-147.725,29.275000000000006,98,170,15,4,1
train,0.25,200,-1,0.4571428571428572,168.19773994706213,63.19444444444444,0,0,0,0,184.09999999999997,23.47926199261993,207.5792619926199,258.0,-304.175,-46.17499999999999,40,95,88,58,7
train,0.25,201,-1,0.4544285714285714,154.92922832534956,77.43055555555556,0,0,0,0,189.59999999999997,23.47926199261993,213.0792619926199,381.0,-280.57500000000005,100.425,51,99,85,46,7
train,0.25,202,-1,0.45171428571428573,146.03561234287858,54.513888888888886,31,1,0,0,216.0,23.47926199261993,239.47926199261994,-588.0,-319.975,-907.975,42,81,91,63,11
train,0.25,203,-1,0.44900000000000007,72.74967229956057,29.51388888888889,166,14,0,0,215.1,23.47926199261993,238.57926199261993,-4128.0,-328.375,-4456.375,23,100,98,56,11
train,0.25,204,-1,0.4462857142857143,266.1191386503602,2.083333333333333,0,0,35,11,140.1,23.47926199261993,163.57926199261993,-760.0,-203.35,-963.3499999999999,92,112,53,29,2
train,0.25,205,-1,0.4435714285714286,134.3552353508692,92.01388888888889,0,0,0,0,195.10000000000002,23.47926199261993,218.57926199261996,468.0,-283.9,184.1,44,106,89,41,8
train,0.25,206,-1,0.44085714285714295,115.09688039533613,76.38888888888889,34,3,0,0,252.8,23.47926199261993,276.2792619926199,-513.0,-363.92499999999995,-876.9250000000001,16,87,99,69,17
train,0.25,207,-1,0.43814285714285717,116.4689258397553,91.66666666666666,16,2,0,0,212.1,23.47926199261993,235.57926199261993,96.0,-295.92499999999995,-199.92500000000004,31,117,90,41,9
train,0.25,208,-1,0.4354285714285714,176.93828704919528,55.90277777777778,0,0,0,0,181.2,23.47926199261993,204.67926199261993,183.0,-257.75,-74.74999999999997,52,109,89,36,2
train,0.25,209,-1,0.4327142857142857,159.964770956894,58.333333333333336,17,3,0,0,180.5,23.47926199261993,203.97926199261994,-219.0,-290.975,-509.975,33,106,100,46,3
train,0.25,210,-1,0.43000000000000005,316.65551666066466,12.5,0,0,206,1,173.9,23.47926199261993,197.37926199261994,-3064.0,-233.35000000000002,-3297.3500000000004,73,113,67,29,6
train,0.25,211,-1,0.42728571428571427,132.15197275750592,75.0,30,4,0,0,259.6,23.47926199261993,283.07926199261993,-402.0,-360.775,-762.775,26,77,97,69,19
train,0.25,212,-1,0.4245714285714286,237.56239062332406,10.76388888888889,0,0,28,7,151.59999999999997,23.47926199261993,175.0792619926199,-587.0,-272.27500000000003,-859.275,51,96,95,43,3
train,0.25,213,-1,0.42185714285714293,118.1624929989944,76.73611111111111,28,5,0,0,308.70000000000005,23.47926199261993,332.17926199261996,-378.0,-417.15,-795.1500000000001,6,63,107,86,26
train,0.25,214,-1,0.41914285714285715,173.7169065796222,51.388888888888886,0,0,0,0,196.8,23.47926199261993,220.27926199261995,156.0,-328.575,-172.57499999999996,26,98,93,60,11
train,0.25,215,-1,0.41642857142857137,196.6270233493274,25.694444444444443,0,0,0,0,146.5,23.47926199261993,169.97926199261994,-66.0,-253.575,-319.575,52,110,95,28,3
train,0.25,216,-1,0.4137142857142858,84.20861549234213,51.388888888888886,99,14,0,0,252.79999999999998,23.47926199261993,276.2792619926199,-2343.0,-380.17499999999995,-2723.175,14,67,112,80,15
train,0.25,217,-1,0.41100000000000003,263.2421474450565,12.152777777777777,0,0,108,10,154.2,23.47926199261993,177.67926199261993,-1695.0,-249.525,-1944.525,65,103,81,34,5
train,0.25,218,-1,0.40828571428571425,172.8639822703115,51.388888888888886,0,0,0,0,180.39999999999998,23.47926199261993,203.87926199261992,156.0,-286.9,-130.9,32,105,112,35,4
train,0.25,219,-1,0.4055714285714287,206.83986033248198,29.86111111111111,0,0,11,1,165.7,23.47926199261993,189.17926199261993,-184.0,-297.59999999999997,-481.59999999999997,48,90,86,56,8
train,0.25,220,-1,0.4028571428571429,127.43516379076222,96.18055555555556,0,0,0,0,225.49999999999997,23.47926199261993,248.9792619926199,525.0,-362.79999999999995,162.2,22,64,115,75,12
train,0.25,221,-1,0.40014285714285713,169.4376268683786,63.888888888888886,0,0,0,0,164.89999999999998,23.47926199261993,188.37926199261992,264.0,-291.35,-27.349999999999966,39,101,97,45,6
train,0.25,222,-1,0.39742857142857146,223.54858735540714,38.54166666666667,2,1,82,1,168.2,23.47926199261993,191.67926199261993,-1196.0,-287.725,-1483.7250000000001,43,99,93,48,5
train,0.25,223,-1,0.3947142857142858,234.72440718307143,37.15277777777778,0,0,87,2,164.09999999999997,23.47926199261993,187.5792619926199,-1185.0,-283.55,-1468.5500000000002,39,104,103,36,6
train,0.25,224,-1,0.392,158.02026831304914,80.90277777777779,0,0,0,0,250.1,23.47926199261993,273.57926199261993,411.0,-404.875,6.125000000000014,25,64,80,88,31
train,0.25,225,-1,0.38928571428571423,220.39675188102728,17.36111111111111,0,0,10,3,142.1,23.47926199261993,165.57926199261993,-278.0,-258.675,-536.675,66,97,79,39,7
train,0.25,226,-1,0.3865714285714287,101.14203005505084,66.66666666666666,53,11,0,0,228.3,23.47926199261993,251.77926199261995,-1113.0,-337.97499999999997,-1450.9750000000001,27,81,99,74,7
train,0.25,227,-1,0.3838571428571429,145.23620699053131,97.91666666666666,0,0,0,0,216.8,23.47926199261993,240.27926199261995,558.0,-333.54999999999995,224.45,34,86,97,53,18
train,0.25,228,-1,0.3811428571428571,134.94377889073084,96.18055555555556,0,0,0,0,181.5,23.47926199261993,204.97926199261994,543.0,-336.925,206.075,31,84,95,65,13
train,0.25,229,-1,0.37842857142857145,204.1311502610451,15.625,0,0,0,0,183.29999999999998,23.47926199261993,206.77926199261992,-153.0,-338.1,-491.09999999999997,40,87,83,54,24
train,0.25,230,-1,0.3757142857142858,183.45419639655788,50.34722222222222,0,0,0,0,180.2,23.47926199261993,203.67926199261993,147.0,-339.72499999999997,-192.725,41,88,85,45,29
train,0.25,231,-1,0.373,150.82528756143645,68.75,0,0,0,0,216.3,23.47926199261993,239.77926199261995,288.0,-355.92499999999995,-67.92499999999998,22,76,106,71,13
train,0.25,232,-1,0.37028571428571433,107.4887786576424,76.04166666666666,46,5,0,0,267.29999999999995,23.47926199261993,290.77926199261987,-804.0,-379.0,-1183.0,16,74,105,73,20
train,0.25,233,-1,0.36757142857142866,263.8026288386548,10.76388888888889,0,0,108,6,120.49999999999999,23.47926199261993,143.9792619926199,-1707.0,-185.57500000000002,-1892.575,96,118,59,12,3
train,0.25,234,-1,0.3648571428571429,106.74189510425553,46.875,97,5,0,0,235.5,23.47926199261993,258.9792619926199,-2292.0,-370.5,-2662.5,21,79,95,73,20
train,0.25,235,-1,0.3621428571428572,232.46476255967525,22.916666666666664,0,0,50,4,208.5,23.47926199261993,231.97926199261994,-790.0,-389.125,-1179.125,26,77,74,82,29
train,0.25,236,-1,0.35942857142857143,248.7112430695244,5.902777777777778,0,0,58,9,158.0,23.47926199261993,181.47926199261994,-1049.0,-325.32500000000005,-1374.3249999999998,36,91,86,62,13
train,0.25,237,-1,0.35671428571428576,143.36193282417292,82.29166666666666,1,1,0,0,229.5,23.47926199261993,252.97926199261994,366.0,-387.825,-21.825000000000003,20,66,111,62,29
train,0.25,238,-1,0.354,219.36084803744444,13.194444444444445,0,0,0,0,135.2,23.47926199261993,158.67926199261993,-174.0,-264.80000000000007,-438.8,75,81,75,49,8
train,0.25,239,-1,0.3512857142857143,122.96462471289321,93.05555555555556,4,1,0,0,238.2,23.47926199261993,261.6792619926199,402.0,-347.94999999999993,54.050000000000026,31,84,95,56,22
train,0.25,240,-1,0.34857142857142864,219.8347032122547,13.88888888888889,0,0,0,0,122.39999999999998,23.47926199261993,145.87926199261992,-168.0,-231.89999999999998,-399.9,74,117,63,26,8
train,0.25,241,-1,0.34585714285714286,295.95253594546034,1.3888888888888888,0,0,146,1,118.0,23.47926199261993,141.47926199261994,-2320.0,-185.3,-2505.3,88,129,57,14,0
train,0.25,242,-1,0.3431428571428572,129.45776012246807,96.875,0,0,0,0,180.2,23.47926199261993,203.67926199261993,549.0,-272.825,276.175,39,109,108,27,5
train,0.25,243,-1,0.3404285714285714,70.02427076008553,29.51388888888889,146,12,0,0,221.49999999999997,23.47926199261993,244.9792619926199,-3708.0,-336.04999999999995,-4044.05,15,86,124,57,6
train,0.25,244,-1,0.33771428571428574,186.15567218203196,48.26388888888889,5,3,24,3,174.6,23.47926199261993,198.07926199261993,-366.0,-299.5,-665.5000000000001,48,96,80,52,12
train,0.25,245,-1,0.3350000000000001,185.83902940847454,64.93055555555556,0,0,8,1,171.3,23.47926199261993,194.77926199261995,161.0,-328.79999999999995,-167.79999999999995,40,100,81,39,28
train,0.25,246,-1,0.3322857142857143,173.2058122775613,51.736111111111114,0,0,0,0,163.0,23.47926199261993,186.47926199261994,159.0,-275.79999999999995,-116.79999999999998,39,109,102,34,4
train,0.25,247,-1,0.3295714285714286,115.30887714849854,88.54166666666666,14,5,0,0,190.89999999999998,23.47926199261993,214.37926199261992,84.0,-308.2,-224.19999999999996,28,93,120,39,8
train,0.25,248,-1,0.32685714285714296,82.04044615866776,46.18055555555556,112,16,0,0,208.59999999999997,23.47926199261993,232.0792619926199,-2706.0,-309.82499999999993,-3015.825,35,95,97,52,9
train,0.25,249,-1,0.3241428571428572,173.48294868432222,68.40277777777779,0,0,0,0,157.2,23.47926199261993,180.67926199261993,303.0,-306.25,-3.25,45,89,94,46,14
eval,0.25,249,0,0.0,92.66833111016282,56.25,84,13,0,0,214.3,23.47926199261993,237.77926199261995,-1944.0,-285.025,-2229.025,48,84,109,42,5
eval,0.25,249,1,0.0,176.51237966041444,47.56944444444444,0,0,0,0,124.39999999999999,23.47926199261993,147.87926199261992,123.0,-224.75,-101.75000000000003,105,94,53,14,22
eval,0.25,249,2,0.0,96.49767108792764,42.70833333333333,104,6,0,0,233.1,23.47926199261993,256.57926199261993,-2547.0,-321.525,-2868.5249999999996,35,80,113,47,13
eval,0.25,249,3,0.0,282.1418427119291,1.3888888888888888,0,0,108,5,62.79999999999999,23.47926199261993,86.27926199261992,-1788.0,-78.2,-1866.2,195,71,19,3,0
eval,0.25,249,4,0.0,101.99104408409318,69.79166666666666,65,4,0,0,195.7,23.47926199261993,219.17926199261993,-1311.0,-289.25,-1600.2499999999998,45,95,101,37,10
train,0.25,250,-1,0.3214285714285714,169.5725379348636,57.291666666666664,0,0,0,0,139.7,23.47926199261993,163.17926199261993,207.0,-250.575,-43.57500000000002,59,102,94,30,3
train,0.25,251,-1,0.3187142857142857,172.35497437712365,58.333333333333336,0,0,0,0,132.89999999999998,23.47926199261993,156.37926199261992,216.0,-251.625,-35.625,65,103,78,37,5
train,0.25,252,-1,0.31600000000000006,63.95674618343082,16.666666666666664,187,18,0,0,238.5,23.47926199261993,261.9792619926199,-4791.0,-363.9,-5154.9,20,61,131,60,16
train,0.25,253,-1,0.3132857142857143,88.56076261803251,45.83333333333333,114,15,0,0,207.39999999999998,23.47926199261993,230.87926199261992,-2751.0,-323.875,-3074.875,29,75,124,53,7
train,0.25,254,-1,0.3105714285714286,74.29793211792102,31.944444444444443,174,7,0,0,228.60000000000002,23.47926199261993,252.07926199261996,-4254.0,-352.72499999999997,-4606.724999999999,29,67,107,72,13
train,0.25,255,-1,0.30785714285714294,161.83141304519788,45.83333333333333,15,6,20,4,188.7,23.47926199261993,212.17926199261993,-646.0,-282.075,-928.075,53,87,98,43,7
train,0.25,256,-1,0.30514285714285716,148.60613385913393,98.61111111111111,0,0,0,0,132.9,23.47926199261993,156.37926199261994,564.0,-221.075,342.925,74,111,80,20,3
train,0.25,257,-1,0.3024285714285714,67.40720642171891,20.48611111111111,177,12,0,0,225.09999999999997,23.47926199261993,248.5792619926199,-4515.0,-363.075,-4878.075,14,69,126,68,11
train,0.25,258,-1,0.2997142857142858,181.97512899276478,46.18055555555556,0,0,0,0,130.4,23.47926199261993,153.87926199261994,111.0,-273.325,-162.325,49,105,94,31,9
train,0.25,259,-1,0.29700000000000004,108.460085507276,57.986111111111114,60,8,0,0,220.6,23.47926199261993,244.07926199261993,-1353.0,-293.875,-1646.8750000000002,34,102,107,38,7
train,0.25,260,-1,0.29428571428571426,114.3163178901106,91.66666666666666,15,1,0,0,188.3,23.47926199261993,211.77926199261995,123.0,-308.4,-185.4,29,93,117,41,8
train,0.25,261,-1,0.2915714285714287,117.72949453723544,81.94444444444444,12,3,0,0,192.2,23.47926199261993,215.67926199261993,18.0,-301.5,-283.5,44,82,105,49,8
train,0.25,262,-1,0.2888571428571429,161.4886291675331,72.91666666666666,0,0,0,0,154.5,23.47926199261993,177.97926199261994,342.0,-242.875,99.125,62,113,85,21,7
train,0.25,263,-1,0.28614285714285714,111.86899789104629,80.20833333333334,22,4,0,0,200.59999999999997,23.47926199261993,224.0792619926199,-210.0,-322.25,-532.25,30,86,110,52,10
train,0.25,264,-1,0.28342857142857136,172.2819383364327,70.48611111111111,0,0,0,0,125.29999999999998,23.47926199261993,148.77926199261992,321.0,-197.225,123.775,82,122,70,13,1
train,0.25,265,-1,0.2807142857142858,139.11294783906266,88.54166666666666,9,3,0,0,173.39999999999998,23.47926199261993,196.87926199261992,228.0,-260.975,-32.974999999999994,61,96,91,33,7
train,0.25,266,-1,0.278,192.5417356993614,47.91666666666667,0,0,22,1,120.8,23.47926199261993,144.27926199261992,-182.0,-199.925,-381.925,105,88,69,21,5
train,0.25,267,-1,0.27528571428571424,213.10521238849438,48.61111111111111,0,0,70,5,109.2,23.47926199261993,132.67926199261993,-848.0,-192.85000000000002,-1040.85,97,100,75,14,2
train,0.25,268,-1,0.2725714285714287,208.33359766876924,26.73611111111111,0,0,3,1,152.5,23.47926199261993,175.97926199261994,-99.0,-270.24999999999994,-369.25,64,107,70,29,18
train,0.25,269,-1,0.2698571428571429,88.90638299885315,57.986111111111114,82,7,0,0,240.2,23.47926199261993,263.6792619926199,-1872.0,-363.07499999999993,-2235.075,32,72,100,57,27
train,0.25,270,-1,0.2671428571428571,227.65512037527964,17.708333333333336,0,0,24,2,130.0,23.47926199261993,153.47926199261994,-471.0,-210.85,-681.8499999999999,87,116,63,12,10
train,0.25,271,-1,0.26442857142857146,240.6064539461139,12.152777777777777,0,0,13,4,146.60000000000002,23.47926199261993,170.07926199261996,-365.0,-244.6,-609.5999999999999,69,105,79,27,8
train,0.25,272,-1,0.2617142857142858,210.29117837884098,23.61111111111111,0,0,6,4,150.5,23.47926199261993,173.97926199261994,-171.0,-253.125,-424.12499999999994,62,110,79,28,9
train,0.25,273,-1,0.259,102.38582175841083,43.05555555555556,63,11,0,0,207.5,23.47926199261993,230.97926199261994,-1620.0,-329.075,-1949.0750000000003,30,93,90,64,11
train,0.25,274,-1,0.25628571428571434,216.92043713464332,5.208333333333334,0,0,0,0,158.2,23.47926199261993,181.67926199261993,-243.0,-273.3,-516.3,49,104,94,33,8
train,0.25,275,-1,0.25357142857142867,189.25821610871841,55.90277777777778,0,0,24,1,147.7,23.47926199261993,171.17926199261993,-141.0,-228.375,-369.37499999999994,90,93,71,23,11
train,0.25,276,-1,0.2508571428571429,113.82761986401397,62.15277777777778,31,2,0,0,220.6,23.47926199261993,244.07926199261993,-639.0,-337.775,-976.7750000000001,37,77,93,66,15
train,0.25,277,-1,0.2481428571428571,210.38651109254383,34.375,0,0,33,6,110.79999999999998,23.47926199261993,134.27926199261992,-453.0,-194.5,-647.5,83,117,78,10,0
train,0.25,278,-1,0.24542857142857144,126.46173931699238,70.48611111111111,49,3,0,0,167.29999999999998,23.47926199261993,190.77926199261992,-906.0,-262.8,-1168.8,63,104,71,42,8
train,0.25,279,-1,0.24271428571428577,137.41089363435637,82.98611111111111,0,0,0,0,181.3,23.47926199261993,204.77926199261995,429.0,-295.15,133.85,41,97,93,51,6
train,0.25,280,-1,0.24,182.8724674865212,45.83333333333333,0,0,0,0,131.2,23.47926199261993,154.67926199261993,108.0,-199.8,-91.79999999999998,70,139,68,11,0
train,0.25,281,-1,0.23728571428571432,194.5812561390438,44.79166666666667,0,0,0,0,152.39999999999998,23.47926199261993,175.87926199261992,99.0,-227.97500000000002,-128.97499999999997,74,114,72,21,7
train,0.25,282,-1,0.23457142857142865,115.47437786318717,75.34722222222221,28,5,0,0,199.79999999999998,23.47926199261993,223.27926199261992,-396.0,-315.97499999999997,-711.975,28,89,114,50,7
train,0.25,283,-1,0.23185714285714287,316.04662635251543,3.8194444444444446,0,0,183,3,96.0,23.47926199261993,119.47926199261993,-2817.0,-156.89999999999998,-2973.9,126,96,51,15,0
train,0.25,284,-1,0.2291428571428572,187.48463254208644,36.45833333333333,0,0,0,0,105.19999999999999,23.47926199261993,128.67926199261993,27.0,-186.725,-159.725,102,102,65,18,1
train,0.25,285,-1,0.22642857142857142,136.8261135044018,95.13888888888889,0,0,0,0,147.7,23.47926199261993,171.17926199261993,525.0,-270.525,254.47499999999997,48,106,92,37,5
train,0.25,286,-1,0.22371428571428575,226.2652631311584,14.583333333333334,0,0,0,0,128.09999999999997,23.47926199261993,151.5792619926199,-162.0,-233.125,-395.125,71,99,88,29,1
train,0.25,287,-1,0.22100000000000009,243.70994119419578,26.38888888888889,0,0,82,6,120.1,23.47926199261993,143.57926199261993,-1208.0,-181.425,-1389.425,101,108,65,13,1
train,0.25,288,-1,0.2182857142857143,261.58415608878454,2.430555555555556,0,0,43,7,118.1,23.47926199261993,141.57926199261993,-869.0,-209.4,-1078.4,81,113,76,14,4
train,0.25,289,-1,0.21557142857142864,245.80691744872288,19.09722222222222,0,0,91,8,121.6,23.47926199261993,145.07926199261993,-1397.0,-221.60000000000002,-1618.6000000000001,82,117,63,14,12
train,0.25,290,-1,0.21285714285714286,264.1357501551542,10.069444444444445,0,0,131,4,112.1,23.47926199261993,135.57926199261993,-2035.0,-228.375,-2263.375,76,100,83,26,3
train,0.25,291,-1,0.2101428571428572,147.3990028372753,73.95833333333334,1,1,0,0,187.1,23.47926199261993,210.57926199261993,303.0,-325.875,-22.874999999999996,34,80,106,57,11
train,0.25,292,-1,0.2074285714285714,121.40417210984174,56.94444444444444,42,5,0,0,212.2,23.47926199261993,235.67926199261993,-918.0,-348.275,-1266.275,28,72,104,73,11
train,0.25,293,-1,0.20471428571428574,102.21630665563903,59.72222222222222,47,16,0,0,223.2,23.47926199261993,246.67926199261993,-1086.0,-327.47499999999997,-1413.4750000000001,33,82,103,59,11
train,0.25,294,-1,0.20200000000000007,115.92542210432606,92.70833333333334,1,1,0,0,201.79999999999998,23.47926199261993,225.27926199261992,429.0,-317.22499999999997,111.775,25,93,110,55,5
train,0.25,295,-1,0.1992857142857143,110.07432814796731,88.88888888888889,5,2,0,0,210.79999999999998,23.47926199261993,234.27926199261992,279.0,-303.725,-24.724999999999966,34,97,98,54,5
train,0.25,296,-1,0.19657142857142862,119.9997877318001,64.93055555555556,25,7,0,0,241.79999999999998,23.47926199261993,265.2792619926199,-450.0,-313.875,-763.875,45,86,83,63,11
train,0.25,297,-1,0.19385714285714295,89.86730254159234,51.041666666666664,84,8,0,0,254.1,23.47926199261993,277.57926199261993,-2034.0,-364.8,-2398.8,21,82,98,67,20
train,0.25,298,-1,0.19114285714285717,92.7500723991945,44.79166666666667,93,6,0,0,249.89999999999998,23.47926199261993,273.3792619926199,-2295.0,-355.09999999999997,-2650.1,20,87,99,66,16
train,0.25,299,-1,0.1884285714285714,195.68323036132642,31.25,0,0,1,1,114.8,23.47926199261993,138.27926199261992,-32.0,-238.7,-270.70000000000005,70,92,93,33,0
eval,0.25,299,0,0.0,111.33914774977855,90.97222222222221,2,2,0,0,220.39999999999998,23.47926199261993,243.87926199261992,384.0,-345.42499999999995,38.57499999999999,7,63,170,43,5
eval,0.25,299,1,0.0,87.93540657908432,51.041666666666664,113,7,0,0,280.3,23.47926199261993,303.7792619926199,-2643.0,-397.7499999999999,-3040.7499999999995,4,66,135,57,26
eval,0.25,299,2,0.0,154.05127623697183,82.98611111111111,0,0,0,0,179.7,23.47926199261993,203.17926199261993,429.0,-305.04999999999995,123.95,22,71,168,25,2
eval,0.25,299,3,0.0,130.65276455969348,57.986111111111114,51,5,0,0,261.3,23.47926199261993,284.7792619926199,-1059.0,-372.04999999999995,-1431.05,7,43,175,53,10
eval,0.25,299,4,0.0,123.1894380569151,60.416666666666664,74,5,0,0,246.79999999999995,23.47926199261993,270.27926199261987,-1560.0,-361.7,-1921.6999999999998,8,62,158,48,12
train,0.25,300,-1,0.18571428571428583,116.61983014621698,68.40277777777779,36,3,0,0,190.89999999999998,23.47926199261993,214.37926199261992,-666.0,-297.525,-963.5250000000001,36,99,105,39,9
train,0.25,301,-1,0.18300000000000005,180.8401154181102,49.30555555555556,0,0,0,0,143.0,23.47926199261993,166.47926199261994,138.0,-229.7,-91.69999999999999,72,115,68,29,4
train,0.25,302,-1,0.18028571428571427,223.80648970407455,10.069444444444445,0,0,13,2,121.6,23.47926199261993,145.07926199261993,-383.0,-237.3,-620.3,74,88,91,35,0
train,0.25,303,-1,0.1775714285714286,251.07630546703083,2.430555555555556,0,0,32,6,126.0,23.47926199261993,149.47926199261994,-715.0,-232.5,-947.5000000000001,80,79,97,32,0
train,0.25,304,-1,0.17485714285714293,100.64273053243873,75.0,35,7,0,0,198.7,23.47926199261993,222.17926199261993,-591.0,-323.17499999999995,-914.175,25,93,112,47,11
train,0.25,305,-1,0.17214285714285715,150.3231333504647,86.45833333333334,0,0,0,0,146.8,23.47926199261993,170.27926199261995,456.0,-265.85,190.14999999999998,53,96,97,40,2
train,0.25,306,-1,0.16942857142857137,220.52654118196327,26.041666666666668,0,0,39,6,126.0,23.47926199261993,149.47926199261994,-609.0,-242.125,-851.125,67,99,86,35,1
train,0.25,307,-1,0.16671428571428581,177.76212953382006,53.81944444444444,1,1,0,0,125.6,23.47926199261993,149.07926199261993,144.0,-234.525,-90.52499999999999,58,126,75,28,1
train,0.25,308,-1,0.16400000000000003,98.93091608209286,63.19444444444444,71,8,0,0,192.89999999999998,23.47926199261993,216.37926199261992,-1542.0,-274.59999999999997,-1816.6,39,110,102,33,4
train,0.25,309,-1,0.16128571428571425,201.69868414294467,25.0,0,0,0,0,137.2,23.47926199261993,160.67926199261993,-72.0,-231.52500000000003,-303.525,71,98,92,26,1
train,0.25,310,-1,0.1585714285714287,126.88711355611056,98.26388888888889,0,0,0,0,166.39999999999998,23.47926199261993,189.87926199261992,558.0,-241.75,316.25,45,134,88,19,2
train,0.25,311,-1,0.15585714285714292,209.9427963298807,27.083333333333332,0,0,0,0,139.2,23.47926199261993,162.67926199261993,-54.0,-234.79999999999998,-288.79999999999995,73,108,77,22,8
train,0.25,312,-1,0.15314285714285714,165.36787598807592,55.90277777777778,0,0,0,0,162.2,23.47926199261993,185.67926199261993,183.0,-238.25,-55.249999999999986,60,112,90,24,2
train,0.25,313,-1,0.15042857142857147,187.41559887067856,43.05555555555556,0,0,0,0,147.0,23.47926199261993,170.47926199261994,84.0,-238.5,-154.5,76,99,79,26,8
train,0.25,314,-1,0.1477142857142858,74.71027500609392,38.88888888888889,132,8,0,0,243.5,23.47926199261993,266.9792619926199,-3252.0,-344.25,-3596.25,29,85,97,59,18
train,0.25,315,-1,0.14500000000000002,122.2070783823789,45.83333333333333,70,6,0,0,181.5,23.47926199261993,204.97926199261994,-1671.0,-240.925,-1911.925,73,101,75,34,5
train,0.25,316,-1,0.14228571428571435,235.275033866141,14.930555555555555,0,0,42,1,96.89999999999999,23.47926199261993,120.37926199261992,-747.0,-146.65,-893.6500000000001,141,77,61,7,2
train,0.25,317,-1,0.13957142857142868,184.09409530718807,51.041666666666664,0,0,0,0,107.19999999999999,23.47926199261993,130.67926199261993,153.0,-204.7,-51.70000000000003,89,99,78,22,0
train,0.25,318,-1,0.1368571428571429,109.02967269705263,75.34722222222221,28,5,0,0,187.6,23.47926199261993,211.07926199261993,-438.0,-287.525,-725.525,31,96,124,36,1
train,0.25,319,-1,0.13414285714285712,84.53969592392185,43.75,124,6,0,0,240.89999999999998,23.47926199261993,264.3792619926199,-3000.0,-350.04999999999995,-3350.05,17,84,109,68,10
train,0.25,320,-1,0.13142857142857145,115.88754821526896,62.5,66,11,0,0,196.7,23.47926199261993,220.17926199261993,-1410.0,-273.95,-1683.9499999999996,59,92,90,37,10
train,0.25,321,-1,0.12871428571428578,290.5001590069453,8.680555555555555,0,0,182,11,121.19999999999999,23.47926199261993,144.67926199261993,-2761.0,-257.15,-3018.15,78,66,93,49,2
train,0.25,322,-1,0.126,150.07632495169608,85.41666666666666,0,0,0,0,180.5,23.47926199261993,203.97926199261994,450.0,-228.875,221.125,90,85,70,40,3
train,0.25,323,-1,0.12328571428571433,110.28419943160847,73.26388888888889,55,5,0,0,202.79999999999998,23.47926199261993,226.27926199261992,-1038.0,-283.825,-1321.8249999999998,53,101,82,39,13
train,0.25,324,-1,0.12057142857142866,137.96297072884258,67.01388888888889,11,5,0,0,173.29999999999998,23.47926199261993,196.77926199261992,-27.0,-266.025,-293.025,71,92,74,38,13
train,0.25,325,-1,0.11785714285714288,76.42541908790001,48.26388888888889,125,6,0,0,224.7,23.47926199261993,248.17926199261993,-2943.0,-368.97499999999997,-3311.975,7,81,123,62,15
train,0.25,326,-1,0.11514285714285721,236.71963543748927,6.597222222222222,0,0,1,1,127.6,23.47926199261993,151.07926199261993,-245.0,-188.64999999999998,-433.65000000000003,109,88,69,20,2
train,0.25,327,-1,0.11242857142857143,81.85515844951327,45.48611111111111,108,9,0,0,228.7,23.47926199261993,252.17926199261993,-2634.0,-360.19999999999993,-2994.2,18,83,104,67,16
train,0.25,328,-1,0.10971428571428576,95.23143244295308,46.52777777777778,89,11,0,0,192.89999999999998,23.47926199261993,216.37926199261992,-2160.0,-297.19999999999993,-2457.2,38,98,100,44,8
train,0.25,329,-1,0.1070000000000001,134.83691178272102,97.91666666666666,0,0,0,0,158.4,23.47926199261993,181.87926199261994,558.0,-247.2,310.79999999999995,51,115,93,29,0
train,0.25,330,-1,0.10428571428571431,103.5253515420954,63.19444444444444,74,5,0,0,228.89999999999998,23.47926199261993,252.37926199261992,-1608.0,-313.25,-1921.25,28,92,111,51,6
train,0.25,331,-1,0.10157142857142865,175.48193206500326,53.125,0,0,0,0,135.29999999999998,23.47926199261993,158.77926199261992,171.0,-187.17499999999998,-16.17500000000001,111,97,52,25,3
train,0.25,332,-1,0.09885714285714287,120.25733143998,81.59722222222221,20,4,0,0,153.2,23.47926199261993,176.67926199261993,-138.0,-227.075,-365.07499999999993,77,96,89,23,3
train,0.25,333,-1,0.0961428571428572,233.99143392820042,11.11111111111111,0,0,8,5,84.0,23.47926199261993,107.47926199261993,-304.0,-156.95,-460.94999999999993,129,88,60,9,2
train,0.25,334,-1,0.09342857142857142,130.13338892043987,49.65277777777778,39,9,0,0,142.8,23.47926199261993,166.27926199261995,-903.0,-179.55,-1082.55,103,115,52,16,2
train,0.25,335,-1,0.09071428571428575,228.8879832920424,1.3888888888888888,0,0,1,1,111.19999999999999,23.47926199261993,134.67926199261993,-290.0,-224.475,-514.4749999999999,101,73,74,33,7
train,0.25,336,-1,0.08800000000000008,289.9372888108376,5.555555555555555,0,0,132,8,132.6,23.47926199261993,156.07926199261993,-2088.0,-242.5,-2330.5,93,60,94,33,8
train,0.25,337,-1,0.0852857142857143,118.44211900354377,73.95833333333334,41,3,0,0,156.0,23.47926199261993,179.47926199261994,-702.0,-197.39999999999998,-899.4,94,103,68,23,0
train,0.25,338,-1,0.08257142857142863,269.0764791972713,6.597222222222222,0,0,120,12,88.0,23.47926199261993,111.47926199261993,-1911.0,-160.39999999999998,-2071.3999999999996,115,107,57,9,0
train,0.25,339,-1,0.07985714285714296,211.26007452168753,26.041666666666668,0,0,17,1,93.6,23.47926199261993,117.07926199261992,-301.0,-145.975,-446.975,138,95,41,11,3
train,0.25,340,-1,0.07714285714285718,111.43319605586137,35.06944444444444,96,12,0,0,167.6,23.47926199261993,191.07926199261993,-2403.0,-305.92499999999995,-2708.9249999999997,56,79,80,60,13
train,0.25,341,-1,0.0744285714285714,180.2082712604936,34.375,25,2,0,0,143.59999999999997,23.47926199261993,167.0792619926199,-618.0,-201.45,-819.45,96,102,62,26,2
train,0.25,342,-1,0.07171428571428584,103.5759928988677,80.90277777777779,9,5,0,0,183.2,23.47926199261993,206.67926199261993,72.0,-311.025,-239.02500000000003,25,104,107,43,9
train,0.25,343,-1,0.06900000000000006,192.51989646719343,51.041666666666664,0,0,3,2,108.8,23.47926199261993,132.27926199261992,111.0,-115.10000000000001,-4.099999999999973,162,82,37,7,0
train,0.25,344,-1,0.06628571428571428,258.7975820786761,13.194444444444445,0,0,81,10,121.19999999999999,23.47926199261993,144.67926199261993,-1308.0,-220.60000000000002,-1528.6,86,87,91,20,4
train,0.25,345,-1,0.06357142857142861,79.91253626431396,39.93055555555556,111,13,0,0,179.29999999999998,23.47926199261993,202.77926199261992,-2793.0,-283.42499999999995,-3076.4249999999993,28,124,97,34,5
train,0.25,346,-1,0.06085714285714294,158.69967939408238,73.95833333333334,2,1,0,0,122.79999999999998,23.47926199261993,146.27926199261992,297.0,-172.8,124.19999999999999,120,87,60,21,0
train,0.25,347,-1,0.05814285714285716,158.31044698545534,63.19444444444444,0,0,0,0,118.39999999999999,23.47926199261993,141.87926199261992,258.0,-163.89999999999998,94.10000000000001,114,108,53,13,0
train,0.25,348,-1,0.05542857142857138,217.36055045824844,26.041666666666668,0,0,3,3,99.6,23.47926199261993,123.07926199261992,-105.0,-149.55,-254.54999999999998,142,80,49,15,2
train,0.25,349,-1,0.052714285714285825,106.4474722281841,74.65277777777779,54,6,0,0,145.3,23.47926199261993,168.77926199261995,-996.0,-212.35,-1208.35,72,121,79,14,2
eval,0.25,349,0,0.0,174.48172948885636,60.416666666666664,0,0,0,0,114.79999999999998,23.47926199261993,138.27926199261992,234.0,-135.8,98.2,147,78,55,8,0
eval,0.25,349,1,0.0,70.9499569412509,27.77777777777778,158,12,0,0,212.39999999999998,23.47926199261993,235.87926199261992,-3990.0,-328.17499999999995,-4318.174999999999,21,73,136,55,3
eval,0.25,349,2,0.0,216.20752437879,31.944444444444443,0,0,22,2,96.4,23.47926199261993,119.87926199261993,-320.0,-100.0,-420.00000000000006,178,71,34,5,0
eval,0.25,349,3,0.0,286.6426224438965,0.6944444444444444,0,0,142,8,84.0,23.47926199261993,107.47926199261993,-2270.0,-114.125,-2384.125,167,73,42,5,1
eval,0.25,349,4,0.0,99.83251285575437,61.458333333333336,60,7,0,0,160.39999999999998,23.47926199261993,183.87926199261992,-1344.0,-242.825,-1586.825,65,87,111,24,1
train,0.25,350,-1,0.050000000000000044,138.7025972174734,92.36111111111111,0,0,0,0,122.0,23.47926199261993,145.47926199261994,510.0,-160.89999999999998,349.1,119,102,54,13,0
train,0.25,351,-1,0.050000000000000044,104.65024896028694,80.20833333333334,44,1,0,0,145.2,23.47926199261993,168.67926199261993,-690.0,-202.77499999999998,-892.7749999999999,96,99,67,23,3
train,0.25,352,-1,0.050000000000000044,191.0064466529583,30.208333333333332,0,0,0,0,163.39999999999998,23.47926199261993,186.87926199261992,-27.0,-205.95000000000002,-232.95,93,96,74,23,2
train,0.25,353,-1,0.050000000000000044,80.15131497711643,46.18055555555556,110,11,0,0,178.5,23.47926199261993,201.97926199261994,-2664.0,-286.7,-2950.7,31,112,103,38,4
train,0.25,354,-1,0.050000000000000044,207.36047053049754,34.02777777777778,4,1,1,1,100.39999999999999,23.47926199261993,123.87926199261992,-119.0,-144.22500000000002,-263.22499999999997,132,101,46,8,1
train,0.25,355,-1,0.050000000000000044,193.57357860894768,37.84722222222222,0,0,0,0,92.79999999999998,23.47926199261993,116.27926199261991,39.0,-137.3,-98.30000000000001,148,81,45,14,0
train,0.25,356,-1,0.050000000000000044,210.93388497191816,56.59722222222222,0,0,78,4,99.19999999999999,23.47926199261993,122.67926199261991,-891.0,-149.125,-1040.125,140,79,55,13,1
train,0.25,357,-1,0.050000000000000044,132.13062180312423,78.81944444444444,26,3,0,0,151.6,23.47926199261993,175.07926199261993,-255.0,-245.45,-500.44999999999993,65,101,85,35,2
train,0.25,358,-1,0.050000000000000044,210.40005312461187,40.625,0,0,16,4,129.3,23.47926199261993,152.77926199261995,-161.0,-235.325,-396.32500000000005,92,82,71,34,9
train,0.25,359,-1,0.050000000000000044,217.30027484926202,42.01388888888889,0,0,64,5,99.6,23.47926199261993,123.07926199261992,-821.0,-155.5,-976.4999999999999,136,86,50,12,4
train,0.25,360,-1,0.050000000000000044,200.52858746881373,31.59722222222222,0,0,0,0,88.0,23.47926199261993,111.47926199261993,-15.0,-136.3,-151.29999999999998,142,89,49,8,0
train,0.25,361,-1,0.050000000000000044,208.25269793421984,22.569444444444446,0,0,0,0,86.0,23.47926199261993,109.47926199261993,-93.0,-131.39999999999998,-224.40000000000003,142,96,44,6,0
train,0.25,362,-1,0.050000000000000044,281.398121447938,9.375,0,0,157,6,114.0,23.47926199261993,137.47926199261994,-2405.0,-227.125,-2632.125,111,85,47,24,21
train,0.25,363,-1,0.050000000000000044,172.83181279409504,48.26388888888889,0,0,0,0,110.0,23.47926199261993,133.47926199261994,126.0,-182.7,-56.69999999999996,100,97,83,8,0
train,0.25,364,-1,0.050000000000000044,204.24405843123614,21.180555555555554,0,0,8,1,82.39999999999999,23.47926199261993,105.87926199261992,-217.0,-131.79999999999998,-348.80000000000007,141,92,53,2,0
train,0.25,365,-1,0.050000000000000044,181.15011679661396,50.0,0,0,0,0,100.39999999999999,23.47926199261993,123.87926199261992,144.0,-136.0,7.999999999999986,136,104,40,8,0
train,0.25,366,-1,0.050000000000000044,105.07707412443746,77.43055555555556,26,5,0,0,148.39999999999998,23.47926199261993,171.87926199261992,-354.0,-242.89999999999998,-596.9,60,109,85,34,0
train,0.25,367,-1,0.050000000000000044,114.0926794984253,68.75,32,6,0,0,152.8,23.47926199261993,176.27926199261995,-576.0,-249.27499999999998,-825.2750000000001,83,68,89,45,3
train,0.25,368,-1,0.050000000000000044,220.20181965688332,6.944444444444445,0,0,0,0,96.0,23.47926199261993,119.47926199261993,-228.0,-175.70000000000002,-403.69999999999993,109,95,72,12,0
train,0.25,369,-1,0.050000000000000044,111.15023713211556,49.30555555555556,62,12,0,0,171.2,23.47926199261993,194.67926199261993,-1515.0,-286.425,-1801.4250000000002,49,76,111,51,1
train,0.25,370,-1,0.050000000000000044,107.2894513018694,63.19444444444444,59,8,0,0,165.2,23.47926199261993,188.67926199261993,-1299.0,-265.15,-1564.15,48,101,103,34,2
train,0.25,371,-1,0.050000000000000044,176.0648623850861,52.083333333333336,0,0,0,0,105.19999999999999,23.47926199261993,128.67926199261993,162.0,-165.25,-3.2500000000000213,126,87,58,15,2
train,0.25,372,-1,0.050000000000000044,163.88464438569062,73.26388888888889,0,0,0,0,122.39999999999999,23.47926199261993,145.87926199261992,345.0,-196.97500000000002,148.025,111,83,62,29,3
train,0.25,373,-1,0.050000000000000044,102.53871896845996,60.763888888888886,64,11,0,0,188.0,23.47926199261993,211.47926199261994,-1443.0,-277.54999999999995,-1720.55,67,81,75,59,6
train,0.25,374,-1,0.050000000000000044,194.0092320053732,27.77777777777778,0,0,0,0,101.19999999999999,23.47926199261993,124.67926199261991,-48.0,-164.775,-212.77499999999998,116,106,55,8,3
train,0.25,375,-1,0.050000000000000044,116.89157888134511,97.91666666666666,0,0,0,0,140.39999999999998,23.47926199261993,163.87926199261992,540.0,-190.34999999999997,349.65000000000003,110,92,57,27,2
train,0.25,376,-1,0.050000000000000044,155.13458440549937,79.16666666666666,0,0,0,0,107.19999999999999,23.47926199261993,130.67926199261993,396.0,-160.60000000000002,235.39999999999998,116,107,54,11,0
train,0.25,377,-1,0.050000000000000044,126.00225811022311,82.98611111111111,3,2,0,0,134.79999999999998,23.47926199261993,158.27926199261992,267.0,-190.82500000000002,76.175,94,106,74,13,1
train,0.25,378,-1,0.050000000000000044,172.60205130497246,55.208333333333336,0,0,0,0,86.79999999999998,23.47926199261993,110.27926199261991,189.0,-141.6,47.4,127,106,53,2,0
train,0.25,379,-1,0.050000000000000044,132.2074410754318,79.51388888888889,38,4,0,0,116.79999999999998,23.47926199261993,140.27926199261992,-537.0,-175.4,-712.4000000000001,102,111,64,11,0
train,0.25,380,-1,0.050000000000000044,175.02738319763895,56.94444444444444,0,0,0,0,90.8,23.47926199261993,114.27926199261992,204.0,-128.2,75.8,137,106,45,0,0
train,0.25,381,-1,0.050000000000000044,274.98128362664,9.375,0,0,147,4,89.99999999999999,23.47926199261993,113.47926199261991,-2265.0,-143.9,-2408.9,128,113,35,12,0
train,0.25,382,-1,0.050000000000000044,115.25532726264868,84.72222222222221,16,5,0,0,121.6,23.47926199261993,145.07926199261993,-24.0,-190.39999999999998,-214.39999999999995,96,101,76,15,0
train,0.25,383,-1,0.050000000000000044,124.2827426395217,77.77777777777779,4,3,0,0,136.0,23.47926199261993,159.47926199261994,183.0,-188.5,-5.5,86,126,63,13,0
train,0.25,384,-1,0.050000000000000044,142.4731126805926,76.38888888888889,7,1,0,0,108.0,23.47926199261993,131.47926199261994,177.0,-161.25,15.750000000000028,119,109,45,13,2
train,0.25,385,-1,0.050000000000000044,177.82462828596917,54.513888888888886,0,0,0,0,90.8,23.47926199261993,114.27926199261992,183.0,-148.2,34.80000000000004,128,103,46,11,0
train,0.25,386,-1,0.050000000000000044,96.20858197711257,53.125,76,11,0,0,158.79999999999998,23.47926199261993,182.27926199261992,-1821.0,-234.45,-2055.45,60,121,80,25,2
train,0.25,387,-1,0.050000000000000044,249.99692647801547,25.0,0,0,118,7,134.6,23.47926199261993,158.07926199261993,-1724.0,-196.75,-1920.7500000000002,105,87,70,24,2
train,0.25,388,-1,0.050000000000000044,201.76843405283898,35.76388888888889,0,0,0,0,126.6,23.47926199261993,150.07926199261993,21.0,-177.175,-156.17499999999995,111,103,56,15,3
train,0.25,389,-1,0.050000000000000044,174.25294335182636,47.56944444444444,2,2,0,0,118.79999999999998,23.47926199261993,142.27926199261992,30.0,-208.4,-178.39999999999998,77,112,83,16,0
train,0.25,390,-1,0.050000000000000044,235.35422157314463,39.93055555555556,0,0,98,1,174.8,23.47926199261993,198.27926199261995,-1333.0,-211.95,-1544.9499999999998,92,99,70,21,6
train,0.25,391,-1,0.050000000000000044,89.45891505804474,56.59722222222222,84,4,0,0,204.89999999999998,23.47926199261993,228.37926199261992,-1938.0,-293.82499999999993,-2231.8249999999994,23,111,111,42,1
train,0.25,392,-1,0.050000000000000044,137.4662550117797,87.15277777777779,0,0,0,0,102.39999999999999,23.47926199261993,125.87926199261992,450.0,-155.10000000000002,294.9,125,102,46,15,0
train,0.25,393,-1,0.050000000000000044,128.47291597287077,95.48611111111111,0,0,0,0,117.19999999999999,23.47926199261993,140.67926199261993,519.0,-159.8,359.20000000000005,106,127,48,7,0
train,0.25,394,-1,0.050000000000000044,116.93566937648454,65.97222222222221,52,5,0,0,154.5,23.47926199261993,177.97926199261994,-1008.0,-237.65,-1245.6499999999999,65,111,79,31,2
train,0.25,395,-1,0.050000000000000044,158.8617269947624,70.13888888888889,0,0,0,0,81.19999999999999,23.47926199261993,104.67926199261991,318.0,-112.5,205.5,153,99,36,0,0
train,0.25,396,-1,0.050000000000000044,225.1911059959824,21.52777777777778,0,0,13,4,100.1,23.47926199261993,123.57926199261992,-284.0,-135.72500000000002,-419.725,149,80,48,10,1
train,0.25,397,-1,0.050000000000000044,203.18303321069132,32.29166666666667,0,0,1,1,87.6,23.47926199261993,111.07926199261992,-23.0,-133.0,-156.0,148,84,46,10,0
train,0.25,398,-1,0.050000000000000044,113.76889568935174,69.79166666666666,63,6,0,0,151.6,23.47926199261993,175.07926199261993,-1251.0,-248.225,-1499.2250000000001,73,92,73,49,1
train,0.25,399,-1,0.050000000000000044,282.74722109108626,2.7777777777777777,0,0,135,1,74.8,23.47926199261993,98.27926199261992,-2154.0,-131.14999999999998,-2285.15,152,83,43,8,2
eval,0.25,399,0,0.0,77.0974093693361,34.375,139,10,0,0,177.59999999999997,23.47926199261993,201.0792619926199,-3462.0,-252.825,-3714.825,49,111,99,28,1
eval,0.25,399,1,0.0,177.7565666669706,48.26388888888889,0,0,0,0,80.39999999999999,23.47926199261993,103.87926199261992,129.0,-123.9,5.1000000000000085,146,100,37,5,0
eval,0.25,399,2,0.0,176.42153705686044,48.61111111111111,0,0,0,0,123.6,23.47926199261993,147.07926199261993,99.0,-188.7,-89.69999999999997,107,92,64,25,0
eval,0.25,399,3,0.0,303.67014678511737,15.625,0,0,177,1,98.39999999999999,23.47926199261993,121.87926199261992,-2631.0,-202.35000000000002,-2833.3500000000004,136,56,38,52,6
eval,0.25,399,4,0.0,171.44164113816643,64.93055555555556,0,0,0,0,90.0,23.47926199261993,113.47926199261993,273.0,-123.6,149.4,145,103,35,5,0
train,0.25,400,-1,0.050000000000000044,196.77794740330714,36.80555555555556,0,0,0,0,100.39999999999999,23.47926199261993,123.87926199261992,30.0,-159.625,-129.625,118,108,50,11,1
train,0.25,401,-1,0.050000000000000044,108.14146334992881,66.66666666666666,57,8,0,0,199.39999999999998,23.47926199261993,222.87926199261992,-1164.0,-256.075,-1420.075,83,81,71,42,11
train,0.25,402,-1,0.050000000000000044,222.98178606408914,17.01388888888889,0,0,18,2,95.19999999999999,23.47926199261993,118.67926199261991,-393.0,-146.3,-539.3000000000001,129,103,46,10,0
train,0.25,403,-1,0.050000000000000044,86.34423539369365,43.75,125,7,0,0,163.2,23.47926199261993,186.67926199261993,-3015.0,-217.37499999999997,-3232.3749999999995,90,87,83,25,3
train,0.25,404,-1,0.050000000000000044,284.4533993851758,2.7777777777777777,0,0,149,1,78.0,23.47926199261993,101.47926199261993,-2350.0,-151.625,-2501.625,140,81,48,18,1
train,0.25,405,-1,0.050000000000000044,174.62027823303814,64.93055555555556,0,0,0,0,83.19999999999999,23.47926199261993,106.67926199261991,273.0,-128.625,144.375,136,117,30,4,1
train,0.25,406,-1,0.050000000000000044,103.16674776894467,43.40277777777778,94,5,0,0,188.5,23.47926199261993,211.97926199261994,-2277.0,-267.47499999999997,-2544.475,68,83,85,45,7
train,0.25,407,-1,0.050000000000000044,119.11607187315829,55.55555555555556,51,5,0,0,144.79999999999998,23.47926199261993,168.27926199261992,-1116.0,-216.5,-1332.5,81,103,76,28,0
train,0.25,408,-1,0.050000000000000044,235.14151485165206,5.555555555555555,0,0,7,3,80.4,23.47926199261993,103.87926199261993,-338.0,-129.9,-467.9,128,127,31,2,0
train,0.25,409,-1,0.050000000000000044,308.84072230699763,3.4722222222222223,0,0,189,5,88.39999999999999,23.47926199261993,111.87926199261992,-2904.0,-168.57500000000002,-3072.5750000000003,128,99,36,18,7
train,0.25,410,-1,0.050000000000000044,91.65181890208669,57.291666666666664,71,12,0,0,174.6,23.47926199261993,198.07926199261993,-1653.0,-254.6,-1907.6000000000001,55,113,82,34,4
train,0.25,411,-1,0.050000000000000044,154.8637905303806,80.55555555555556,0,0,0,0,103.19999999999999,23.47926199261993,126.67926199261991,408.0,-123.0,285.0,145,100,41,2,0
train,0.25,412,-1,0.050000000000000044,95.28505233177762,43.75,98,14,0,0,194.79999999999995,23.47926199261993,218.2792619926199,-2397.0,-294.625,-2691.625,42,89,103,49,5
train,0.25,413,-1,0.050000000000000044,255.519539376219,21.180555555555554,0,0,139,4,103.6,23.47926199261993,127.07926199261992,-2051.0,-157.0,-2208.0,128,98,42,20,0
train,0.25,414,-1,0.050000000000000044,229.5814470163172,8.680555555555555,0,0,25,3,73.99999999999999,23.47926199261993,97.47926199261991,-563.0,-87.0,-650.0,186,75,24,3,0
train,0.25,415,-1,0.050000000000000044,247.51049650869123,15.972222222222221,0,0,62,3,68.39999999999999,23.47926199261993,91.87926199261992,-1018.0,-97.19999999999999,-1115.1999999999998,169,94,23,2,0
train,0.25,416,-1,0.050000000000000044,109.82784187720375,64.58333333333334,66,6,0,0,147.2,23.47926199261993,170.67926199261993,-1398.0,-241.44999999999996,-1639.4499999999998,75,92,79,40,2
train,0.25,417,-1,0.050000000000000044,198.73695678666846,38.88888888888889,0,0,32,1,104.39999999999999,23.47926199261993,127.87926199261992,-400.0,-142.4,-542.4,144,93,28,23,0
train,0.25,418,-1,0.050000000000000044,107.9185721284066,70.13888888888889,36,3,0,0,171.0,23.47926199261993,194.47926199261994,-651.0,-235.05,-886.05,62,115,84,25,2
train,0.25,419,-1,0.050000000000000044,79.29976526866747,49.30555555555556,80,11,0,0,185.29999999999998,23.47926199261993,208.77926199261992,-1980.0,-312.9,-2292.9,32,95,99,54,8
train,0.25,420,-1,0.050000000000000044,150.4448757246596,48.95833333333333,41,1,0,0,132.6,23.47926199261993,156.07926199261993,-858.0,-207.225,-1065.225,98,100,57,28,5
train,0.25,421,-1,0.050000000000000044,287.61922739584094,4.166666666666666,0,0,157,20,78.8,23.47926199261993,102.27926199261992,-2450.0,-128.9,-2578.9,139,104,42,3,0
train,0.25,422,-1,0.050000000000000044,179.71072758979335,65.97222222222221,0,0,22,1,95.6,23.47926199261993,119.07926199261992,-26.0,-128.0,-153.99999999999997,149,86,47,6,0
train,0.25,423,-1,0.050000000000000044,93.86340559123674,73.95833333333334,42,8,0,0,207.29999999999998,23.47926199261993,230.77926199261992,-756.0,-315.92499999999995,-1071.925,19,103,111,50,5
train,0.25,424,-1,0.050000000000000044,198.3745486421137,37.15277777777778,0,0,1,1,78.39999999999999,23.47926199261993,101.87926199261992,19.0,-102.5,-83.50000000000001,159,106,22,1,0
train,0.25,425,-1,0.050000000000000044,241.52168583809686,8.333333333333332,0,0,35,9,61.599999999999994,23.47926199261993,85.07926199261992,-706.0,-72.49999999999999,-778.5,199,70,18,1,0
train,0.25,426,-1,0.050000000000000044,74.13528881241254,30.90277777777778,158,11,0,0,196.8,23.47926199261993,220.27926199261995,-3933.0,-328.94999999999993,-4261.95,16,95,116,55,6
train,0.25,427,-1,0.050000000000000044,93.22086139754876,55.208333333333336,102,6,0,0,188.5,23.47926199261993,211.97926199261994,-2340.0,-320.95,-2660.95,28,92,100,62,6
train,0.25,428,-1,0.050000000000000044,125.9109343542138,63.541666666666664,58,4,0,0,148.6,23.47926199261993,172.07926199261993,-1176.0,-207.8,-1383.8,105,88,63,24,8
train,0.25,429,-1,0.050000000000000044,145.11868455953467,90.625,0,0,0,0,122.39999999999998,23.47926199261993,145.87926199261992,495.0,-152.3,342.70000000000005,124,110,39,15,0
train,0.25,430,-1,0.050000000000000044,91.23128945544919,46.18055555555556,119,5,0,0,178.5,23.47926199261993,201.97926199261994,-2823.0,-272.59999999999997,-3095.5999999999995,55,91,94,44,4
train,0.25,431,-1,0.050000000000000044,267.54140046739457,7.291666666666667,0,0,108,5,72.0,23.47926199261993,95.47926199261993,-1737.0,-106.9,-1843.9,165,87,32,4,0
train,0.25,432,-1,0.050000000000000044,164.8409182603874,72.56944444444444,0,0,0,0,108.79999999999998,23.47926199261993,132.27926199261992,339.0,-130.60000000000002,208.39999999999998,140,101,42,5,0
train,0.25,433,-1,0.050000000000000044,138.5127733973943,66.66666666666666,19,4,0,0,158.1,23.47926199261993,181.57926199261993,-231.0,-196.375,-427.375,100,105,55,25,3
train,0.25,434,-1,0.050000000000000044,136.4637786542618,98.26388888888889,0,0,0,0,131.2,23.47926199261993,154.67926199261993,561.0,-240.39999999999998,320.6,53,128,75,32,0
train,0.25,435,-1,0.050000000000000044,116.99366633150147,90.27777777777779,12,1,0,0,171.7,23.47926199261993,195.17926199261993,171.0,-311.9,-140.89999999999998,32,97,97,54,8
train,0.25,436,-1,0.050000000000000044,185.79748689732844,43.05555555555556,0,0,0,0,104.0,23.47926199261993,127.47926199261993,84.0,-141.1,-57.10000000000002,129,112,38,9,0
train,0.25,437,-1,0.050000000000000044,183.75028896905673,48.26388888888889,0,0,0,0,127.19999999999999,23.47926199261993,150.67926199261993,129.0,-170.6,-41.599999999999994,110,114,44,20,0
train,0.25,438,-1,0.050000000000000044,106.36002446449447,67.01388888888889,54,9,0,0,185.2,23.47926199261993,208.67926199261993,-1128.0,-269.75,-1397.75,68,83,80,51,6
train,0.25,439,-1,0.050000000000000044,221.3105173906778,16.666666666666664,0,0,14,3,74.79999999999998,23.47926199261993,98.27926199261991,-340.0,-82.3,-422.3,180,96,11,1,0
train,0.25,440,-1,0.050000000000000044,203.16887187125937,39.58333333333333,0,0,0,0,105.19999999999999,23.47926199261993,128.67926199261993,54.0,-133.8,-79.80000000000001,145,84,53,6,0
train,0.25,441,-1,0.050000000000000044,169.0833923646565,64.58333333333334,0,0,0,0,149.3,23.47926199261993,172.77926199261995,270.0,-181.15,88.85,94,125,57,10,2
train,0.25,442,-1,0.050000000000000044,142.92489681981613,86.80555555555556,1,1,0,0,139.60000000000002,23.47926199261993,163.07926199261996,408.0,-166.025,241.97500000000002,120,103,44,20,1
train,0.25,443,-1,0.050000000000000044,113.26142108600038,72.22222222222221,42,7,0,0,183.6,23.47926199261993,207.07926199261993,-780.0,-236.02499999999998,-1016.0250000000001,88,86,67,42,5
train,0.25,444,-1,0.050000000000000044,155.1985698273633,57.638888888888886,12,4,0,0,104.39999999999998,23.47926199261993,127.8792619926199,-120.0,-124.79999999999998,-244.8,146,101,34,7,0
train,0.25,445,-1,0.050000000000000044,157.61406826468834,74.65277777777779,0,0,0,0,104.39999999999999,23.47926199261993,127.87926199261992,357.0,-121.82500000000002,235.175,148,106,26,7,1
train,0.25,446,-1,0.050000000000000044,213.97982079418787,9.722222222222223,0,0,1,1,69.99999999999999,23.47926199261993,93.47926199261991,-218.0,-102.6,-320.6,162,100,24,2,0
train,0.25,447,-1,0.050000000000000044,108.37015648760733,76.73611111111111,39,3,0,0,235.0,23.47926199261993,258.4792619926199,-618.0,-352.09999999999997,-970.1,23,76,100,81,8
train,0.25,448,-1,0.050000000000000044,132.0075204896288,100.0,0,0,0,0,155.99999999999997,23.47926199261993,179.4792619926199,576.0,-213.425,362.575,101,86,57,43,1
train,0.25,449,-1,0.050000000000000044,133.01323888036362,95.48611111111111,2,2,0,0,202.29999999999998,23.47926199261993,225.77926199261992,462.0,-278.45,183.55000000000004,69,87,65,57,10
eval,0.25,449,0,0.0,99.66338265347964,67.01388888888889,64,7,0,0,199.0,23.47926199261993,222.47926199261994,-1338.0,-266.0,-1604.0,48,107,95,34,4
eval,0.25,449,1,0.0,172.0824383019539,58.333333333333336,0,0,0,0,97.6,23.47926199261993,121.07926199261992,216.0,-140.1,75.9,126,124,27,11,0
eval,0.25,449,2,0.0,157.57872777794606,78.47222222222221,0,0,0,0,88.79999999999998,23.47926199261993,112.27926199261991,390.0,-107.4,282.6,152,113,22,1,0
eval,0.25,449,3,0.0,210.29486841815637,12.152777777777777,0,0,0,0,64.39999999999999,23.47926199261993,87.87926199261992,-183.0,-93.2,-276.2,162,116,10,0,0
eval,0.25,449,4,0.0,123.34284628260144,63.19444444444444,29,7,0,0,168.29999999999998,23.47926199261993,191.77926199261992,-522.0,-244.54999999999998,-766.5500000000001,65,114,71,32,6
train,0.25,450,-1,0.050000000000000044,152.8856536033179,80.90277777777779,0,0,0,0,106.0,23.47926199261993,129.47926199261994,411.0,-143.6,267.4,127,116,33,12,0
train,0.25,451,-1,0.050000000000000044,137.77188519554957,79.51388888888889,1,1,0,0,190.7,23.47926199261993,214.17926199261993,354.0,-263.55,90.45,73,89,65,55,6
train,0.25,452,-1,0.050000000000000044,242.83552058594017,8.680555555555555,0,0,68,6,162.1,23.47926199261993,185.57926199261993,-1165.0,-205.22500000000002,-1370.2250000000001,95,114,51,19,9
train,0.25,453,-1,0.050000000000000044,271.72574373753054,0.3472222222222222,0,0,64,11,72.0,23.47926199261993,95.47926199261993,-1181.0,-141.0,-1322.0,143,80,55,10,0
train,0.25,454,-1,0.050000000000000044,245.01732171996537,6.25,0,0,27,4,69.19999999999999,23.47926199261993,92.67926199261991,-612.0,-100.39999999999999,-712.4,178,66,42,2,0
train,0.25,455,-1,0.050000000000000044,100.70433958078384,78.47222222222221,35,4,0,0,212.89999999999998,23.47926199261993,236.37926199261992,-528.0,-336.22499999999997,-864.2250000000001,19,82,118,64,5
train,0.25,456,-1,0.050000000000000044,273.2550735117607,3.125,0,0,104,1,90.0,23.47926199261993,113.47926199261993,-1717.0,-151.0,-1868.0,108,137,38,5,0
train,0.25,457,-1,0.050000000000000044,183.80864694969512,40.27777777777778,0,0,0,0,110.0,23.47926199261993,133.47926199261994,60.0,-104.725,-44.72500000000001,168,88,27,4,1
train,0.25,458,-1,0.050000000000000044,123.94870463636344,54.513888888888886,56,6,0,0,172.7,23.47926199261993,196.17926199261993,-1233.0,-213.67499999999995,-1446.675,107,76,68,30,7
train,0.25,459,-1,0.050000000000000044,193.77235922259905,49.30555555555556,0,0,19,4,74.0,23.47926199261993,97.47926199261993,-128.0,-95.69999999999999,-223.7,173,86,28,1,0
train,0.25,460,-1,0.050000000000000044,166.78548357860447,65.625,0,0,0,0,99.69999999999999,23.47926199261993,123.17926199261991,279.0,-153.85000000000002,125.14999999999998,124,109,42,11,2
train,0.25,461,-1,0.050000000000000044,116.37232043984017,62.5,57,3,0,0,221.0,23.47926199261993,244.47926199261994,-1179.0,-325.5,-1504.4999999999998,48,72,84,72,12
train,0.25,462,-1,0.050000000000000044,268.4371198796505,17.36111111111111,0,0,136,2,72.0,23.47926199261993,95.47926199261993,-2042.0,-100.19999999999999,-2142.2000000000003,179,64,43,2,0
train,0.25,463,-1,0.050000000000000044,120.3201365725384,92.01388888888889,2,2,0,0,205.5,23.47926199261993,228.97926199261994,396.0,-300.29999999999995,95.70000000000002,49,92,69,74,4
train,0.25,464,-1,0.050000000000000044,242.7353778239227,13.194444444444445,0,0,35,3,76.79999999999998,23.47926199261993,100.27926199261991,-664.0,-125.89999999999998,-789.9,149,86,50,3,0
train,0.25,465,-1,0.050000000000000044,87.78928106199825,48.61111111111111,101,12,0,0,231.4,23.47926199261993,254.87926199261994,-2433.0,-327.5,-2760.5,22,94,107,57,8
train,0.25,466,-1,0.050000000000000044,123.78650897163743,80.90277777777779,17,2,0,0,255.4,23.47926199261993,278.87926199261994,-36.0,-350.95,-386.95,32,63,103,80,10
train,0.25,467,-1,0.050000000000000044,221.63185804473522,29.86111111111111,0,0,32,3,92.1,23.47926199261993,115.57926199261992,-478.0,-127.32499999999999,-605.325,143,107,30,7,1
train,0.25,468,-1,0.050000000000000044,318.02973296211184,0.3472222222222222,0,0,159,5,61.599999999999994,23.47926199261993,85.07926199261992,-2511.0,-121.0,-2632.0000000000005,156,79,50,3,0
train,0.25,469,-1,0.050000000000000044,90.96867509654152,60.763888888888886,76,7,0,0,237.99999999999997,23.47926199261993,261.4792619926199,-1698.0,-375.0,-2073.0,19,65,111,77,16
train,0.25,470,-1,0.050000000000000044,158.72565563143908,77.77777777777779,0,0,0,0,96.39999999999999,23.47926199261993,119.87926199261992,384.0,-111.0,272.99999999999994,151,111,23,3,0
train,0.25,471,-1,0.050000000000000044,205.96452367407068,23.26388888888889,0,0,0,0,72.8,23.47926199261993,96.27926199261992,-87.0,-102.7,-189.7,157,109,22,0,0
train,0.25,472,-1,0.050000000000000044,272.97842065687644,8.680555555555555,0,0,105,8,55.99999999999999,23.47926199261993,79.47926199261993,-1683.0,-99.29999999999998,-1782.3,177,72,36,3,0
train,0.25,473,-1,0.050000000000000044,313.7231943762026,10.069444444444445,0,0,211,6,69.19999999999999,23.47926199261993,92.67926199261991,-3155.0,-130.5,-3285.5,159,64,54,11,0
train,0.25,474,-1,0.050000000000000044,182.42990785010952,48.95833333333333,0,0,0,0,104.39999999999998,23.47926199261993,127.8792619926199,135.0,-157.02499999999998,-22.025000000000006,132,88,50,17,1
train,0.25,475,-1,0.050000000000000044,217.19249576464335,33.33333333333333,0,0,57,1,96.89999999999999,23.47926199261993,120.37926199261992,-798.0,-133.64999999999998,-931.6499999999999,135,116,29,6,2
train,0.25,476,-1,0.050000000000000044,117.07881404651327,67.36111111111111,29,4,0,0,271.2,23.47926199261993,294.6792619926199,-492.0,-307.67499999999995,-799.675,55,80,82,56,15
train,0.25,477,-1,0.050000000000000044,320.9429657326286,6.944444444444445,0,0,193,2,74.8,23.47926199261993,98.27926199261992,-2930.0,-98.8,-3028.8,173,84,27,4,0
train,0.25,478,-1,0.050000000000000044,289.9908374874632,17.36111111111111,0,0,156,3,57.99999999999999,23.47926199261993,81.47926199261993,-2322.0,-70.89999999999999,-2392.9,207,54,26,1,0
train,0.25,479,-1,0.050000000000000044,161.2899034302896,80.20833333333334,0,0,0,0,89.99999999999999,23.47926199261993,113.47926199261991,405.0,-123.39999999999999,281.6,139,122,19,8,0
train,0.25,480,-1,0.050000000000000044,139.9639061960199,79.51388888888889,20,1,0,0,147.3,23.47926199261993,170.77926199261995,-96.0,-215.14999999999998,-311.1500000000001,83,117,59,23,6
train,0.25,481,-1,0.050000000000000044,132.7420437021074,80.55555555555556,19,2,0,0,180.2,23.47926199261993,203.67926199261993,-72.0,-249.84999999999997,-321.85,76,98,61,47,6
train,0.25,482,-1,0.050000000000000044,91.92624739587143,63.888888888888886,52,9,0,0,247.6,23.47926199261993,271.07926199261993,-1140.0,-320.82499999999993,-1460.8249999999998,35,80,107,57,9
train,0.25,483,-1,0.050000000000000044,218.16485533269037,2.7777777777777777,0,0,0,0,75.19999999999999,23.47926199261993,98.67926199261991,-264.0,-74.0,-338.0,193,80,15,0,0
train,0.25,484,-1,0.050000000000000044,110.21391992072475,76.04166666666666,50,2,0,0,192.79999999999998,23.47926199261993,216.27926199261992,-888.0,-258.59999999999997,-1146.6,88,65,76,51,8
train,0.25,485,-1,0.050000000000000044,196.2661167687307,32.63888888888889,0,0,0,0,61.599999999999994,23.47926199261993,85.07926199261992,-6.0,-93.19999999999999,-99.19999999999996,174,90,22,2,0
train,0.25,486,-1,0.050000000000000044,227.7522966967253,19.444444444444446,0,0,31,2,67.19999999999999,23.47926199261993,90.67926199261991,-554.0,-100.5,-654.4999999999999,163,99,26,0,0
train,0.25,487,-1,0.050000000000000044,213.3389943564292,25.694444444444443,0,0,0,0,82.39999999999999,23.47926199261993,105.87926199261992,-66.0,-118.0,-183.99999999999997,145,110,31,2,0
train,0.25,488,-1,0.050000000000000044,138.1405702454827,96.18055555555556,0,0,0,0,194.3,23.47926199261993,217.77926199261995,543.0,-252.39999999999998,290.6,96,82,55,35,20
train,0.25,489,-1,0.050000000000000044,76.65453698439492,28.819444444444443,171,7,0,0,304.0,23.47926199261993,327.4792619926199,-4242.0,-354.07499999999993,-4596.075,39,48,114,72,15
train,0.25,490,-1,0.050000000000000044,183.36326430199156,46.52777777777778,0,0,0,0,66.39999999999999,23.47926199261993,89.87926199261992,114.0,-79.79999999999998,34.19999999999999,192,75,18,3,0
train,0.25,491,-1,0.050000000000000044,107.60114287204094,70.13888888888889,27,9,0,0,191.89999999999998,23.47926199261993,215.37926199261992,-492.0,-256.025,-748.0250000000001,63,99,84,37,5
train,0.25,492,-1,0.050000000000000044,205.27715559241616,21.52777777777778,0,0,5,1,76.79999999999998,23.47926199261993,100.27926199261991,-172.0,-98.4,-270.4,171,91,21,5,0
train,0.25,493,-1,0.050000000000000044,133.12241132828044,32.98611111111111,63,6,0,0,196.89999999999998,23.47926199261993,220.37926199261992,-1620.0,-233.47499999999997,-1853.475,95,89,57,36,11
train,0.25,494,-1,0.050000000000000044,84.15079336376509,52.77777777777778,70,13,0,0,281.90000000000003,23.47926199261993,305.37926199261994,-1710.0,-372.15,-2082.15,21,68,115,62,22
train,0.25,495,-1,0.050000000000000044,241.20523142126922,7.291666666666667,0,0,40,3,60.79999999999999,23.47926199261993,84.27926199261992,-785.0,-86.0,-871.0,184,79,24,1,0
train,0.25,496,-1,0.050000000000000044,82.09652450664335,44.09722222222222,134,9,0,0,246.0,23.47926199261993,269.4792619926199,-3204.0,-332.475,-3536.475,48,71,88,62,19
train,0.25,497,-1,0.050000000000000044,124.37126414759895,99.65277777777779,0,0,0,0,154.2,23.47926199261993,177.67926199261993,570.0,-221.625,348.375,83,103,72,25,5
train,0.25,498,-1,0.050000000000000044,287.27033528019433,4.166666666666666,0,0,111,3,90.8,23.47926199261993,114.27926199261992,-1806.0,-156.05,-1962.0500000000002,145,71,47,23,2
train,0.25,499,-1,0.050000000000000044,163.33058638290984,85.06944444444444,0,0,0,0,61.599999999999994,23.47926199261993,85.07926199261992,447.0,-78.39999999999999,368.6,181,100,7,0,0
eval,0.25,499,0,0.0,221.752204110053,15.625,0,0,9,2,60.8,23.47926199261993,84.27926199261992,-279.0,-85.1,-364.1,182,87,17,2,0
eval,0.25,499,1,0.0,93.67351247589771,60.416666666666664,85,4,0,0,275.0,23.47926199261993,298.4792619926199,-1893.0,-358.125,-2251.125,36,73,84,74,21
eval,0.25,499,2,0.0,96.0512939815078,74.30555555555556,54,4,0,0,297.9,23.47926199261993,321.3792619926199,-1002.0,-402.79999999999995,-1404.8,26,71,77,78,36
eval,0.25,499,3,0.0,190.06915566840905,51.388888888888886,0,0,0,0,71.99999999999999,23.47926199261993,95.47926199261991,156.0,-103.79999999999998,52.19999999999999,157,111,17,3,0
eval,0.25,499,4,0.0,285.13103961893705,2.7777777777777777,0,0,156,14,71.6,23.47926199261993,95.07926199261992,-2448.0,-120.65,-2568.65,163,79,35,9,2
train,0.25,500,-1,0.050000000000000044,231.4630152343301,35.06944444444444,0,0,77,4,93.19999999999999,23.47926199261993,116.67926199261991,-1063.0,-132.77499999999998,-1195.7749999999999,152,85,39,9,3
train,0.25,501,-1,0.050000000000000044,156.3188111723472,90.97222222222221,0,0,0,0,78.79999999999998,23.47926199261993,102.27926199261991,498.0,-92.6,405.40000000000003,172,96,18,2,0
train,0.25,502,-1,0.050000000000000044,134.69552694989275,86.45833333333334,11,2,0,0,203.0,23.47926199261993,226.47926199261994,183.0,-276.95,-93.95000000000003,79,73,71,51,14
train,0.25,503,-1,0.050000000000000044,126.69181397972017,72.91666666666666,51,4,0,0,165.1,23.47926199261993,188.57926199261993,-915.0,-226.20000000000002,-1141.1999999999998,89,91,68,36,4
train,0.25,504,-1,0.050000000000000044,104.27529883728238,69.09722222222221,32,8,0,0,201.5,23.47926199261993,224.97926199261994,-627.0,-302.34999999999997,-929.3500000000003,45,80,108,45,10
train,0.25,505,-1,0.050000000000000044,157.18129015796737,76.38888888888889,0,0,0,0,89.19999999999999,23.47926199261993,112.67926199261991,372.0,-119.3,252.70000000000002,147,104,34,3,0
train,0.25,506,-1,0.050000000000000044,119.85740198338785,86.80555555555556,1,1,0,0,215.1,23.47926199261993,238.57926199261993,345.0,-330.175,14.824999999999996,40,64,118,51,15
train,0.25,507,-1,0.050000000000000044,174.60736544567297,63.541666666666664,0,0,0,0,89.99999999999999,23.47926199261993,113.47926199261991,261.0,-127.475,133.525,151,98,27,9,3
train,0.25,508,-1,0.050000000000000044,178.929664799194,48.95833333333333,0,0,0,0,71.19999999999999,23.47926199261993,94.67926199261991,135.0,-78.225,56.775000000000006,192,82,10,3,1
train,0.25,509,-1,0.050000000000000044,150.99329440144112,81.59722222222221,3,1,0,0,92.5,23.47926199261993,115.97926199261993,330.0,-128.125,201.87500000000003,158,75,43,11,1
train,0.25,510,-1,0.050000000000000044,84.56050665658803,43.05555555555556,108,9,0,0,216.89999999999998,23.47926199261993,240.37926199261992,-2676.0,-257.04999999999995,-2933.0499999999997,92,62,76,48,10
train,0.25,511,-1,0.050000000000000044,145.85565434019392,59.02777777777778,25,2,0,0,101.6,23.47926199261993,125.07926199261992,-420.0,-158.725,-578.725,116,116,43,12,1
train,0.25,512,-1,0.050000000000000044,293.60488529939335,6.944444444444445,0,0,165,5,102.0,23.47926199261993,125.47926199261993,-2538.0,-159.02499999999998,-2697.025,146,70,47,20,5
train,0.25,513,-1,0.050000000000000044,117.86174641204424,81.94444444444444,7,5,0,0,208.4,23.47926199261993,231.87926199261994,141.0,-314.825,-173.82500000000002,51,76,86,62,13
train,0.25,514,-1,0.050000000000000044,151.6124964162448,78.47222222222221,0,0,0,0,107.39999999999999,23.47926199261993,130.87926199261992,381.0,-137.89999999999998,243.10000000000002,144,102,26,12,4
train,0.25,515,-1,0.050000000000000044,234.9248355109886,22.22222222222222,0,0,27,3,77.99999999999999,23.47926199261993,101.47926199261991,-474.0,-116.2,-590.2,151,102,31,4,0
train,0.25,516,-1,0.050000000000000044,93.05233694309518,51.041666666666664,68,13,0,0,172.5,23.47926199261993,195.97926199261994,-1665.0,-225.97500000000002,-1890.9750000000001,93,78,78,36,3
train,0.25,517,-1,0.050000000000000044,238.97753249193732,27.083333333333332,0,0,95,2,52.39999999999999,23.47926199261993,75.87926199261992,-1384.0,-78.64999999999999,-1462.65,206,57,16,7,2
train,0.25,518,-1,0.050000000000000044,227.32798648471964,32.98611111111111,0,0,65,4,53.199999999999996,23.47926199261993,76.67926199261993,-913.0,-63.3,-976.3000000000001,209,63,16,0,0
train,0.25,519,-1,0.050000000000000044,118.7636527728153,90.27777777777779,22,1,0,0,154.89999999999998,23.47926199261993,178.37926199261992,-54.0,-238.44999999999996,-292.45,67,113,69,37,2
train,0.25,520,-1,0.050000000000000044,111.96840568882374,69.79166666666666,32,8,0,0,302.1,23.47926199261993,325.57926199261993,-546.0,-465.025,-1011.025,34,46,67,72,69
train,0.25,521,-1,0.050000000000000044,193.47125282237482,30.208333333333332,0,0,0,0,86.8,23.47926199261993,110.27926199261992,-27.0,-104.55000000000001,-131.55,181,68,28,9,2
train,0.25,522,-1,0.050000000000000044,86.16315887777962,57.638888888888886,63,8,0,0,169.0,23.47926199261993,192.47926199261994,-1479.0,-249.34999999999997,-1728.3500000000001,67,94,93,28,6
train,0.25,523,-1,0.050000000000000044,216.35036117490222,25.694444444444443,0,0,32,4,57.199999999999996,23.47926199261993,80.67926199261993,-514.0,-77.69999999999999,-591.7,195,72,18,3,0
train,0.25,524,-1,0.050000000000000044,160.14773336989504,55.208333333333336,8,2,0,0,92.5,23.47926199261993,115.97926199261993,-51.0,-116.94999999999999,-167.95,163,85,30,8,2
train,0.25,525,-1,0.050000000000000044,84.24669362115124,31.25,142,11,0,0,233.39999999999998,23.47926199261993,256.8792619926199,-3531.0,-359.67499999999995,-3890.675,32,62,108,67,19
train,0.25,526,-1,0.050000000000000044,99.10301063823732,47.22222222222222,112,8,0,0,208.39999999999998,23.47926199261993,231.87926199261992,-2619.0,-307.375,-2926.375,60,84,76,45,23
train,0.25,527,-1,0.050000000000000044,124.5985350991107,74.30555555555556,36,2,0,0,133.79999999999998,23.47926199261993,157.27926199261992,-552.0,-197.65000000000003,-749.65,115,85,52,30,6
train,0.25,528,-1,0.050000000000000044,96.26158998333003,62.5,67,11,0,0,209.09999999999997,23.47926199261993,232.5792619926199,-1479.0,-343.625,-1822.6249999999998,51,73,78,57,29
train,0.25,529,-1,0.050000000000000044,92.02369082933495,49.65277777777778,98,9,0,0,203.5,23.47926199261993,226.97926199261994,-2334.0,-286.47499999999997,-2620.4750000000004,65,83,73,56,11
train,0.25,530,-1,0.050000000000000044,98.47926567068356,69.09722222222221,74,3,0,0,182.2,23.47926199261993,205.67926199261993,-1512.0,-285.95,-1797.9499999999998,64,77,85,52,10
train,0.25,531,-1,0.050000000000000044,116.80144020740823,78.47222222222221,11,5,0,0,174.0,23.47926199261993,197.47926199261994,6.0,-259.625,-253.62500000000003,80,79,81,35,13
train,0.25,532,-1,0.050000000000000044,169.71547349428582,53.47222222222222,0,0,0,0,111.6,23.47926199261993,135.07926199261993,165.0,-188.375,-23.375,130,70,52,29,7
train,0.25,533,-1,0.050000000000000044,200.28996062887654,39.93055555555556,0,0,8,4,63.599999999999994,23.47926199261993,87.07926199261992,-55.0,-100.925,-155.925,171,87,26,3,1
train,0.25,534,-1,0.050000000000000044,153.5210517058391,77.77777777777779,7,1,0,0,98.1,23.47926199261993,121.57926199261992,204.0,-110.725,93.27500000000002,164,87,31,5,1
train,0.25,535,-1,0.050000000000000044,170.93490402475072,56.25,2,1,4,2,87.60000000000001,23.47926199261993,111.07926199261993,55.0,-143.075,-88.07500000000002,153,76,37,19,3
train,0.25,536,-1,0.050000000000000044,160.953094685946,74.30555555555556,0,0,0,0,79.6,23.47926199261993,103.07926199261992,354.0,-113.0,241.0,151,107,27,3,0
train,0.25,537,-1,0.050000000000000044,80.07747771351556,37.15277777777778,132,15,0,0,236.79999999999995,23.47926199261993,260.27926199261987,-3282.0,-327.59999999999997,-3609.6,45,68,96,67,12
train,0.25,538,-1,0.050000000000000044,110.74828729436513,80.90277777777779,13,5,0,0,160.5,23.47926199261993,183.97926199261994,0.0,-289.34999999999997,-289.34999999999997,63,74,95,42,14
train,0.25,539,-1,0.050000000000000044,101.05003417757995,69.79166666666666,67,7,0,0,131.6,23.47926199261993,155.07926199261993,-1353.0,-191.05,-1544.05,106,96,60,24,2
train,0.25,540,-1,0.050000000000000044,165.86352181643235,85.41666666666666,0,0,0,0,63.599999999999994,23.47926199261993,87.07926199261992,450.0,-68.19999999999999,381.8,198,81,8,1,0
train,0.25,541,-1,0.050000000000000044,155.82765014079175,48.61111111111111,11,3,0,0,107.69999999999999,23.47926199261993,131.17926199261993,-216.0,-156.7,-372.7,142,79,44,19,4
train,0.25,542,-1,0.050000000000000044,168.35871086677443,68.40277777777779,0,0,0,0,76.1,23.47926199261993,99.57926199261992,303.0,-94.44999999999999,208.55,181,84,15,6,2
train,0.25,543,-1,0.050000000000000044,122.75811165986842,79.51388888888889,22,3,0,0,157.7,23.47926199261993,181.17926199261993,-213.0,-248.20000000000002,-461.19999999999993,80,84,73,47,4
train,0.25,544,-1,0.050000000000000044,83.90726400548508,56.59722222222222,71,8,0,0,232.5,23.47926199261993,255.97926199261994,-1665.0,-368.075,-2033.075,33,75,85,68,27
train,0.25,545,-1,0.050000000000000044,135.6513231119478,67.70833333333334,6,2,0,0,108.5,23.47926199261993,131.97926199261994,63.0,-175.2,-112.20000000000002,132,80,50,18,8
train,0.25,546,-1,0.050000000000000044,181.7353858062362,45.48611111111111,0,0,0,0,66.39999999999999,23.47926199261993,89.87926199261992,105.0,-94.89999999999999,10.100000000000001,172,90,25,1,0
train,0.25,547,-1,0.050000000000000044,174.69445451040323,55.55555555555556,0,0,0,0,65.69999999999999,23.47926199261993,89.17926199261991,192.0,-103.35,88.64999999999999,172,85,25,4,2
train,0.25,548,-1,0.050000000000000044,191.1490385094642,39.23611111111111,0,0,0,0,66.39999999999999,23.47926199261993,89.87926199261992,51.0,-108.29999999999998,-57.3,168,77,39,4,0
train,0.25,549,-1,0.050000000000000044,171.37524675301717,56.25,0,0,0,0,87.19999999999999,23.47926199261993,110.67926199261991,198.0,-154.0,43.99999999999997,138,87,45,14,4
eval,0.25,549,0,0.0,281.1867466842681,2.083333333333333,0,0,122,2,73.6,23.47926199261993,97.07926199261992,-1978.0,-138.6,-2116.6000000000004,157,75,29,27,0
eval,0.25,549,1,0.0,163.82570888947117,58.68055555555556,0,0,0,0,116.6,23.47926199261993,140.07926199261993,189.0,-191.65,-2.6500000000000057,112,100,43,27,6
eval,0.25,549,2,0.0,288.67903532043533,10.416666666666668,0,0,135,3,88.4,23.47926199261993,111.87926199261993,-2088.0,-168.6,-2256.6,148,66,26,48,0
eval,0.25,549,3,0.0,315.08253298634713,6.597222222222222,0,0,192,3,82.39999999999999,23.47926199261993,105.87926199261992,-2919.0,-172.2,-3091.2,142,69,32,45,0
eval,0.25,549,4,0.0,128.93562193910043,84.02777777777779,19,7,0,0,116.39999999999999,23.47926199261993,139.87926199261992,-90.0,-196.14999999999998,-286.15,114,96,38,34,6
train,0.25,550,-1,0.050000000000000044,248.97845103954953,9.027777777777777,0,0,64,3,73.6,23.47926199261993,97.07926199261992,-1106.0,-140.70000000000002,-1246.7,153,72,42,21,0
train,0.25,551,-1,0.050000000000000044,155.98324115355652,70.48611111111111,2,2,0,0,75.99999999999999,23.47926199261993,99.47926199261991,249.0,-131.5,117.50000000000003,149,86,42,11,0
train,0.25,552,-1,0.050000000000000044,76.83698125981556,39.58333333333333,120,11,0,0,192.89999999999998,23.47926199261993,216.37926199261992,-2988.0,-311.09999999999997,-3299.1,30,88,112,54,4
train,0.25,553,-1,0.050000000000000044,267.43627870369954,16.666666666666664,0,0,92,7,92.8,23.47926199261993,116.27926199261992,-1432.0,-182.09999999999997,-1614.1000000000001,133,61,56,38,0
train,0.25,554,-1,0.050000000000000044,176.8748439140145,59.02777777777778,12,3,47,1,130.8,23.47926199261993,154.27926199261995,-739.0,-270.17499999999995,-1009.175,98,63,48,64,15
train,0.25,555,-1,0.050000000000000044,119.59554592920962,93.05555555555556,0,0,0,0,168.09999999999997,23.47926199261993,191.5792619926199,468.0,-321.45000000000005,146.55,58,75,82,47,26
train,0.25,556,-1,0.050000000000000044,177.04696982582675,40.97222222222222,8,5,0,0,117.29999999999998,23.47926199261993,140.77926199261992,-180.0,-189.05,-369.05,123,69,63,31,2
train,0.25,557,-1,0.050000000000000044,113.94879562339344,73.26388888888889,63,5,0,0,157.7,23.47926199261993,181.17926199261993,-1209.0,-242.95,-1451.95,89,75,75,43,6
train,0.25,558,-1,0.050000000000000044,176.90513616358095,48.95833333333333,0,0,0,0,66.39999999999999,23.47926199261993,89.87926199261992,135.0,-98.19999999999999,36.79999999999998,172,89,22,5,0
train,0.25,559,-1,0.050000000000000044,159.7786325223909,73.26388888888889,0,0,0,0,76.0,23.47926199261993,99.47926199261993,339.0,-129.625,209.375,150,87,42,8,1
train,0.25,560,-1,0.050000000000000044,282.60123457390205,10.76388888888889,0,0,160,5,71.6,23.47926199261993,95.07926199261992,-2435.0,-105.3,-2540.3,185,59,28,16,0
train,0.25,561,-1,0.050000000000000044,168.597644814155,63.888888888888886,0,0,0,0,58.8,23.47926199261993,82.27926199261992,264.0,-99.1,164.9,172,83,31,2,0
train,0.25,562,-1,0.050000000000000044,299.40050754456996,10.069444444444445,0,0,168,10,63.599999999999994,23.47926199261993,87.07926199261992,-2553.0,-143.70000000000002,-2696.7000000000003,161,58,47,18,4
train,0.25,563,-1,0.050000000000000044,118.60755325798414,78.125,23,3,0,0,138.0,23.47926199261993,161.47926199261994,-270.0,-229.975,-499.97499999999997,77,114,61,29,7
train,0.25,564,-1,0.050000000000000044,162.55792987436678,75.34722222222221,0,0,0,0,71.19999999999999,23.47926199261993,94.67926199261991,363.0,-119.1,243.9,155,88,40,5,0
train,0.25,565,-1,0.050000000000000044,91.17989642347534,58.68055555555556,73,7,0,0,223.2,23.47926199261993,246.67926199261993,-1671.0,-325.375,-1996.3749999999998,40,75,106,52,15
train,0.25,566,-1,0.050000000000000044,114.99329900134661,83.33333333333334,39,3,0,0,128.5,23.47926199261993,151.97926199261994,-531.0,-210.05,-741.0499999999998,90,102,66,28,2
train,0.25,567,-1,0.050000000000000044,185.97666037956498,40.27777777777778,0,0,0,0,77.19999999999999,23.47926199261993,100.67926199261991,60.0,-142.92499999999998,-82.92500000000001,151,72,46,18,1
train,0.25,568,-1,0.050000000000000044,131.4871473652643,85.06944444444444,6,1,0,0,122.1,23.47926199261993,145.57926199261993,267.0,-225.65,41.35,97,89,61,31,10
train,0.25,569,-1,0.050000000000000044,224.80890845663063,22.916666666666664,0,0,46,9,57.2,23.47926199261993,80.67926199261993,-734.0,-101.39999999999999,-835.4,178,71,32,7,0
train,0.25,570,-1,0.050000000000000044,299.1814176093689,9.375,0,0,194,6,62.79999999999999,23.47926199261993,86.27926199261992,-2923.0,-128.79999999999998,-3051.8,170,55,42,21,0
train,0.25,571,-1,0.050000000000000044,135.00848510772389,91.31944444444444,0,0,0,0,122.0,23.47926199261993,145.47926199261994,489.0,-262.375,226.625,84,73,73,47,11
train,0.25,572,-1,0.050000000000000044,216.26206411308527,20.833333333333336,0,0,12,2,70.39999999999999,23.47926199261993,93.87926199261992,-276.0,-125.85,-401.85,167,66,39,14,2
train,0.25,573,-1,0.050000000000000044,333.60627697281393,7.291666666666667,0,0,228,4,94.8,23.47926199261993,118.27926199261992,-3417.0,-209.025,-3626.025,139,40,46,58,5
train,0.25,574,-1,0.050000000000000044,95.42515040735299,61.458333333333336,74,8,0,0,174.10000000000002,23.47926199261993,197.57926199261996,-1644.0,-280.54999999999995,-1924.5499999999997,53,89,88,56,2
train,0.25,575,-1,0.050000000000000044,67.3523601789558,29.166666666666668,174,8,0,0,256.3,23.47926199261993,279.7792619926199,-4302.0,-413.625,-4715.625,8,60,110,85,25
train,0.25,576,-1,0.050000000000000044,189.01841826302703,40.97222222222222,0,0,0,0,67.19999999999999,23.47926199261993,90.67926199261991,66.0,-115.49999999999999,-49.50000000000001,153,100,30,5,0
train,0.25,577,-1,0.050000000000000044,199.67834661240494,30.208333333333332,0,0,0,0,83.6,23.47926199261993,107.07926199261992,-27.0,-160.89999999999998,-187.9,126,88,59,15,0
train,0.25,578,-1,0.050000000000000044,150.77446346639076,80.20833333333334,1,1,0,0,73.19999999999999,23.47926199261993,96.67926199261991,372.0,-114.6,257.4,161,84,37,6,0
train,0.25,579,-1,0.050000000000000044,120.4908149822866,99.30555555555556,0,0,0,0,140.39999999999998,23.47926199261993,163.87926199261992,564.0,-260.9,303.1,81,80,73,42,12
train,0.25,580,-1,0.050000000000000044,96.70160611548332,62.5,59,7,0,0,199.3,23.47926199261993,222.77926199261995,-1311.0,-289.04999999999995,-1600.0500000000002,53,86,88,55,6
train,0.25,581,-1,0.050000000000000044,292.0141902041487,2.083333333333333,0,0,138,2,62.8,23.47926199261993,86.27926199261992,-2202.0,-127.19999999999999,-2329.2000000000003,175,49,41,23,0
train,0.25,582,-1,0.050000000000000044,98.21427911092513,52.083333333333336,106,8,0,0,234.6,23.47926199261993,258.07926199261993,-2472.0,-337.09999999999997,-2809.1,44,71,87,70,16
train,0.25,583,-1,0.050000000000000044,146.41211878090974,87.5,1,1,0,0,93.19999999999999,23.47926199261993,116.67926199261991,438.0,-160.60000000000002,277.40000000000003,109,121,49,9,0
train,0.25,584,-1,0.050000000000000044,270.74906198513446,8.680555555555555,0,0,150,7,64.0,23.47926199261993,87.47926199261993,-2313.0,-116.1,-2429.1000000000004,172,63,41,12,0
train,0.25,585,-1,0.050000000000000044,109.31714740526063,63.19444444444444,36,7,0,0,169.5,23.47926199261993,192.97926199261994,-756.0,-261.7,-1017.7000000000003,70,74,98,42,4
train,0.25,586,-1,0.050000000000000044,132.7503195272923,82.98611111111111,4,2,0,0,108.79999999999998,23.47926199261993,132.27926199261992,297.0,-198.85,98.15,115,70,69,32,2
train,0.25,587,-1,0.050000000000000044,85.61661120106777,44.79166666666667,81,14,0,0,186.9,23.47926199261993,210.37926199261994,-2079.0,-321.9,-2400.9,34,61,132,57,4
train,0.25,588,-1,0.050000000000000044,73.42267435104107,35.06944444444444,151,8,0,0,207.7,23.47926199261993,231.17926199261993,-3717.0,-331.9,-4048.8999999999996,22,74,128,60,4
train,0.25,589,-1,0.050000000000000044,99.82125861294442,54.166666666666664,80,12,0,0,164.59999999999997,23.47926199261993,188.0792619926199,-1896.0,-237.6,-2133.6,78,96,73,37,4
train,0.25,590,-1,0.050000000000000044,217.8713375513759,20.833333333333336,0,0,4,3,80.79999999999998,23.47926199261993,104.27926199261991,-164.0,-131.39999999999998,-295.4,152,79,46,11,0
train,0.25,591,-1,0.050000000000000044,290.4461393784741,13.541666666666666,0,0,138,1,61.99999999999999,23.47926199261993,85.47926199261993,-2103.0,-122.0,-2225.0,178,55,30,25,0
train,0.25,592,-1,0.050000000000000044,180.85642657766888,57.291666666666664,0,0,0,0,61.599999999999994,23.47926199261993,85.07926199261992,207.0,-100.3,106.7,166,95,25,2,0
train,0.25,593,-1,0.050000000000000044,121.19825097418935,97.22222222222221,0,0,0,0,111.2,23.47926199261993,134.67926199261993,528.0,-206.7,321.3,82,109,77,20,0
train,0.25,594,-1,0.050000000000000044,191.40938131235913,37.5,0,0,0,0,64.79999999999998,23.47926199261993,88.27926199261991,36.0,-110.3,-74.29999999999998,162,86,37,3,0
train,0.25,595,-1,0.050000000000000044,140.81049972720507,73.61111111111111,1,1,0,0,135.39999999999998,23.47926199261993,158.87926199261992,285.0,-198.55,86.45000000000002,111,83,65,23,6
train,0.25,596,-1,0.050000000000000044,85.64664954151357,41.31944444444444,120,10,0,0,200.0,23.47926199261993,223.47926199261994,-2958.0,-317.92499999999995,-3275.9249999999993,30,74,135,40,9
train,0.25,597,-1,0.050000000000000044,162.98121799253477,70.13888888888889,0,0,0,0,72.0,23.47926199261993,95.47926199261993,318.0,-105.5,212.5,160,99,27,2,0
train,0.25,598,-1,0.050000000000000044,132.30886236238652,68.75,16,6,0,0,132.5,23.47926199261993,155.97926199261994,-174.0,-199.42499999999998,-373.425,104,90,69,20,5
train,0.25,599,-1,0.050000000000000044,74.35708344184299,30.90277777777778,137,10,0,0,223.09999999999997,23.47926199261993,246.5792619926199,-3495.0,-357.975,-3852.9749999999995,19,63,130,65,11
eval,0.25,599,0,0.0,117.54624205439573,77.77777777777779,40,7,0,0,129.8,23.47926199261993,153.27926199261995,-630.0,-197.29999999999998,-827.3000000000001,121,79,50,30,8
eval,0.25,599,1,0.0,176.2578236952035,51.736111111111114,0,0,0,0,60.0,23.47926199261993,83.47926199261993,159.0,-102.29999999999998,56.70000000000001,174,76,33,5,0
eval,0.25,599,2,0.0,341.6150746190375,3.8194444444444446,0,0,224,6,30.799999999999997,23.47926199261993,54.27926199261992,-3391.0,-74.1,-3465.1000000000004,216,33,33,6,0
eval,0.25,599,3,0.0,132.5723805007012,65.97222222222221,30,4,0,0,106.1,23.47926199261993,129.57926199261993,-495.0,-152.725,-647.725,130,100,41,16,1
eval,0.25,599,4,0.0,149.4831620208327,78.125,0,0,0,0,65.6,23.47926199261993,89.07926199261992,387.0,-75.19999999999999,311.8,188,91,8,1,0
train,0.25,600,-1,0.050000000000000044,217.0982381704695,24.65277777777778,0,0,17,5,53.19999999999999,23.47926199261993,76.67926199261991,-313.0,-85.5,-398.50000000000006,184,80,23,1,0
train,0.25,601,-1,0.050000000000000044,161.89995028816537,71.52777777777779,0,0,0,0,88.5,23.47926199261993,111.97926199261993,330.0,-153.02499999999998,176.975,131,90,55,11,1
train,0.25,602,-1,0.050000000000000044,196.56939830366395,25.694444444444443,0,0,0,0,56.0,23.47926199261993,79.47926199261993,-66.0,-100.9,-166.90000000000003,166,91,31,0,0
train,0.25,603,-1,0.050000000000000044,217.94338307302849,18.055555555555554,0,0,16,4,61.599999999999994,23.47926199261993,85.07926199261992,-356.0,-121.99999999999999,-478.0,163,77,33,15,0
train,0.25,604,-1,0.050000000000000044,161.08414112283694,70.48611111111111,0,0,0,0,75.99999999999999,23.47926199261993,99.47926199261991,321.0,-135.79999999999998,185.20000000000002,137,102,41,8,0
train,0.25,605,-1,0.050000000000000044,85.42901431249169,39.58333333333333,122,10,0,0,218.09999999999997,23.47926199261993,241.5792619926199,-3030.0,-306.125,-3336.125,46,90,88,51,13
train,0.25,606,-1,0.050000000000000044,91.3514157635704,49.30555555555556,91,10,0,0,210.1,23.47926199261993,233.57926199261993,-2211.0,-302.9,-2513.9,38,95,97,50,8
train,0.25,607,-1,0.050000000000000044,157.77611768204525,94.79166666666666,0,0,0,0,80.8,23.47926199261993,104.27926199261992,531.0,-116.3,414.70000000000005,154,96,33,5,0
train,0.25,608,-1,0.050000000000000044,191.31342702607813,30.555555555555557,0,0,0,0,60.8,23.47926199261993,84.27926199261992,-24.0,-87.49999999999999,-111.5,187,73,24,4,0
train,0.25,609,-1,0.050000000000000044,127.33880966897858,93.05555555555556,9,3,0,0,116.0,23.47926199261993,139.47926199261994,267.0,-186.325,80.67500000000001,106,96,65,20,1
train,0.25,610,-1,0.050000000000000044,112.77310771710728,58.333333333333336,72,4,0,0,157.89999999999998,23.47926199261993,181.37926199261992,-1572.0,-245.325,-1817.3249999999998,82,79,82,40,5
train,0.25,611,-1,0.050000000000000044,107.2864331598222,62.15277777777778,92,4,0,0,179.7,23.47926199261993,203.17926199261993,-2001.0,-254.875,-2255.875,73,78,91,43,3
train,0.25,612,-1,0.050000000000000044,174.79585626536402,62.15277777777778,0,0,6,2,75.19999999999999,23.47926199261993,98.67926199261991,165.0,-116.89999999999999,48.099999999999966,157,89,36,6,0
train,0.25,613,-1,0.050000000000000044,145.90322131206105,51.736111111111114,5,1,0,0,127.69999999999999,23.47926199261993,151.17926199261993,-30.0,-165.725,-195.72500000000002,124,87,61,15,1
train,0.25,614,-1,0.050000000000000044,239.6186866525091,19.791666666666664,0,0,33,4,62.8,23.47926199261993,86.27926199261992,-579.0,-93.6,-672.6000000000001,177,82,27,2,0
train,0.25,615,-1,0.050000000000000044,97.05732561960991,47.56944444444444,121,8,0,0,159.2,23.47926199261993,182.67926199261993,-2868.0,-216.925,-3084.9249999999997,82,98,83,24,1
train,0.25,616,-1,0.050000000000000044,99.44387595436326,71.18055555555556,53,4,0,0,184.89999999999998,23.47926199261993,208.37926199261992,-1035.0,-281.45,-1316.4499999999998,58,85,94,41,10
train,0.25,617,-1,0.050000000000000044,210.42841578503217,25.694444444444443,0,0,7,3,53.19999999999999,23.47926199261993,76.67926199261991,-164.0,-62.599999999999994,-226.6,205,74,9,0,0
train,0.25,618,-1,0.050000000000000044,211.74803225559523,22.569444444444446,0,0,0,0,47.599999999999994,23.47926199261993,71.07926199261992,-93.0,-85.89999999999999,-178.90000000000003,182,84,21,1,0
train,0.25,619,-1,0.050000000000000044,322.0113339120258,2.7777777777777777,0,0,243,1,55.199999999999996,23.47926199261993,78.67926199261993,-3666.0,-95.19999999999999,-3761.2000000000007,182,71,30,5,0
train,0.25,620,-1,0.050000000000000044,117.06800506520212,88.88888888888889,5,3,0,0,127.69999999999999,23.47926199261993,151.17926199261993,309.0,-223.89999999999998,85.1,81,105,69,29,4
train,0.25,621,-1,0.050000000000000044,119.97878433627433,92.01388888888889,3,3,0,0,124.8,23.47926199261993,148.27926199261992,387.0,-209.77500000000003,177.22500000000002,87,115,54,29,3
train,0.25,622,-1,0.050000000000000044,84.14885520923609,47.91666666666667,83,11,0,0,220.29999999999998,23.47926199261993,243.77926199261992,-2067.0,-336.69999999999993,-2403.7,23,76,115,70,4
train,0.25,623,-1,0.050000000000000044,133.35780748296153,88.54166666666666,2,1,0,0,89.6,23.47926199261993,113.07926199261992,390.0,-158.5,231.5,123,100,50,15,0
train,0.25,624,-1,0.050000000000000044,202.1556277398316,29.51388888888889,0,0,0,0,60.8,23.47926199261993,84.27926199261992,-33.0,-107.1,-140.10000000000002,162,98,21,7,0
train,0.25,625,-1,0.050000000000000044,99.50043957458512,68.75,53,9,0,0,150.6,23.47926199261993,174.07926199261993,-1077.0,-230.025,-1307.0249999999999,79,100,76,28,5
train,0.25,626,-1,0.050000000000000044,115.81424265232019,50.0,85,9,0,0,127.0,23.47926199261993,150.47926199261994,-1965.0,-166.975,-2131.975,127,92,46,20,3
train,0.25,627,-1,0.050000000000000044,146.91397272285786,95.48611111111111,0,0,0,0,63.599999999999994,23.47926199261993,87.07926199261992,537.0,-95.2,441.8,168,99,20,1,0
train,0.25,628,-1,0.050000000000000044,237.31715856508825,20.48611111111111,0,0,66,8,50.39999999999999,23.47926199261993,73.87926199261992,-1035.0,-54.89999999999999,-1089.9,216,63,9,0,0
train,0.25,629,-1,0.050000000000000044,115.70087309849607,52.77777777777778,72,4,0,0,160.39999999999998,23.47926199261993,183.87926199261992,-1644.0,-233.55,-1877.5499999999997,97,76,65,44,6
train,0.25,630,-1,0.050000000000000044,190.37474828789342,39.93055555555556,0,0,1,1,80.89999999999999,23.47926199261993,104.37926199261992,37.0,-132.55,-95.55,146,96,35,9,2
train,0.25,631,-1,0.050000000000000044,89.5679799268124,59.02777777777778,93,5,0,0,208.6,23.47926199261993,232.07926199261993,-2085.0,-294.47499999999997,-2379.475,33,99,114,35,7
train,0.25,632,-1,0.050000000000000044,144.14443010161034,67.01388888888889,0,0,0,0,102.79999999999998,23.47926199261993,126.27926199261991,252.0,-179.625,72.375,123,84,56,20,5
train,0.25,633,-1,0.050000000000000044,183.05656416446564,44.44444444444444,0,0,0,0,87.6,23.47926199261993,111.07926199261992,96.0,-118.69999999999999,-22.69999999999999,156,92,31,9,0
train,0.25,634,-1,0.050000000000000044,171.89002844383478,61.80555555555556,0,0,0,0,78.79999999999998,23.47926199261993,102.27926199261991,246.0,-85.1,160.89999999999998,189,73,22,4,0
train,0.25,635,-1,0.050000000000000044,204.1274730829224,28.819444444444443,0,0,0,0,59.199999999999996,23.47926199261993,82.67926199261993,-39.0,-59.699999999999996,-98.70000000000003,215,60,10,3,0
train,0.25,636,-1,0.050000000000000044,112.36827474585736,93.75,1,1,0,0,127.6,23.47926199261993,151.07926199261993,450.0,-233.22500000000002,216.77499999999998,92,75,79,37,5
train,0.25,637,-1,0.050000000000000044,152.10229181763214,78.125,0,0,0,0,78.8,23.47926199261993,102.27926199261992,387.0,-121.5,265.5,153,88,42,5,0
train,0.25,638,-1,0.050000000000000044,151.71714973653405,80.20833333333334,0,0,0,0,91.29999999999998,23.47926199261993,114.77926199261991,405.0,-122.625,282.375,153,91,37,6,1
train,0.25,639,-1,0.050000000000000044,210.8464660995911,42.36111111111111,0,0,44,1,71.99999999999999,23.47926199261993,95.47926199261991,-538.0,-97.6,-635.6,178,80,22,8,0
train,0.25,640,-1,0.050000000000000044,119.08892886970122,97.22222222222221,0,0,0,0,153.0,23.47926199261993,176.47926199261994,528.0,-225.6,302.40000000000003,90,87,73,34,4
train,0.25,641,-1,0.050000000000000044,270.4806409371821,4.861111111111112,0,0,121,4,80.0,23.47926199261993,103.47926199261993,-1940.0,-124.39999999999999,-2064.3999999999996,164,74,32,18,0
train,0.25,642,-1,0.050000000000000044,172.14926199961695,56.94444444444444,5,1,0,0,79.2,23.47926199261993,102.67926199261993,78.0,-104.49999999999999,-26.499999999999986,171,83,26,8,0
train,0.25,643,-1,0.050000000000000044,135.0341080554668,41.66666666666667,51,7,0,0,126.89999999999999,23.47926199261993,150.37926199261992,-1224.0,-170.275,-1394.2749999999996,126,85,56,18,3
train,0.25,644,-1,0.050000000000000044,119.4439765136967,51.736111111111114,70,9,0,0,175.89999999999998,23.47926199261993,199.37926199261992,-1632.0,-242.125,-1874.125,84,82,76,41,5
train,0.25,645,-1,0.050000000000000044,168.37649864010245,59.72222222222222,0,0,0,0,72.0,23.47926199261993,95.47926199261993,228.0,-121.0,106.99999999999999,155,87,39,7,0
train,0.25,646,-1,0.050000000000000044,124.16725211071737,53.47222222222222,62,3,0,0,161.5,23.47926199261993,184.97926199261994,-1383.0,-208.675,-1591.6750000000002,100,93,65,23,7
train,0.25,647,-1,0.050000000000000044,115.50957800275485,85.06944444444444,29,2,0,0,146.39999999999998,23.47926199261993,169.87926199261992,-291.0,-218.05,-509.05,88,88,84,26,2
train,0.25,648,-1,0.050000000000000044,239.8536278708805,12.847222222222221,0,0,64,5,71.99999999999999,23.47926199261993,95.47926199261991,-1073.0,-123.0,-1196.0000000000002,153,85,45,5,0
train,0.25,649,-1,0.050000000000000044,142.03922263993059,50.0,46,4,0,0,133.3,23.47926199261993,156.77926199261995,-1002.0,-171.85,-1173.8499999999997,117,94,61,14,2
eval,0.25,649,0,0.0,247.0140524559163,27.083333333333332,0,0,75,6,54.39999999999999,23.47926199261993,77.87926199261992,-1104.0,-93.19999999999999,-1197.1999999999998,179,78,29,2,0
eval,0.25,649,1,0.0,237.0976411531641,3.8194444444444446,0,0,15,1,47.599999999999994,23.47926199261993,71.07926199261992,-465.0,-89.79999999999998,-554.8,179,82,27,0,0
eval,0.25,649,2,0.0,181.120461431795,57.291666666666664,0,0,0,0,61.599999999999994,23.47926199261993,85.07926199261992,207.0,-101.7,105.30000000000001,162,99,27,0,0
eval,0.25,649,3,0.0,137.76644167931622,45.48611111111111,69,5,0,0,129.7,23.47926199261993,153.17926199261993,-1602.0,-182.15,-1784.1499999999996,104,106,61,15,2
eval,0.25,649,4,0.0,187.2087130904,37.15277777777778,9,4,0,0,80.19999999999999,23.47926199261993,103.67926199261991,-213.0,-114.97500000000001,-327.975,164,89,25,7,3
train,0.25,650,-1,0.050000000000000044,114.18995469291934,73.95833333333334,48,7,0,0,153.5,23.47926199261993,176.97926199261994,-876.0,-221.275,-1097.275,120,66,53,34,15
train,0.25,651,-1,0.050000000000000044,206.89758411739325,22.916666666666664,0,0,0,0,53.199999999999996,23.47926199261993,76.67926199261993,-90.0,-73.6,-163.6,200,64,24,0,0
train,0.25,652,-1,0.050000000000000044,215.02956744998158,6.25,0,0,9,1,61.99999999999999,23.47926199261993,85.47926199261993,-360.0,-93.19999999999999,-453.2,187,63,33,5,0
train,0.25,653,-1,0.050000000000000044,223.31085856702225,5.555555555555555,0,0,0,0,44.8,23.47926199261993,68.27926199261992,-240.0,-69.69999999999999,-309.70000000000005,209,53,24,2,0
train,0.25,654,-1,0.050000000000000044,281.59804690115055,15.625,0,0,131,1,61.99999999999999,23.47926199261993,85.47926199261993,-1987.0,-89.69999999999999,-2076.7000000000003,184,73,29,2,0
train,0.25,655,-1,0.050000000000000044,212.4299243713879,10.76388888888889,0,0,0,0,50.39999999999999,23.47926199261993,73.87926199261992,-195.0,-84.89999999999999,-279.90000000000003,192,62,33,1,0
train,0.25,656,-1,0.050000000000000044,159.62471453661394,72.91666666666666,0,0,0,0,71.19999999999999,23.47926199261993,94.67926199261991,342.0,-97.5,244.50000000000003,179,75,28,6,0
train,0.25,657,-1,0.050000000000000044,184.47841821338582,48.26388888888889,0,0,0,0,75.19999999999999,23.47926199261993,98.67926199261991,129.0,-89.5,39.5,190,66,25,7,0
train,0.25,658,-1,0.050000000000000044,213.5115503924097,15.972222222222221,0,0,0,0,63.99999999999999,23.47926199261993,87.47926199261993,-150.0,-87.0,-237.0,196,58,26,8,0
train,0.25,659,-1,0.050000000000000044,129.8606209231941,97.91666666666666,0,0,0,0,104.79999999999998,23.47926199261993,128.27926199261992,558.0,-150.0,408.0,127,99,53,9,0
train,0.25,660,-1,0.050000000000000044,158.93571413443502,59.72222222222222,26,2,0,0,107.59999999999998,23.47926199261993,131.0792619926199,-402.0,-143.7,-545.6999999999999,138,88,51,11,0
train,0.25,661,-1,0.050000000000000044,252.9093061675297,20.13888888888889,0,0,68,10,52.39999999999999,23.47926199261993,75.87926199261992,-1066.0,-80.3,-1146.3,198,61,25,4,0
train,0.25,662,-1,0.050000000000000044,100.07501596027444,76.73611111111111,55,2,0,0,163.4,23.47926199261993,186.87926199261994,-981.0,-254.14999999999998,-1235.1499999999996,77,80,83,42,6
train,0.25,663,-1,0.050000000000000044,121.44193960045732,97.56944444444444,1,1,0,0,175.1,23.47926199261993,198.57926199261993,513.0,-247.60000000000002,265.40000000000003,62,113,73,36,4
train,0.25,664,-1,0.050000000000000044,172.15091054689708,66.66666666666666,0,0,0,0,69.99999999999999,23.47926199261993,93.47926199261991,288.0,-104.49999999999999,183.50000000000003,158,103,27,0,0
train,0.25,665,-1,0.050000000000000044,210.26292070374782,29.86111111111111,0,0,3,1,93.19999999999999,23.47926199261993,116.67926199261991,-72.0,-143.5,-215.49999999999994,140,92,39,17,0
train,0.25,666,-1,0.050000000000000044,77.7931454037722,38.19444444444444,133,10,0,0,177.39999999999998,23.47926199261993,200.87926199261992,-3285.0,-249.22499999999997,-3534.2249999999995,70,93,85,35,5
train,0.25,667,-1,0.050000000000000044,190.6756051118341,34.02777777777778,0,0,0,0,52.4,23.47926199261993,75.87926199261993,6.0,-72.89999999999999,-66.89999999999999,204,60,21,3,0
train,0.25,668,-1,0.050000000000000044,108.74148378028991,52.77777777777778,87,7,0,0,147.0,23.47926199261993,170.47926199261994,-2007.0,-198.75,-2205.7500000000005,106,82,73,25,2
train,0.25,669,-1,0.050000000000000044,158.8257758511202,36.80555555555556,37,6,8,1,145.0,23.47926199261993,168.47926199261994,-1039.0,-193.25000000000003,-1232.25,111,81,69,25,2
train,0.25,670,-1,0.050000000000000044,223.0176572177865,22.916666666666664,0,0,11,5,76.0,23.47926199261993,99.47926199261993,-244.0,-108.6,-352.6,180,63,30,15,0
train,0.25,671,-1,0.050000000000000044,99.63229028113727,67.70833333333334,60,7,0,0,115.69999999999999,23.47926199261993,139.17926199261993,-1227.0,-175.625,-1402.625,116,92,60,19,1
train,0.25,672,-1,0.050000000000000044,66.95287889043314,25.0,162,13,0,0,215.09999999999997,23.47926199261993,238.5792619926199,-4122.0,-322.325,-4444.325,29,83,116,51,9
train,0.25,673,-1,0.050000000000000044,226.41990131294713,10.76388888888889,0,0,14,3,64.39999999999999,23.47926199261993,87.87926199261992,-391.0,-96.99999999999999,-488.0,184,64,34,6,0
train,0.25,674,-1,0.050000000000000044,105.98449657698427,79.51388888888889,46,3,0,0,128.39999999999998,23.47926199261993,151.87926199261992,-744.0,-188.1,-932.1000000000001,100,96,77,15,0
train,0.25,675,-1,0.050000000000000044,160.16154323525137,77.77777777777779,0,0,0,0,76.79999999999998,23.47926199261993,100.27926199261991,384.0,-104.5,279.5,172,75,37,4,0
train,0.25,676,-1,0.050000000000000044,124.13046063212813,67.70833333333334,33,5,0,0,126.4,23.47926199261993,149.87926199261994,-531.0,-187.70000000000002,-718.7000000000002,99,95,82,12,0
train,0.25,677,-1,0.050000000000000044,91.80638062974165,59.375,58,7,0,0,214.1,23.47926199261993,237.57926199261993,-1344.0,-263.15,-1607.1500000000003,54,99,100,29,6
train,0.25,678,-1,0.050000000000000044,125.09090636586168,92.36111111111111,13,1,0,0,112.4,23.47926199261993,135.87926199261994,180.0,-180.7,-0.6999999999999602,115,79,76,18,0
train,0.25,679,-1,0.050000000000000044,297.0612815567967,5.902777777777778,0,0,160,3,48.8,23.47926199261993,72.27926199261992,-2477.0,-53.5,-2530.5,226,46,13,3,0
train,0.25,680,-1,0.050000000000000044,291.955102169557,8.680555555555555,0,0,139,2,41.199999999999996,23.47926199261993,64.67926199261993,-2159.0,-64.1,-2223.1,220,42,21,5,0
train,0.25,681,-1,0.050000000000000044,151.28112553405379,66.31944444444444,1,1,0,0,63.599999999999994,23.47926199261993,87.07926199261992,240.0,-107.3,132.7,174,66,43,5,0
train,0.25,682,-1,0.050000000000000044,83.58478870150424,43.40277777777778,107,12,0,0,169.2,23.47926199261993,192.67926199261993,-2649.0,-238.45,-2887.45,78,88,89,27,6
train,0.25,683,-1,0.050000000000000044,161.25832309709727,71.875,0,0,0,0,65.6,23.47926199261993,89.07926199261992,333.0,-104.29999999999998,228.7,169,84,30,5,0
train,0.25,684,-1,0.050000000000000044,272.3980194754975,2.430555555555556,0,0,150,5,99.19999999999999,23.47926199261993,122.67926199261991,-2367.0,-133.0,-2500.0,156,76,38,18,0
train,0.25,685,-1,0.050000000000000044,154.95162078800254,73.61111111111111,0,0,0,0,106.4,23.47926199261993,129.87926199261994,348.0,-144.0,204.00000000000003,126,112,42,8,0
train,0.25,686,-1,0.050000000000000044,250.1107879718694,10.416666666666668,0,0,85,5,87.19999999999999,23.47926199261993,110.67926199261991,-1388.0,-129.3,-1517.3000000000002,140,105,37,6,0
train,0.25,687,-1,0.050000000000000044,154.7293929946551,36.11111111111111,38,4,0,0,118.0,23.47926199261993,141.47926199261994,-912.0,-146.3,-1058.3000000000002,134,91,53,10,0
train,0.25,688,-1,0.050000000000000044,310.6450021847522,7.986111111111111,0,0,199,1,66.8,23.47926199261993,90.27926199261992,-3005.0,-99.19999999999999,-3104.2,185,53,47,3,0
train,0.25,689,-1,0.050000000000000044,74.47879514626479,36.11111111111111,171,8,0,0,107.19999999999999,23.47926199261993,130.67926199261993,-4119.0,-179.89999999999998,-4298.9,104,93,83,8,0
train,0.25,690,-1,0.050000000000000044,282.60899043561426,4.513888888888888,0,0,164,5,58.39999999999999,23.47926199261993,81.87926199261992,-2545.0,-94.5,-2639.5,192,54,33,9,0
train,0.25,691,-1,0.050000000000000044,185.13155670585815,33.33333333333333,0,0,0,0,65.6,23.47926199261993,89.07926199261992,-15.0,-96.82499999999999,-111.82499999999999,193,55,27,12,1
train,0.25,692,-1,0.050000000000000044,217.56115694078713,43.05555555555556,0,0,53,1,67.6,23.47926199261993,91.07926199261992,-658.0,-97.19999999999999,-755.2,183,66,33,6,0
train,0.25,693,-1,0.050000000000000044,276.5196609352532,1.0416666666666665,0,0,143,1,44.8,23.47926199261993,68.27926199261992,-2281.0,-73.69999999999999,-2354.7,211,43,30,4,0
train,0.25,694,-1,0.050000000000000044,210.96698939827672,17.01388888888889,0,0,0,0,59.99999999999999,23.47926199261993,83.47926199261993,-141.0,-108.9,-249.9,179,62,34,13,0
train,0.25,695,-1,0.050000000000000044,159.89587759677042,73.61111111111111,0,0,0,0,57.99999999999999,23.47926199261993,81.47926199261993,348.0,-108.0,240.0,180,60,36,12,0
train,0.25,696,-1,0.050000000000000044,226.5359228180723,14.23611111111111,0,0,3,1,74.39999999999999,23.47926199261993,97.87926199261992,-207.0,-120.2,-327.2,166,65,48,9,0
train,0.25,697,-1,0.050000000000000044,147.67780884199576,68.75,0,0,0,0,98.8,23.47926199261993,122.27926199261992,300.0,-150.2,149.8,125,102,53,8,0
train,0.25,698,-1,0.050000000000000044,142.08411261682218,61.458333333333336,20,4,0,0,118.60000000000001,23.47926199261993,142.07926199261993,-288.0,-184.3,-472.3,121,84,53,26,4
train,0.25,699,-1,0.050000000000000044,151.41321576929496,80.20833333333334,0,0,0,0,107.1,23.47926199261993,130.57926199261993,405.0,-164.825,240.175,148,62,47,26,5
eval,0.25,699,0,0.0,207.82428833167555,14.23611111111111,0,0,0,0,44.8,23.47926199261993,68.27926199261992,-165.0,-95.8,-260.8,187,55,43,3,0
eval,0.25,699,1,0.0,94.68766462789326,56.94444444444444,74,5,0,0,77.6,23.47926199261993,101.07926199261992,-1692.0,-162.6,-1854.6000000000004,118,87,80,3,0
eval,0.25,699,2,0.0,241.04555538352776,31.25,0,0,98,1,78.39999999999999,23.47926199261993,101.87926199261992,-1390.0,-161.1,-1551.1,116,92,79,1,0
eval,0.25,699,3,0.0,115.61430039400041,53.47222222222222,75,5,0,0,67.19999999999999,23.47926199261993,90.67926199261991,-1695.0,-133.4,-1828.4,146,74,68,0,0
eval,0.25,699,4,0.0,225.2958394449182,20.833333333333336,0,0,9,4,71.99999999999999,23.47926199261993,95.47926199261991,-234.0,-140.0,-374.0,142,76,66,4,0
train,0.25,700,-1,0.050000000000000044,325.9556172263306,7.986111111111111,0,0,214,4,88.4,23.47926199261993,111.87926199261993,-3215.0,-150.3,-3365.3,136,81,59,12,0
train,0.25,701,-1,0.050000000000000044,126.39563046046123,51.041666666666664,56,10,0,0,79.6,23.47926199261993,103.07926199261992,-1302.0,-111.79999999999998,-1413.8,163,82,39,4,0
train,0.25,702,-1,0.050000000000000044,91.74064982162226,50.34722222222222,106,11,0,0,89.99999999999999,23.47926199261993,113.47926199261991,-2508.0,-153.725,-2661.725,128,86,69,4,1
train,0.25,703,-1,0.050000000000000044,76.27039572807988,38.88888888888889,117,10,0,0,105.39999999999999,23.47926199261993,128.87926199261992,-2937.0,-192.175,-3129.175,106,85,79,15,3
train,0.25,704,-1,0.050000000000000044,278.09264675000406,2.7777777777777777,0,0,104,5,55.19999999999999,23.47926199261993,78.67926199261991,-1720.0,-102.1,-1822.1000000000001,184,58,37,9,0
train,0.25,705,-1,0.050000000000000044,278.2008707553813,4.166666666666666,0,0,142,6,69.6,23.47926199261993,93.07926199261992,-2240.0,-101.3,-2341.3,176,76,29,7,0
train,0.25,706,-1,0.050000000000000044,150.73386657425579,68.40277777777779,10,1,0,0,71.19999999999999,23.47926199261993,94.67926199261991,42.0,-124.9,-82.9,155,75,54,4,0
train,0.25,707,-1,0.050000000000000044,86.27799664308735,47.22222222222222,137,5,0,0,94.0,23.47926199261993,117.47926199261993,-3213.0,-168.3,-3381.2999999999993,109,100,74,5,0
train,0.25,708,-1,0.050000000000000044,290.48338440519495,1.3888888888888888,0,0,164,12,100.8,23.47926199261993,124.27926199261992,-2572.0,-176.40000000000003,-2748.3999999999996,102,116,54,16,0
train,0.25,709,-1,0.050000000000000044,225.11862945573816,43.75,0,0,82,6,71.19999999999999,23.47926199261993,94.67926199261991,-1058.0,-113.3,-1171.3,159,90,34,5,0
train,0.25,710,-1,0.050000000000000044,98.79553123008029,60.416666666666664,71,8,0,0,104.49999999999999,23.47926199261993,127.97926199261991,-1590.0,-154.12499999999997,-1744.1250000000002,138,78,55,16,1
train,0.25,711,-1,0.050000000000000044,140.6329987060643,57.638888888888886,46,7,0,0,67.6,23.47926199261993,91.07926199261992,-957.0,-121.425,-1078.425,168,63,46,10,1
train,0.25,712,-1,0.050000000000000044,221.73315124375793,38.88888888888889,0,0,96,4,100.79999999999998,23.47926199261993,124.27926199261991,-1302.0,-159.0,-1460.9999999999998,143,65,55,25,0
train,0.25,713,-1,0.050000000000000044,166.42554761182626,63.19444444444444,0,0,0,0,86.0,23.47926199261993,109.47926199261993,255.0,-153.3,101.7,136,75,65,12,0
train,0.25,714,-1,0.050000000000000044,117.12636043974258,88.88888888888889,11,3,0,0,82.79999999999998,23.47926199261993,106.27926199261991,153.0,-128.2,24.80000000000004,149,87,45,7,0
train,0.25,715,-1,0.050000000000000044,212.41020562338704,32.63888888888889,0,0,0,0,52.39999999999999,23.47926199261993,75.87926199261992,-6.0,-81.1,-87.1,195,68,20,5,0
train,0.25,716,-1,0.050000000000000044,125.0804492727477,97.91666666666666,0,0,0,0,56.0,23.47926199261993,79.47926199261993,540.0,-98.5,441.5,178,67,43,0,0
train,0.25,717,-1,0.050000000000000044,273.200741592235,4.513888888888888,0,0,109,6,48.0,23.47926199261993,71.47926199261993,-1775.0,-73.19999999999999,-1848.1999999999998,214,41,26,7,0
train,0.25,718,-1,0.050000000000000044,218.70752043473854,27.77777777777778,0,0,27,6,49.599999999999994,23.47926199261993,73.07926199261992,-426.0,-82.6,-508.6,199,61,19,9,0
train,0.25,719,-1,0.050000000000000044,280.0004255073888,2.430555555555556,0,0,122,3,46.8,23.47926199261993,70.27926199261992,-1975.0,-92.39999999999999,-2067.4,190,56,38,4,0
train,0.25,720,-1,0.050000000000000044,164.60559595477153,27.083333333333332,40,4,0,0,57.99999999999999,23.47926199261993,81.47926199261993,-1074.0,-105.425,-1179.425,175,74,31,7,1
train,0.25,721,-1,0.050000000000000044,225.67821687163644,11.805555555555555,0,0,6,2,53.599999999999994,23.47926199261993,77.07926199261992,-270.0,-82.69999999999999,-352.70000000000005,203,47,32,6,0
train,0.25,722,-1,0.050000000000000044,197.76037840974948,31.944444444444443,0,0,0,0,53.199999999999996,23.47926199261993,76.67926199261993,-12.0,-91.39999999999999,-103.39999999999999,186,62,40,0,0
train,0.25,723,-1,0.050000000000000044,244.3392942731451,9.375,0,0,70,6,55.199999999999996,23.47926199261993,78.67926199261993,-1187.0,-106.5,-1293.5,176,67,37,8,0
train,0.25,724,-1,0.050000000000000044,110.73180896197299,78.81944444444444,17,8,0,0,66.39999999999999,23.47926199261993,89.87926199261992,-147.0,-124.6,-271.59999999999997,150,89,44,5,0
train,0.25,725,-1,0.050000000000000044,212.6463426044653,49.30555555555556,0,0,75,1,71.19999999999999,23.47926199261993,94.67926199261991,-912.0,-100.1,-1012.0999999999999,172,81,33,2,0
train,0.25,726,-1,0.050000000000000044,290.37515993720626,13.194444444444445,0,0,185,7,106.0,23.47926199261993,129.47926199261994,-2764.0,-187.5,-2951.5,114,93,45,36,0
train,0.25,727,-1,0.050000000000000044,137.0683253817774,67.36111111111111,1,1,0,0,46.8,23.47926199261993,70.27926199261992,192.0,-103.19999999999999,88.8,190,47,38,13,0
train,0.25,728,-1,0.050000000000000044,166.88698279218184,70.13888888888889,0,0,0,0,53.599999999999994,23.47926199261993,77.07926199261992,318.0,-97.82499999999999,220.175,187,59,35,6,1
train,0.25,729,-1,0.050000000000000044,88.81422332460848,58.333333333333336,81,8,0,0,50.39999999999999,23.47926199261993,73.87926199261992,-1845.0,-95.2,-1940.2,188,58,36,6,0
train,0.25,730,-1,0.050000000000000044,241.49134393641452,8.333333333333332,0,0,23,6,61.99999999999999,23.47926199261993,85.47926199261993,-538.0,-104.89999999999999,-642.9,179,63,38,8,0
train,0.25,731,-1,0.050000000000000044,115.8654828509933,38.88888888888889,63,14,0,0,59.99999999999999,23.47926199261993,83.47926199261993,-1599.0,-107.725,-1706.725,181,55,44,7,1
train,0.25,732,-1,0.050000000000000044,330.41559930811695,1.3888888888888888,0,0,187,5,87.19999999999999,23.47926199261993,110.67926199261991,-2894.0,-154.5,-3048.4999999999995,154,49,59,26,0
train,0.25,733,-1,0.050000000000000044,163.74611436192617,49.30555555555556,15,2,0,0,46.8,23.47926199261993,70.27926199261992,-258.0,-80.6,-338.5999999999999,206,44,32,6,0
train,0.25,734,-1,0.050000000000000044,327.51503845596585,2.7777777777777777,0,0,214,5,68.39999999999999,23.47926199261993,91.87926199261992,-3260.0,-131.1,-3391.1,159,60,60,9,0
train,0.25,735,-1,0.050000000000000044,147.34360142800494,85.41666666666666,0,0,0,0,39.199999999999996,23.47926199261993,62.67926199261993,450.0,-83.39999999999999,366.6,203,47,31,7,0
train,0.25,736,-1,0.050000000000000044,116.44781165534884,72.91666666666666,53,4,0,0,46.8,23.47926199261993,70.27926199261992,-963.0,-99.125,-1062.125,188,54,39,6,1
train,0.25,737,-1,0.050000000000000044,218.36617576156127,33.33333333333333,0,0,72,4,52.400000000000006,23.47926199261993,75.87926199261993,-1008.0,-112.1,-1120.1000000000001,187,42,42,17,0
train,0.25,738,-1,0.050000000000000044,150.0476829320387,76.38888888888889,3,2,0,0,46.8,23.47926199261993,70.27926199261992,285.0,-81.14999999999999,203.85,214,37,25,10,2
train,0.25,739,-1,0.050000000000000044,265.6841563307127,3.125,0,0,104,4,60.8,23.47926199261993,84.27926199261992,-1717.0,-145.5,-1862.5,160,47,59,22,0
train,0.25,740,-1,0.050000000000000044,126.15312128414206,45.48611111111111,72,7,0,0,46.8,23.47926199261993,70.27926199261992,-1689.0,-95.89999999999998,-1784.9,197,42,38,11,0
train,0.25,741,-1,0.050000000000000044,274.4532535971938,6.944444444444445,0,0,95,7,49.599999999999994,23.47926199261993,73.07926199261992,-1558.0,-107.29999999999998,-1665.2999999999997,185,48,44,11,0
train,0.25,742,-1,0.050000000000000044,187.25684421642393,39.23611111111111,0,0,0,0,44.8,23.47926199261993,68.27926199261992,51.0,-106.05,-55.05000000000001,192,40,44,10,2
train,0.25,743,-1,0.050000000000000044,144.89901892905726,89.93055555555556,0,0,0,0,33.599999999999994,23.47926199261993,57.07926199261992,489.0,-80.05000000000001,408.95000000000005,217,32,27,10,2
train,0.25,744,-1,0.050000000000000044,145.21811768970716,81.94444444444444,2,1,0,0,32.8,23.47926199261993,56.27926199261992,345.0,-73.0,272.0,223,24,31,10,0
train,0.25,745,-1,0.050000000000000044,178.6693674250074,51.388888888888886,0,0,0,0,33.599999999999994,23.47926199261993,57.07926199261992,156.0,-65.89999999999999,90.10000000000002,222,35,25,6,0
train,0.25,746,-1,0.050000000000000044,111.52010463373641,82.98611111111111,33,4,0,0,35.6,23.47926199261993,59.079261992619934,-411.0,-72.1,-483.1,220,33,25,10,0
train,0.25,747,-1,0.050000000000000044,163.55803336411134,78.47222222222221,0,0,0,0,46.8,23.47926199261993,70.27926199261992,390.0,-96.69999999999999,293.3,197,46,30,15,0
train,0.25,748,-1,0.050000000000000044,288.8451359147464,9.722222222222223,0,0,132,3,53.199999999999996,23.47926199261993,76.67926199261993,-2052.0,-90.9,-2142.9,192,57,33,6,0
train,0.25,749,-1,0.050000000000000044,130.49405020938147,54.861111111111114,57,5,0,0,25.199999999999996,23.47926199261993,48.67926199261993,-1239.0,-62.449999999999996,-1301.45,234,25,18,9,2
eval,0.25,749,0,0.0,118.1798617391255,59.02777777777778,43,8,0,0,18.799999999999997,23.47926199261993,42.27926199261992,-930.0,-39.4,-969.4000000000001,251,17,15,5,0
eval,0.25,749,1,0.0,136.10172362496465,74.65277777777779,33,4,0,0,11.2,23.47926199261993,34.67926199261993,-465.0,-33.525,-498.5250000000001,260,11,11,5,1
eval,0.25,749,2,0.0,97.08505096003391,64.23611111111111,70,5,0,0,13.999999999999998,23.47926199261993,37.479261992619925,-1503.0,-36.1,-1539.1,255,14,14,5,0
eval,0.25,749,3,0.0,106.52421210344704,78.47222222222221,51,2,0,0,13.999999999999998,23.47926199261993,37.479261992619925,-867.0,-34.2,-901.1999999999998,257,13,13,5,0
eval,0.25,749,4,0.0,77.73117385614472,38.88888888888889,150,9,0,0,21.599999999999998,23.47926199261993,45.07926199261993,-3630.0,-60.7,-3690.7,243,16,15,10,4
train,0.25,750,-1,0.050000000000000044,98.75485774031408,65.27777777777779,63,7,0,0,28.0,23.47926199261993,51.479261992619925,-1347.0,-60.324999999999996,-1407.325,231,27,24,5,1
train,0.25,751,-1,0.050000000000000044,166.86535768648793,66.31944444444444,0,0,0,0,36.39999999999999,23.47926199261993,59.87926199261992,285.0,-65.35,219.65,220,43,21,2,2
train,0.25,752,-1,0.050000000000000044,212.2548429953147,33.33333333333333,0,0,10,2,31.999999999999996,23.47926199261993,55.479261992619925,-140.0,-49.8,-189.79999999999998,236,28,22,2,0
train,0.25,753,-1,0.050000000000000044,161.79820940769753,55.90277777777778,5,2,0,0,33.599999999999994,23.47926199261993,57.07926199261992,51.0,-55.099999999999994,-4.099999999999966,226,40,21,1,0
train,0.25,754,-1,0.050000000000000044,95.91898184952613,58.333333333333336,72,9,0,0,33.599999999999994,23.47926199261993,57.07926199261992,-1656.0,-44.599999999999994,-1700.6,236,37,14,1,0
train,0.25,755,-1,0.050000000000000044,92.75871451754453,52.083333333333336,113,7,0,0,27.999999999999996,23.47926199261993,51.479261992619925,-2625.0,-49.825,-2674.825,238,27,20,2,1
train,0.25,756,-1,0.050000000000000044,167.29432252594748,71.875,0,0,0,0,44.8,23.47926199261993,68.27926199261992,333.0,-77.8,255.2,212,38,30,8,0
train,0.25,757,-1,0.050000000000000044,91.77013590769174,61.80555555555556,33,10,0,0,30.799999999999997,23.47926199261993,54.27926199261992,-777.0,-46.099999999999994,-823.1,237,33,16,2,0
train,0.25,758,-1,0.050000000000000044,126.4757420997649,59.02777777777778,63,1,0,0,25.199999999999996,23.47926199261993,48.67926199261993,-1323.0,-40.4,-1363.3999999999996,242,31,14,1,0
train,0.25,759,-1,0.050000000000000044,113.26609353805367,51.041666666666664,43,4,0,0,19.6,23.47926199261993,43.079261992619934,-1038.0,-32.225,-1070.225,257,18,9,3,1
train,0.25,760,-1,0.050000000000000044,166.39941252765362,35.06944444444444,40,1,0,0,22.4,23.47926199261993,45.87926199261993,-975.0,-50.3,-1025.3,240,23,19,6,0
train,0.25,761,-1,0.050000000000000044,193.00564259632938,30.208333333333332,0,0,0,0,30.8,23.47926199261993,54.27926199261993,-27.0,-63.79999999999999,-90.80000000000001,228,29,22,9,0
train,0.25,762,-1,0.050000000000000044,142.0279541736894,96.18055555555556,0,0,0,0,30.799999999999997,23.47926199261993,54.27926199261992,543.0,-46.699999999999996,496.29999999999995,233,40,14,1,0
train,0.25,763,-1,0.050000000000000044,152.78398744752838,80.55555555555556,0,0,0,0,33.599999999999994,23.47926199261993,57.07926199261992,399.0,-67.0,332.0,217,42,25,4,0
train,0.25,764,-1,0.050000000000000044,169.97685545774362,53.81944444444444,0,0,0,0,41.199999999999996,23.47926199261993,64.67926199261993,177.0,-78.69999999999999,98.3,209,42,30,7,0
train,0.25,765,-1,0.050000000000000044,132.4427098417625,93.75,0,0,0,0,30.799999999999997,23.47926199261993,54.27926199261992,507.0,-62.9,444.09999999999997,223,33,30,2,0
train,0.25,766,-1,0.050000000000000044,180.25672976414043,37.15277777777778,41,4,49,3,35.599999999999994,23.47926199261993,59.07926199261992,-1673.0,-85.60000000000001,-1758.6,215,25,33,15,0
train,0.25,767,-1,0.050000000000000044,88.11959039989723,52.77777777777778,95,10,0,0,27.199999999999996,23.47926199261993,50.67926199261993,-2235.0,-53.125,-2288.125,236,28,19,4,1
train,0.25,768,-1,0.050000000000000044,115.29736756213975,58.333333333333336,66,6,0,0,30.799999999999997,23.47926199261993,54.27926199261992,-1455.0,-60.825,-1515.8249999999998,224,40,20,3,1
train,0.25,769,-1,0.050000000000000044,136.19720407813494,55.208333333333336,30,3,0,0,24.4,23.47926199261993,47.87926199261993,-612.0,-49.599999999999994,-661.6,235,35,13,5,0
train,0.25,770,-1,0.050000000000000044,125.98754949805468,79.16666666666666,17,3,0,0,47.599999999999994,23.47926199261993,71.07926199261992,-93.0,-86.19999999999999,-179.2000000000001,188,69,30,1,0
train,0.25,771,-1,0.050000000000000044,148.38168389484176,88.54166666666666,0,0,0,0,33.599999999999994,23.47926199261993,57.07926199261992,477.0,-68.8,408.20000000000005,220,34,28,6,0
train,0.25,772,-1,0.050000000000000044,233.07134886795652,22.916666666666664,0,0,67,1,83.6,23.47926199261993,107.07926199261992,-1028.0,-166.7,-1194.7,134,74,53,27,0
train,0.25,773,-1,0.050000000000000044,189.55957939860718,56.59722222222222,0,0,8,2,57.19999999999999,23.47926199261993,80.67926199261991,89.0,-101.39999999999999,-12.400000000000006,188,54,34,12,0
train,0.25,774,-1,0.050000000000000044,177.36256352627615,51.041666666666664,0,0,0,0,53.199999999999996,23.47926199261993,76.67926199261993,153.0,-88.69999999999999,64.3,189,63,34,2,0
train,0.25,775,-1,0.050000000000000044,177.05914960140137,40.625,0,0,0,0,57.19999999999999,23.47926199261993,80.67926199261991,63.0,-78.8,-15.79999999999999,202,53,30,3,0
train,0.25,776,-1,0.050000000000000044,196.92349885836788,27.083333333333332,0,0,0,0,44.8,23.47926199261993,68.27926199261992,-54.0,-67.19999999999999,-121.20000000000002,214,46,26,2,0
train,0.25,777,-1,0.050000000000000044,106.93470757084476,63.541666666666664,65,7,0,0,67.19999999999999,23.47926199261993,90.67926199261991,-1353.0,-99.6,-1452.6000000000001,182,65,34,7,0
train,0.25,778,-1,0.050000000000000044,260.1929713389402,12.847222222222221,0,0,96,9,60.8,23.47926199261993,84.27926199261992,-1521.0,-116.30000000000001,-1637.3,178,51,45,14,0
train,0.25,779,-1,0.050000000000000044,199.54850551586753,38.54166666666667,0,0,6,3,66.39999999999999,23.47926199261993,89.87926199261992,-39.0,-110.7,-149.7,174,62,45,7,0
train,0.25,780,-1,0.050000000000000044,141.55694607475195,91.66666666666666,0,0,0,0,64.39999999999999,23.47926199261993,87.87926199261992,498.0,-98.1,399.90000000000003,175,75,38,0,0
train,0.25,781,-1,0.050000000000000044,86.32008107841163,45.13888888888889,113,11,0,0,57.19999999999999,23.47926199261993,80.67926199261991,-2745.0,-98.9,-2843.9,185,62,32,9,0
train,0.25,782,-1,0.050000000000000044,148.3322265267076,79.16666666666666,0,0,0,0,60.8,23.47926199261993,84.27926199261992,393.0,-90.5,302.5,184,70,33,1,0
train,0.25,783,-1,0.050000000000000044,118.21588201310094,65.27777777777779,69,3,0,0,57.99999999999999,23.47926199261993,81.47926199261993,-1401.0,-98.6,-1499.6,180,69,34,5,0
train,0.25,784,-1,0.050000000000000044,89.3990475487807,48.61111111111111,119,5,0,0,50.39999999999999,23.47926199261993,73.87926199261992,-2811.0,-78.8,-2889.8,199,63,21,5,0
train,0.25,785,-1,0.050000000000000044,82.67246861720656,51.736111111111114,95,12,0,0,60.0,23.47926199261993,83.47926199261993,-2253.0,-81.19999999999999,-2334.2,196,64,24,4,0
train,0.25,786,-1,0.050000000000000044,112.11305212063364,87.15277777777779,14,5,0,0,56.0,23.47926199261993,79.47926199261993,60.0,-73.3,-13.300000000000011,199,67,22,0,0
train,0.25,787,-1,0.050000000000000044,275.5309182680073,9.375,0,0,117,4,74.8,23.47926199261993,98.27926199261992,-1845.0,-86.30000000000001,-1931.3000000000002,186,75,25,2,0
train,0.25,788,-1,0.050000000000000044,115.7177670054297,60.763888888888886,16,4,0,0,62.8,23.47926199261993,86.27926199261992,-321.0,-89.0,-409.99999999999994,188,69,26,5,0
train,0.25,789,-1,0.050000000000000044,106.35769279173256,72.91666666666666,32,9,0,0,58.8,23.47926199261993,82.27926199261992,-564.0,-87.1,-651.1,186,72,29,1,0
train,0.25,790,-1,0.050000000000000044,177.8195381044675,58.68055555555556,0,0,0,0,80.39999999999998,23.47926199261993,103.8792619926199,219.0,-103.19999999999999,115.8,166,92,26,4,0
train,0.25,791,-1,0.050000000000000044,238.06436575176798,19.791666666666664,0,0,12,7,72.0,23.47926199261993,95.47926199261993,-285.0,-95.5,-380.5,169,96,22,1,0
train,0.25,792,-1,0.050000000000000044,82.52180855240489,49.30555555555556,88,13,0,0,52.39999999999999,23.47926199261993,75.87926199261992,-2148.0,-53.599999999999994,-2201.6,220,56,12,0,0
train,0.25,793,-1,0.050000000000000044,141.90491704748135,73.95833333333334,1,1,0,0,47.599999999999994,23.47926199261993,71.07926199261992,291.0,-66.0,225.0,208,60,20,0,0
train,0.25,794,-1,0.050000000000000044,170.0236983555311,65.625,0,0,0,0,50.39999999999999,23.47926199261993,73.87926199261992,270.0,-94.1,175.9,187,57,42,2,0
train,0.25,795,-1,0.050000000000000044,154.3922946184963,90.625,0,0,0,0,76.79999999999998,23.47926199261993,100.27926199261991,495.0,-106.29999999999998,388.70000000000005,164,92,27,5,0
train,0.25,796,-1,0.050000000000000044,161.26314090677644,71.52777777777779,0,0,0,0,57.99999999999999,23.47926199261993,81.47926199261993,330.0,-80.925,249.075,200,63,17,7,1
train,0.25,797,-1,0.050000000000000044,137.45377738645138,78.47222222222221,5,3,0,0,55.19999999999999,23.47926199261993,78.67926199261991,213.0,-75.0,138.0,200,64,22,2,0
train,0.25,798,-1,0.050000000000000044,285.6345516550007,5.208333333333334,0,0,152,11,67.19999999999999,23.47926199261993,90.67926199261991,-2371.0,-67.6,-2438.6000000000004,200,76,12,0,0
train,0.25,799,-1,0.050000000000000044,160.3646013242096,87.5,0,0,0,0,49.599999999999994,23.47926199261993,73.07926199261992,468.0,-76.5,391.5,201,60,24,3,0
eval,0.25,799,0,0.0,131.79278378763578,88.54166666666666,14,2,0,0,53.199999999999996,23.47926199261993,76.67926199261993,99.0,-86.1,12.900000000000034,184,83,17,4,0
eval,0.25,799,1,0.0,165.8953293829717,37.5,4,2,0,0,63.599999999999994,23.47926199261993,87.07926199261992,-135.0,-99.6,-234.60000000000002,172,89,20,7,0
eval,0.25,799,2,0.0,143.79055836342548,62.15277777777778,9,2,0,0,53.199999999999996,23.47926199261993,76.67926199261993,-27.0,-84.19999999999999,-111.20000000000002,185,83,17,3,0
eval,0.25,799,3,0.0,295.0119895393546,12.152777777777777,0,0,151,1,79.6,23.47926199261993,103.07926199261992,-2297.0,-153.0,-2450.0,131,103,31,23,0
eval,0.25,799,4,0.0,112.91042114447148,78.125,15,4,0,0,52.39999999999999,23.47926199261993,75.87926199261992,-63.0,-77.39999999999999,-140.39999999999998,194,75,16,3,0
train,0.25,800,-1,0.050000000000000044,323.7971605114996,1.3888888888888888,0,0,184,3,69.19999999999999,23.47926199261993,92.67926199261991,-2852.0,-128.6,-2980.6,148,83,54,3,0
train,0.25,801,-1,0.050000000000000044,149.34172607282085,81.59722222222221,0,0,0,0,60.8,23.47926199261993,84.27926199261992,417.0,-97.8,319.2,174,78,36,0,0
train,0.25,802,-1,0.050000000000000044,98.07988910065124,67.70833333333334,65,6,0,0,44.8,23.47926199261993,68.27926199261992,-1347.0,-75.0,-1422.0,207,50,27,4,0
train,0.25,803,-1,0.050000000000000044,279.01106701619835,7.638888888888889,0,0,143,6,63.599999999999994,23.47926199261993,87.07926199261992,-2224.0,-117.69999999999999,-2341.7,171,65,38,14,0
train,0.25,804,-1,0.050000000000000044,118.90065373122735,62.5,26,6,0,0,50.39999999999999,23.47926199261993,73.87926199261992,-492.0,-85.39999999999999,-577.4,188,72,26,2,0
train,0.25,805,-1,0.050000000000000044,207.84412517544013,37.15277777777778,0,0,1,1,88.8,23.47926199261993,112.27926199261992,19.0,-123.3,-104.30000000000001,137,120,28,3,0
train,0.25,806,-1,0.050000000000000044,125.66070518133026,100.0,0,0,0,0,61.599999999999994,23.47926199261993,85.07926199261992,576.0,-101.4,474.6,177,72,33,6,0
train,0.25,807,-1,0.050000000000000044,135.69626510461634,64.58333333333334,32,2,0,0,55.99999999999999,23.47926199261993,79.47926199261993,-534.0,-99.5,-633.5,181,69,30,8,0
train,0.25,808,-1,0.050000000000000044,78.98440706377102,48.95833333333333,101,8,0,0,52.4,23.47926199261993,75.87926199261993,-2427.0,-83.225,-2510.225,206,44,30,7,1
train,0.25,809,-1,0.050000000000000044,189.49803980881995,36.11111111111111,0,0,0,0,69.99999999999999,23.47926199261993,93.47926199261991,24.0,-105.1,-81.10000000000002,172,78,31,7,0
train,0.25,810,-1,0.050000000000000044,190.37105341205296,35.06944444444444,0,0,0,0,78.8,23.47926199261993,102.27926199261992,15.0,-135.15,-120.15000000000002,149,92,30,15,2
train,0.25,811,-1,0.050000000000000044,222.91591882442046,26.73611111111111,0,0,0,0,64.39999999999999,23.47926199261993,87.87926199261992,-57.0,-93.92499999999998,-150.925,176,89,19,3,1
train,0.25,812,-1,0.050000000000000044,138.94121795649335,87.5,0,0,0,0,55.199999999999996,23.47926199261993,78.67926199261993,441.0,-105.725,335.275,180,60,41,6,1
train,0.25,813,-1,0.050000000000000044,191.113190014461,40.27777777777778,0,0,7,1,64.4,23.47926199261993,87.87926199261993,-38.0,-108.6,-146.59999999999997,161,96,25,6,0
train,0.25,814,-1,0.050000000000000044,119.42320815767432,61.458333333333336,35,8,0,0,66.39999999999999,23.47926199261993,89.87926199261992,-735.0,-118.55000000000001,-853.55,164,78,37,7,2
train,0.25,815,-1,0.050000000000000044,272.3320420824437,9.375,0,0,122,9,81.6,23.47926199261993,105.07926199261992,-1915.0,-114.29999999999998,-2029.3,159,95,24,10,0
train,0.25,816,-1,0.050000000000000044,190.02938712531738,39.93055555555556,0,0,0,0,60.79999999999999,23.47926199261993,84.27926199261992,57.0,-110.0,-53.000000000000014,169,74,39,6,0
train,0.25,817,-1,0.050000000000000044,111.01781148919807,76.38888888888889,41,3,0,0,25.2,23.47926199261993,48.67926199261993,-657.0,-49.925,-706.9250000000002,237,32,14,4,1
train,0.25,818,-1,0.050000000000000044,86.70420824271446,47.22222222222222,128,6,0,0,27.2,23.47926199261993,50.67926199261993,-3024.0,-57.775000000000006,-3081.775,239,22,18,6,3
train,0.25,819,-1,0.050000000000000044,69.00395514552723,17.708333333333336,190,17,0,0,41.99999999999999,23.47926199261993,65.47926199261993,-4836.0,-58.8,-4894.8,226,34,26,2,0
train,0.25,820,-1,0.050000000000000044,213.6475065361307,20.48611111111111,0,0,5,3,66.39999999999999,23.47926199261993,89.87926199261992,-181.0,-115.60000000000001,-296.59999999999997,159,84,41,4,0
train,0.25,821,-1,0.050000000000000044,157.33168814379394,67.36111111111111,0,0,0,0,52.39999999999999,23.47926199261993,75.87926199261992,294.0,-86.19999999999999,207.79999999999998,196,54,34,4,0
train,0.25,822,-1,0.050000000000000044,71.5018540662016,30.208333333333332,134,12,0,0,33.599999999999994,23.47926199261993,57.07926199261992,-3444.0,-45.225,-3489.2249999999995,241,29,15,2,1
train,0.25,823,-1,0.050000000000000044,226.0162276674881,17.36111111111111,0,0,6,2,35.6,23.47926199261993,59.079261992619934,-222.0,-58.19999999999999,-280.2,231,33,15,9,0
train,0.25,824,-1,0.050000000000000044,146.68451914039113,81.94444444444444,0,0,0,0,19.599999999999998,23.47926199261993,43.07926199261993,420.0,-29.699999999999996,390.30000000000007,252,27,9,0,0
train,0.25,825,-1,0.050000000000000044,85.87893267867487,56.59722222222222,84,7,0,0,47.599999999999994,23.47926199261993,71.07926199261992,-1938.0,-67.6,-2005.6,211,51,25,1,0
train,0.25,826,-1,0.050000000000000044,130.6539208844261,86.45833333333334,6,1,0,0,27.999999999999996,23.47926199261993,51.479261992619925,240.0,-51.199999999999996,188.8,232,32,24,0,0
train,0.25,827,-1,0.050000000000000044,81.23815010358813,51.041666666666664,88,10,0,0,22.4,23.47926199261993,45.87926199261993,-2118.0,-47.75,-2165.75,243,23,18,2,2
train,0.25,828,-1,0.050000000000000044,92.9009546781953,47.22222222222222,117,12,0,0,25.199999999999996,23.47926199261993,48.67926199261993,-2793.0,-55.125,-2848.125,235,25,24,3,1
train,0.25,829,-1,0.050000000000000044,105.8914311741538,72.91666666666666,30,4,0,0,36.4,23.47926199261993,59.87926199261993,-522.0,-76.1,-598.1,206,46,35,1,0
train,0.25,830,-1,0.050000000000000044,242.1259723983874,4.166666666666666,0,0,33,3,77.6,23.47926199261993,101.07926199261992,-714.0,-95.0,-809.0000000000001,182,77,20,9,0
train,0.25,831,-1,0.050000000000000044,131.96215097449382,58.68055555555556,37,8,0,0,55.19999999999999,23.47926199261993,78.67926199261991,-741.0,-93.32499999999999,-834.3249999999999,184,71,29,3,1
train,0.25,832,-1,0.050000000000000044,198.91799343322614,47.56944444444444,0,0,9,2,84.4,23.47926199261993,107.87926199261993,-3.0,-138.6,-141.6,147,85,39,17,0
train,0.25,833,-1,0.050000000000000044,231.24046667227128,16.666666666666664,0,0,0,0,78.79999999999998,23.47926199261993,102.27926199261991,-144.0,-109.425,-253.42499999999998,163,92,27,5,1
train,0.25,834,-1,0.050000000000000044,179.52081583416626,21.875,80,5,81,2,75.19999999999999,23.47926199261993,98.67926199261991,-3219.0,-110.9,-3329.8999999999996,163,88,30,7,0
train,0.25,835,-1,0.050000000000000044,215.20222646172934,20.13888888888889,0,0,0,0,79.6,23.47926199261993,103.07926199261992,-114.0,-116.3,-230.29999999999995,148,109,27,4,0
train,0.25,836,-1,0.050000000000000044,171.55288700053313,48.61111111111111,0,0,0,0,86.0,23.47926199261993,109.47926199261993,114.0,-165.7,-51.70000000000001,107,110,66,5,0
train,0.25,837,-1,0.050000000000000044,272.58903692845684,11.805555555555555,0,0,168,3,82.4,23.47926199261993,105.87926199261993,-2538.0,-98.9,-2636.9,176,85,17,10,0
train,0.25,838,-1,0.050000000000000044,94.88984539185786,60.416666666666664,63,10,0,0,27.999999999999996,23.47926199261993,51.479261992619925,-1431.0,-61.725,-1492.725,228,30,25,4,1
train,0.25,839,-1,0.050000000000000044,187.39239365770624,44.09722222222222,1,1,23,6,60.79999999999999,23.47926199261993,84.27926199261992,-310.0,-102.19999999999999,-412.19999999999993,177,69,37,5,0
train,0.25,840,-1,0.050000000000000044,118.07402598243827,86.11111111111111,11,3,0,0,64.39999999999999,23.47926199261993,87.87926199261992,141.0,-118.0,23.0,157,84,43,4,0
train,0.25,841,-1,0.050000000000000044,317.3255797728325,9.375,0,0,199,2,87.19999999999999,23.47926199261993,110.67926199261991,-2993.0,-155.70000000000002,-3148.7000000000003,129,94,48,17,0
train,0.25,842,-1,0.050000000000000044,254.45403025461675,4.861111111111112,0,0,25,6,78.0,23.47926199261993,101.47926199261993,-596.0,-131.2,-727.2,153,84,35,16,0
train,0.25,843,-1,0.050000000000000044,272.67357022571287,3.4722222222222223,0,0,96,12,90.39999999999999,23.47926199261993,113.87926199261992,-1602.0,-170.7,-1772.7,128,79,55,26,0
train,0.25,844,-1,0.050000000000000044,218.34354940710813,18.055555555555554,0,0,4,3,75.99999999999999,23.47926199261993,99.47926199261991,-188.0,-135.6,-323.6,149,82,43,14,0
train,0.25,845,-1,0.050000000000000044,227.39615229745036,14.583333333333334,0,0,13,3,79.6,23.47926199261993,103.07926199261992,-344.0,-170.2,-514.2,126,82,56,24,0
train,0.25,846,-1,0.050000000000000044,120.15915650017801,72.22222222222221,38,2,0,0,47.6,23.47926199261993,71.07926199261993,-627.0,-77.1,-704.1,198,66,21,3,0
train,0.25,847,-1,0.050000000000000044,214.4841837025306,37.84722222222222,0,0,0,0,60.79999999999999,23.47926199261993,84.27926199261992,39.0,-125.3,-86.30000000000001,171,61,34,22,0
train,0.25,848,-1,0.050000000000000044,206.43902413884885,23.26388888888889,0,0,0,0,79.6,23.47926199261993,103.07926199261992,-87.0,-140.2,-227.2,128,112,42,6,0
train,0.25,849,-1,0.050000000000000044,194.19811832245534,37.15277777777778,0,0,30,1,58.8,23.47926199261993,82.27926199261992,-387.0,-109.1,-496.1,170,72,41,5,0
eval,0.25,849,0,0.0,85.57469469348663,40.97222222222222,127,12,0,0,16.799999999999997,23.47926199261993,40.27926199261992,-3108.0,-35.425,-3143.4249999999997,251,26,7,3,1
eval,0.25,849,1,0.0,147.66055133883526,94.09722222222221,0,0,0,0,39.199999999999996,23.47926199261993,62.67926199261993,525.0,-59.099999999999994,465.9000000000001,216,56,15,1,0
eval,0.25,849,2,0.0,148.8617657375174,93.05555555555556,0,0,0,0,36.39999999999999,23.47926199261993,59.87926199261992,513.0,-58.49999999999999,454.5,218,51,19,0,0
eval,0.25,849,3,0.0,101.31796865352102,47.91666666666667,36,18,0,0,19.599999999999998,23.47926199261993,43.07926199261993,-996.0,-34.625,-1030.625,249,31,5,2,1
eval,0.25,849,4,0.0,107.47284627282755,47.56944444444444,98,3,0,0,27.999999999999996,23.47926199261993,51.479261992619925,-2268.0,-46.925,-2314.9249999999997,235,40,10,2,1
train,0.25,850,-1,0.050000000000000044,292.0411261596539,2.430555555555556,0,0,151,13,81.2,23.47926199261993,104.67926199261993,-2381.0,-134.1,-2515.1,157,77,32,22,0
train,0.25,851,-1,0.050000000000000044,92.10174854186104,43.05555555555556,98,9,0,0,60.8,23.47926199261993,84.27926199261992,-2436.0,-107.69999999999999,-2543.7,167,82,34,5,0
train,0.25,852,-1,0.050000000000000044,110.87093700091813,83.33333333333334,21,4,0,0,56.0,23.47926199261993,79.47926199261993,-153.0,-90.1,-243.10000000000002,182,77,27,2,0
train,0.25,853,-1,0.050000000000000044,188.27979695328585,62.5,0,0,17,3,63.599999999999994,23.47926199261993,87.07926199261992,14.0,-133.9,-119.9,161,58,54,15,0
train,0.25,854,-1,0.050000000000000044,108.95820848169802,64.58333333333334,63,7,0,0,54.39999999999999,23.47926199261993,77.87926199261992,-1335.0,-101.19999999999999,-1436.2000000000003,180,61,44,3,0
train,0.25,855,-1,0.050000000000000044,272.98186430399073,29.166666666666668,0,0,162,2,96.39999999999999,23.47926199261993,119.87926199261992,-2304.0,-223.02499999999998,-2527.025,106,66,64,51,1
train,0.25,856,-1,0.050000000000000044,150.38722267079922,87.5,0,0,0,0,55.199999999999996,23.47926199261993,78.67926199261993,468.0,-108.19999999999999,359.8,179,55,47,7,0
train,0.25,857,-1,0.050000000000000044,236.8376997056736,3.125,0,0,26,4,56.0,23.47926199261993,79.47926199261993,-625.0,-118.49999999999999,-743.5,181,45,44,18,0
train,0.25,858,-1,0.050000000000000044,77.49747491745948,39.58333333333333,149,6,0,0,47.599999999999994,23.47926199261993,71.07926199261992,-3597.0,-91.0,-3688.0,193,53,37,5,0
train,0.25,859,-1,0.050000000000000044,170.14866365682875,56.25,0,0,0,0,63.599999999999994,23.47926199261993,87.07926199261992,192.0,-124.9,67.1,166,64,43,15,0
train,0.25,860,-1,0.050000000000000044,248.38593576231278,22.22222222222222,0,0,112,8,74.0,23.47926199261993,97.47926199261993,-1664.0,-134.7,-1798.7,162,54,57,15,0
train,0.25,861,-1,0.050000000000000044,186.0335567142901,46.52777777777778,0,0,0,0,69.19999999999999,23.47926199261993,92.67926199261991,114.0,-131.0,-17.00000000000003,148,74,66,0,0
train,0.25,862,-1,0.050000000000000044,96.30000864572119,53.47222222222222,90,11,0,0,55.99999999999999,23.47926199261993,79.47926199261993,-2106.0,-108.3,-2214.3,165,80,42,1,0
train,0.25,863,-1,0.050000000000000044,147.22653332379912,56.94444444444444,4,3,0,0,64.39999999999999,23.47926199261993,87.87926199261992,48.0,-124.39999999999999,-76.40000000000002,146,92,50,0,0
train,0.25,864,-1,0.050000000000000044,336.4052230756481,2.430555555555556,0,0,197,3,62.79999999999999,23.47926199261993,86.27926199261992,-3025.0,-145.3,-3170.3,161,52,48,27,0
train,0.25,865,-1,0.050000000000000044,203.79876089126643,29.51388888888889,0,0,11,1,61.599999999999994,23.47926199261993,85.07926199261992,-187.0,-100.89999999999999,-287.90000000000003,176,67,45,0,0
train,0.25,866,-1,0.050000000000000044,171.09391448338803,23.26388888888889,30,2,1,1,84.39999999999999,23.47926199261993,107.87926199261992,-848.0,-147.0,-995.0,125,107,49,7,0
train,0.25,867,-1,0.050000000000000044,300.99862291155364,9.722222222222223,0,0,172,3,71.19999999999999,23.47926199261993,94.67926199261991,-2612.0,-164.29999999999998,-2776.3,138,72,49,29,0
train,0.25,868,-1,0.050000000000000044,214.38767028946302,27.083333333333332,0,0,44,5,60.8,23.47926199261993,84.27926199261992,-670.0,-124.5,-794.5,165,63,48,12,0
train,0.25,869,-1,0.050000000000000044,100.02581503663927,74.65277777777779,31,5,0,0,67.19999999999999,23.47926199261993,90.67926199261991,-492.0,-114.79999999999998,-606.8000000000002,163,76,45,4,0
train,0.25,870,-1,0.050000000000000044,97.3692160182315,57.986111111111114,61,11,0,0,74.79999999999998,23.47926199261993,98.27926199261991,-1431.0,-136.7,-1567.6999999999998,144,75,67,2,0
train,0.25,871,-1,0.050000000000000044,98.55856604737055,69.79166666666666,56,6,0,0,55.99999999999999,23.47926199261993,79.47926199261993,-1104.0,-97.3,-1201.3000000000002,186,53,47,2,0
train,0.25,872,-1,0.050000000000000044,132.8761922052422,93.75,2,1,0,0,48.8,23.47926199261993,72.27926199261992,456.0,-83.6,372.4,205,46,27,10,0
train,0.25,873,-1,0.050000000000000044,109.42479096278566,68.40277777777779,35,3,0,0,54.39999999999999,23.47926199261993,77.87926199261992,-663.0,-102.225,-765.225,188,52,38,9,1
train,0.25,874,-1,0.050000000000000044,156.84588002426327,58.68055555555556,0,0,0,0,38.39999999999999,23.47926199261993,61.87926199261992,201.0,-70.925,130.075,222,33,23,9,1
train,0.25,875,-1,0.050000000000000044,292.26934391742907,0.3472222222222222,0,0,137,10,128.2,23.47926199261993,151.67926199261993,-2203.0,-280.2,-2483.2,112,51,53,36,36
train,0.25,876,-1,0.050000000000000044,88.90688445262586,54.513888888888886,83,10,0,0,76.4,23.47926199261993,99.87926199261993,-1950.0,-109.7,-2059.7,180,58,37,13,0
train,0.25,877,-1,0.050000000000000044,110.30684843549635,84.72222222222221,18,5,0,0,44.8,23.47926199261993,68.27926199261992,-66.0,-83.1,-149.1,207,31,48,2,0
train,0.25,878,-1,0.050000000000000044,114.985055910918,63.19444444444444,61,3,0,0,53.7,23.47926199261993,77.17926199261993,-1266.0,-90.7,-1356.6999999999998,205,43,29,7,4
train,0.25,879,-1,0.050000000000000044,138.71454537132456,88.54166666666666,0,0,0,0,71.8,23.47926199261993,95.27926199261992,477.0,-118.475,358.525,188,44,39,10,7
train,0.25,880,-1,0.050000000000000044,191.7177379838159,36.80555555555556,0,0,0,0,87.0,23.47926199261993,110.47926199261993,30.0,-143.275,-113.27499999999998,154,76,41,10,7
train,0.25,881,-1,0.050000000000000044,193.5407759716305,53.47222222222222,0,0,2,2,71.19999999999999,23.47926199261993,94.67926199261991,146.0,-147.54999999999998,-1.549999999999983,157,62,49,14,6
train,0.25,882,-1,0.050000000000000044,111.36284118804828,85.41666666666666,34,1,0,0,44.0,23.47926199261993,67.47926199261993,-387.0,-78.3,-465.29999999999995,206,43,37,2,0
train,0.25,883,-1,0.050000000000000044,102.64026807115756,64.58333333333334,89,6,0,0,50.39999999999999,23.47926199261993,73.87926199261992,-1905.0,-91.8,-1996.7999999999997,191,52,43,2,0
train,0.25,884,-1,0.050000000000000044,94.90213416886402,69.79166666666666,58,4,0,0,50.39999999999999,23.47926199261993,73.87926199261992,-1164.0,-91.8,-1255.8,197,39,49,3,0
train,0.25,885,-1,0.050000000000000044,119.6026816964067,91.31944444444444,13,1,0,0,46.8,23.47926199261993,70.27926199261992,153.0,-73.29999999999998,79.69999999999999,209,43,36,0,0
train,0.25,886,-1,0.050000000000000044,239.32969287783467,35.06944444444444,0,0,79,5,85.0,23.47926199261993,108.47926199261993,-1091.0,-149.8,-1240.8000000000002,171,47,44,14,12
train,0.25,887,-1,0.050000000000000044,156.6459049314719,71.875,0,0,0,0,55.199999999999996,23.47926199261993,78.67926199261993,333.0,-105.19999999999999,227.79999999999998,183,50,49,6,0
train,0.25,888,-1,0.050000000000000044,228.37155866362764,10.069444444444445,0,0,0,0,64.39999999999999,23.47926199261993,87.87926199261992,-201.0,-104.39999999999999,-305.4,163,94,29,2,0
train,0.25,889,-1,0.050000000000000044,162.94978676765388,63.19444444444444,0,0,0,0,68.39999999999999,23.47926199261993,91.87926199261992,258.0,-112.3,145.70000000000002,161,83,42,2,0
train,0.25,890,-1,0.050000000000000044,108.39283395419073,81.25,20,6,0,0,43.99999999999999,23.47926199261993,67.47926199261993,-165.0,-87.19999999999999,-252.2000000000001,198,43,46,1,0
train,0.25,891,-1,0.050000000000000044,153.66897542838842,56.59722222222222,8,2,0,0,47.599999999999994,23.47926199261993,71.07926199261992,-45.0,-97.89999999999999,-142.9,182,60,45,1,0
train,0.25,892,-1,0.050000000000000044,217.90411317186383,33.33333333333333,0,0,44,7,57.99999999999999,23.47926199261993,81.47926199261993,-616.0,-103.1,-719.0999999999999,173,74,38,3,0
train,0.25,893,-1,0.050000000000000044,119.90972600767117,62.84722222222222,52,6,0,0,39.199999999999996,23.47926199261993,62.67926199261993,-1074.0,-81.1,-1155.0999999999997,203,46,36,3,0
train,0.25,894,-1,0.050000000000000044,102.5361453897208,72.91666666666666,68,6,0,0,51.599999999999994,23.47926199261993,75.07926199261992,-1320.0,-103.25,-1423.2500000000002,191,48,37,10,2
train,0.25,895,-1,0.050000000000000044,89.82727709948469,45.48611111111111,122,7,0,0,58.0,23.47926199261993,81.47926199261993,-2928.0,-113.19999999999999,-3041.2,181,50,43,14,0
train,0.25,896,-1,0.050000000000000044,215.6453390102505,10.76388888888889,0,0,0,0,58.0,23.47926199261993,81.47926199261993,-195.0,-92.6,-287.6,181,73,33,1,0
train,0.25,897,-1,0.050000000000000044,91.1645454673291,57.291666666666664,97,7,0,0,47.599999999999994,23.47926199261993,71.07926199261992,-2199.0,-86.19999999999999,-2285.2,208,35,34,11,0
train,0.25,898,-1,0.050000000000000044,107.48916245525902,87.84722222222221,9,3,0,0,47.599999999999994,23.47926199261993,71.07926199261992,177.0,-80.3,96.70000000000002,206,46,29,7,0
train,0.25,899,-1,0.050000000000000044,190.96196886844942,41.31944444444444,0,0,0,0,52.39999999999999,23.47926199261993,75.87926199261992,63.0,-97.0,-34.0,183,65,35,5,0
eval,0.25,899,0,0.0,259.3771566548559,4.166666666666666,0,0,56,8,47.599999999999994,23.47926199261993,71.07926199261992,-1036.0,-95.39999999999999,-1131.4,189,51,45,3,0
eval,0.25,899,1,0.0,76.10503517436095,32.63888888888889,136,12,0,0,27.999999999999996,23.47926199261993,51.479261992619925,-3444.0,-85.6,-3529.6,221,19,27,21,0
eval,0.25,899,2,0.0,279.16713602120467,10.069444444444445,0,0,162,2,69.6,23.47926199261993,93.07926199261992,-2469.0,-175.52499999999998,-2644.525,172,39,41,11,25
eval,0.25,899,3,0.0,108.51376586676813,67.36111111111111,58,8,0,0,38.39999999999999,23.47926199261993,61.87926199261992,-1188.0,-91.1,-1279.1000000000001,209,27,38,14,0
eval,0.25,899,4,0.0,151.85163471891013,89.58333333333334,0,0,0,0,36.39999999999999,23.47926199261993,59.87926199261992,486.0,-76.19999999999999,409.80000000000007,212,30,46,0,0
train,0.25,900,-1,0.050000000000000044,222.5040339536437,23.61111111111111,0,0,27,3,55.199999999999996,23.47926199261993,78.67926199261993,-462.0,-120.12499999999999,-582.1249999999999,181,47,40,19,1
train,0.25,901,-1,0.050000000000000044,126.10442923531754,61.111111111111114,48,4,0,0,39.199999999999996,23.47926199261993,62.67926199261993,-963.0,-83.0,-1046.0,209,39,29,11,0
train,0.25,902,-1,0.050000000000000044,76.60850846217669,32.29166666666667,134,14,0,0,38.4,23.47926199261993,61.87926199261993,-3408.0,-79.3,-3487.3,213,34,32,9,0
train,0.25,903,-1,0.050000000000000044,208.0699246578607,35.41666666666667,0,0,0,0,52.39999999999999,23.47926199261993,75.87926199261992,18.0,-89.6,-71.60000000000001,195,51,37,5,0
train,0.25,904,-1,0.050000000000000044,245.67923423094032,4.513888888888888,0,0,42,5,42.0,23.47926199261993,65.47926199261993,-837.0,-69.89999999999999,-906.9000000000001,212,44,31,1,0
train,0.25,905,-1,0.050000000000000044,133.2326169424689,97.91666666666666,0,0,0,0,36.39999999999999,23.47926199261993,59.87926199261992,555.0,-65.3,489.70000000000005,215,46,26,1,0
train,0.25,906,-1,0.050000000000000044,255.2737910944073,13.194444444444445,0,0,92,4,94.39999999999999,23.47926199261993,117.87926199261992,-1462.0,-227.84999999999997,-1689.8500000000001,146,44,37,31,30
train,0.25,907,-1,0.050000000000000044,151.02781442683752,69.09722222222221,2,1,0,0,46.8,23.47926199261993,70.27926199261992,222.0,-94.1,127.9,193,44,48,3,0
train,0.25,908,-1,0.050000000000000044,126.22077600834216,94.44444444444444,0,0,0,0,44.8,23.47926199261993,68.27926199261992,525.0,-78.69999999999999,446.3,202,49,37,0,0
train,0.25,909,-1,0.050000000000000044,93.85311186215185,40.27777777777778,95,14,0,0,39.199999999999996,23.47926199261993,62.67926199261993,-2382.0,-83.0,-2465.0,210,38,28,12,0
train,0.25,910,-1,0.050000000000000044,177.51548036970686,51.388888888888886,0,0,0,0,42.0,23.47926199261993,65.47926199261993,156.0,-81.6,74.39999999999999,195,60,33,0,0
train,0.25,911,-1,0.050000000000000044,178.23059852491312,63.19444444444444,0,0,0,0,44.8,23.47926199261993,68.27926199261992,258.0,-83.0,175.00000000000006,198,50,40,0,0
train,0.25,912,-1,0.050000000000000044,243.25322327036326,4.166666666666666,0,0,20,4,42.0,23.47926199261993,65.47926199261993,-532.0,-85.4,-617.4000000000001,196,50,42,0,0
train,0.25,913,-1,0.050000000000000044,96.70190983420737,64.58333333333334,95,3,0,0,36.39999999999999,23.47926199261993,59.87926199261992,-2028.0,-72.0,-2100.0,223,26,29,10,0
train,0.25,914,-1,0.050000000000000044,158.17677391000493,51.041666666666664,19,1,0,0,36.4,23.47926199261993,59.87926199261993,-351.0,-76.1,-427.1,215,30,38,5,0
train,0.25,915,-1,0.050000000000000044,193.45396258440496,35.06944444444444,0,0,0,0,41.99999999999999,23.47926199261993,65.47926199261993,15.0,-77.69999999999999,-62.70000000000002,202,51,35,0,0
train,0.25,916,-1,0.050000000000000044,95.10519025392406,53.81944444444444,93,8,0,0,42.0,23.47926199261993,65.47926199261993,-2136.0,-80.19999999999999,-2216.2,211,30,43,4,0
train,0.25,917,-1,0.050000000000000044,104.20699533577438,67.36111111111111,62,6,0,0,44.8,23.47926199261993,68.27926199261992,-1272.0,-91.99999999999999,-1363.9999999999998,195,49,37,7,0
train,0.25,918,-1,0.050000000000000044,172.48395116826157,65.27777777777779,0,0,0,0,50.39999999999999,23.47926199261993,73.87926199261992,276.0,-91.69999999999999,184.3,177,83,28,0,0
train,0.25,919,-1,0.050000000000000044,186.70721199301659,43.75,0,0,0,0,53.19999999999999,23.47926199261993,76.67926199261991,90.0,-107.19999999999999,-17.19999999999999,172,64,52,0,0
train,0.25,920,-1,0.050000000000000044,278.92055903999824,4.166666666666666,0,0,142,3,76.0,23.47926199261993,99.47926199261993,-2240.0,-141.0,-2381.0,151,72,47,18,0
train,0.25,921,-1,0.050000000000000044,200.90005777326806,41.66666666666667,0,0,0,0,50.39999999999999,23.47926199261993,73.87926199261992,72.0,-92.39999999999999,-20.400000000000006,183,70,33,2,0
train,0.25,922,-1,0.050000000000000044,107.16877171597827,76.38888888888889,53,5,0,0,44.8,23.47926199261993,68.27926199261992,-945.0,-74.80000000000001,-1019.8000000000001,211,38,37,2,0
train,0.25,923,-1,0.050000000000000044,169.77342972991514,62.15277777777778,0,0,0,0,41.199999999999996,23.47926199261993,64.67926199261993,249.0,-85.925,163.075,197,56,30,4,1
train,0.25,924,-1,0.050000000000000044,265.6760079100162,26.041666666666668,0,0,118,1,110.89999999999998,23.47926199261993,134.37926199261992,-1715.0,-226.24999999999997,-1941.25,114,75,45,40,14
train,0.25,925,-1,0.050000000000000044,100.4588790648924,81.25,33,4,0,0,35.599999999999994,23.47926199261993,59.07926199261992,-441.0,-64.0,-505.0,226,25,34,3,0
train,0.25,926,-1,0.050000000000000044,150.89724612530114,61.458333333333336,0,0,0,0,38.39999999999999,23.47926199261993,61.87926199261992,201.0,-66.19999999999999,134.8,217,38,33,0,0
train,0.25,927,-1,0.050000000000000044,174.42104565658715,54.513888888888886,0,0,0,0,46.8,23.47926199261993,70.27926199261992,183.0,-68.89999999999999,114.10000000000001,213,45,28,2,0
train,0.25,928,-1,0.050000000000000044,255.08543221372577,10.069444444444445,0,0,89,1,50.4,23.47926199261993,73.87926199261993,-1447.0,-100.4,-1547.4,187,50,45,6,0
train,0.25,929,-1,0.050000000000000044,324.7100672901402,3.4722222222222223,0,0,192,4,52.39999999999999,23.47926199261993,75.87926199261992,-2946.0,-122.82499999999999,-3068.825,190,41,36,12,9
train,0.25,930,-1,0.050000000000000044,183.31257297052514,47.56944444444444,0,0,0,0,52.39999999999999,23.47926199261993,75.87926199261992,123.0,-88.39999999999999,34.599999999999994,192,55,40,1,0
train,0.25,931,-1,0.050000000000000044,93.11350004973214,66.31944444444444,75,5,0,0,25.199999999999996,23.47926199261993,48.67926199261993,-1581.0,-65.525,-1646.525,230,19,33,5,1
train,0.25,932,-1,0.050000000000000044,132.21427176802382,28.125,54,12,0,0,32.8,23.47926199261993,56.27926199261992,-1506.0,-67.3,-1573.3000000000002,224,26,33,5,0
train,0.25,933,-1,0.050000000000000044,176.7062801417028,40.27777777777778,0,0,0,0,67.19999999999999,23.47926199261993,90.67926199261991,48.0,-130.10000000000002,-82.1,141,94,52,1,0
train,0.25,934,-1,0.050000000000000044,78.56144692632688,32.63888888888889,140,16,0,0,16.799999999999997,23.47926199261993,40.27926199261992,-3528.0,-49.9,-3577.9,248,13,15,12,0
train,0.25,935,-1,0.050000000000000044,146.07250881933027,92.01388888888889,0,0,0,0,46.8,23.47926199261993,70.27926199261992,507.0,-83.9,423.1,192,64,31,1,0
train,0.25,936,-1,0.050000000000000044,129.49551970796267,54.166666666666664,59,6,0,0,35.599999999999994,23.47926199261993,59.07926199261992,-1302.0,-51.89999999999999,-1353.8999999999999,236,28,19,5,0
train,0.25,937,-1,0.050000000000000044,136.55916703634207,80.90277777777779,10,2,0,0,36.39999999999999,23.47926199261993,59.87926199261992,135.0,-66.3,68.70000000000002,215,44,28,1,0
train,0.25,938,-1,0.050000000000000044,177.06307244511152,59.72222222222222,0,0,0,0,60.79999999999999,23.47926199261993,84.27926199261992,228.0,-117.3,110.70000000000003,154,87,47,0,0
train,0.25,939,-1,0.050000000000000044,108.15266491910893,73.61111111111111,45,4,0,0,46.0,23.47926199261993,69.47926199261993,-822.0,-83.44999999999999,-905.45,204,48,30,4,2
train,0.25,940,-1,0.050000000000000044,222.2872621600448,34.375,0,0,77,12,63.59999999999999,23.47926199261993,87.07926199261992,-1075.0,-93.4,-1168.4,179,79,27,3,0
train,0.25,941,-1,0.050000000000000044,258.21870190369,11.11111111111111,0,0,93,11,64.39999999999999,23.47926199261993,87.87926199261992,-1494.0,-107.5,-1601.5,167,81,36,4,0
train,0.25,942,-1,0.050000000000000044,85.14718365968254,54.861111111111114,91,10,0,0,27.2,23.47926199261993,50.67926199261993,-2115.0,-49.89999999999999,-2164.8999999999996,243,18,20,7,0
train,0.25,943,-1,0.050000000000000044,124.51955099472318,72.56944444444444,51,2,0,0,44.8,23.47926199261993,68.27926199261992,-927.0,-71.8,-998.8,211,44,31,2,0
train,0.25,944,-1,0.050000000000000044,135.92935212339788,89.58333333333334,0,0,0,0,46.8,23.47926199261993,70.27926199261992,474.0,-79.89999999999999,394.1,199,58,28,3,0
train,0.25,945,-1,0.050000000000000044,173.6061502389465,63.19444444444444,0,0,0,0,70.0,23.47926199261993,93.47926199261993,258.0,-143.1,114.89999999999999,128,102,55,3,0
train,0.25,946,-1,0.050000000000000044,104.92430429038714,57.986111111111114,53,7,0,0,49.599999999999994,23.47926199261993,73.07926199261992,-1206.0,-97.0,-1303.0000000000002,192,42,50,4,0
train,0.25,947,-1,0.050000000000000044,177.57732545139845,52.083333333333336,0,0,0,0,60.8,23.47926199261993,84.27926199261992,162.0,-111.80000000000001,50.2,165,73,49,1,0
train,0.25,948,-1,0.050000000000000044,143.2511713054116,89.93055555555556,0,0,0,0,53.19999999999999,23.47926199261993,76.67926199261991,489.0,-103.8,385.20000000000005,176,64,46,2,0
train,0.25,949,-1,0.050000000000000044,203.47052613596986,24.65277777777778,0,0,0,0,75.6,23.47926199261993,99.07926199261992,-75.0,-122.6,-197.60000000000002,151,85,51,1,0
eval,0.25,949,0,0.0,110.30435171456722,72.91666666666666,46,5,0,0,44.8,23.47926199261993,68.27926199261992,-834.0,-93.79999999999998,-927.8000000000001,195,44,43,6,0
eval,0.25,949,1,0.0,106.52985586948449,57.986111111111114,65,13,0,0,41.99999999999999,23.47926199261993,65.47926199261993,-1473.0,-89.8,-1562.8000000000002,203,37,39,9,0
eval,0.25,949,2,0.0,206.24778845557032,26.73611111111111,11,1,0,0,70.0,23.47926199261993,93.47926199261993,-351.0,-121.19999999999999,-472.20000000000005,148,95,44,1,0
eval,0.25,949,3,0.0,166.23282159574904,52.083333333333336,14,2,1,1,58.79999999999999,23.47926199261993,82.27926199261992,-227.0,-115.4,-342.4,165,70,49,4,0
eval,0.25,949,4,0.0,173.61276809657633,53.125,0,0,0,0,72.8,23.47926199261993,96.27926199261992,171.0,-133.2,37.80000000000001,142,84,62,0,0
train,0.25,950,-1,0.050000000000000044,248.19656473717683,20.13888888888889,0,0,101,5,75.6,23.47926199261993,99.07926199261992,-1528.0,-98.6,-1626.6,171,85,31,1,0
train,0.25,951,-1,0.050000000000000044,100.96147962893302,62.84722222222222,90,6,0,0,41.99999999999999,23.47926199261993,65.47926199261993,-1953.0,-76.5,-2029.5,205,49,32,2,0
train,0.25,952,-1,0.050000000000000044,189.7813655166403,30.208333333333332,0,0,0,0,57.99999999999999,23.47926199261993,81.47926199261993,-27.0,-96.69999999999999,-123.70000000000002,183,60,44,1,0
train,0.25,953,-1,0.050000000000000044,133.14049589146245,89.23611111111111,19,1,0,0,44.8,23.47926199261993,68.27926199261992,21.0,-76.8,-55.80000000000001,204,48,36,0,0
train,0.25,954,-1,0.050000000000000044,122.1030731656114,87.5,20,4,0,0,42.0,23.47926199261993,65.47926199261993,-60.0,-74.4,-134.39999999999998,208,46,32,2,0
train,0.25,955,-1,0.050000000000000044,252.72736446897528,23.26388888888889,0,0,87,2,60.79999999999999,23.47926199261993,84.27926199261992,-1305.0,-113.94999999999999,-1418.95,173,67,38,8,2
train,0.25,956,-1,0.050000000000000044,139.17556001084387,72.56944444444444,8,3,0,0,47.599999999999994,23.47926199261993,71.07926199261992,96.0,-88.1,7.899999999999977,195,47,46,0,0
train,0.25,957,-1,0.050000000000000044,193.22965835552318,28.47222222222222,0,0,0,0,83.19999999999999,23.47926199261993,106.67926199261991,-42.0,-143.0,-185.0,130,96,60,2,0
train,0.25,958,-1,0.050000000000000044,129.42246170295863,78.125,5,4,0,0,47.599999999999994,23.47926199261993,71.07926199261992,207.0,-89.8,117.20000000000005,197,43,45,3,0
train,0.25,959,-1,0.050000000000000044,153.44271627005526,75.34722222222221,0,0,0,0,58.8,23.47926199261993,82.27926199261992,363.0,-108.3,254.70000000000005,169,69,50,0,0
train,0.25,960,-1,0.050000000000000044,69.26059051769192,29.86111111111111,146,16,0,0,33.599999999999994,23.47926199261993,57.07926199261992,-3702.0,-58.125,-3760.125,237,24,16,10,1
train,0.25,961,-1,0.050000000000000044,85.63521570530287,57.638888888888886,102,7,0,0,42.0,23.47926199261993,65.47926199261993,-2298.0,-60.89999999999999,-2358.8999999999996,224,36,25,3,0
train,0.25,962,-1,0.050000000000000044,112.62943397534511,79.86111111111111,30,3,0,0,55.199999999999996,23.47926199261993,78.67926199261993,-402.0,-100.89999999999999,-502.8999999999999,177,66,44,1,0
train,0.25,963,-1,0.050000000000000044,85.71347989462222,52.083333333333336,82,10,0,0,39.199999999999996,23.47926199261993,62.67926199261993,-1974.0,-74.39999999999999,-2048.4,215,32,37,4,0
train,0.25,964,-1,0.050000000000000044,155.52917821973676,86.11111111111111,0,0,0,0,61.6,23.47926199261993,85.07926199261993,456.0,-96.4,359.6,181,64,43,0,0
train,0.25,965,-1,0.050000000000000044,144.8039902219891,95.48611111111111,0,0,0,0,55.99999999999999,23.47926199261993,79.47926199261993,537.0,-90.8,446.2,189,56,43,0,0
train,0.25,966,-1,0.050000000000000044,70.57825607545573,27.430555555555557,153,14,0,0,30.799999999999997,23.47926199261993,54.27926199261992,-3891.0,-64.1,-3955.1,230,25,23,10,0
train,0.25,967,-1,0.050000000000000044,89.20561298060375,65.97222222222221,55,6,0,0,30.799999999999997,23.47926199261993,54.27926199261992,-1167.0,-65.0,-1232.0,225,31,25,7,0
train,0.25,968,-1,0.050000000000000044,102.284966108399,77.43055555555556,28,5,0,0,41.199999999999996,23.47926199261993,64.67926199261993,-402.0,-71.60000000000001,-473.6,218,29,38,3,0
train,0.25,969,-1,0.050000000000000044,106.39622578444488,72.22222222222221,50,5,0,0,41.99999999999999,23.47926199261993,65.47926199261993,-933.0,-70.6,-1003.6000000000001,219,30,35,4,0
train,0.25,970,-1,0.050000000000000044,96.58886639671174,65.625,37,8,0,0,42.0,23.47926199261993,65.47926199261993,-792.0,-70.29999999999998,-862.3000000000001,217,41,22,8,0
train,0.25,971,-1,0.050000000000000044,201.320713042458,31.25,0,0,0,0,75.6,23.47926199261993,99.07926199261992,-18.0,-158.40000000000003,-176.39999999999998,107,119,61,1,0
train,0.25,972,-1,0.050000000000000044,96.05136538034043,61.111111111111114,53,10,0,0,55.99999999999999,23.47926199261993,79.47926199261993,-1209.0,-91.99999999999999,-1301.0,192,52,40,4,0
train,0.25,973,-1,0.050000000000000044,296.4136906160692,4.513888888888888,0,0,188,3,64.39999999999999,23.47926199261993,87.87926199261992,-2881.0,-67.79999999999998,-2948.8,204,66,18,0,0
train,0.25,974,-1,0.050000000000000044,169.81296219367675,59.72222222222222,0,0,0,0,58.0,23.47926199261993,81.47926199261993,228.0,-95.6,132.39999999999998,180,68,40,0,0
train,0.25,975,-1,0.050000000000000044,291.99079922560327,1.3888888888888888,0,0,142,7,50.39999999999999,23.47926199261993,73.87926199261992,-2264.0,-96.8,-2360.8,186,54,46,2,0
train,0.25,976,-1,0.050000000000000044,134.90235788625046,79.16666666666666,19,1,0,0,41.99999999999999,23.47926199261993,65.47926199261993,-156.0,-81.3,-237.3,206,37,43,2,0
train,0.25,977,-1,0.050000000000000044,170.68684489983104,67.36111111111111,0,0,0,0,58.79999999999999,23.47926199261993,82.27926199261992,294.0,-113.5,180.5,166,70,49,3,0
train,0.25,978,-1,0.050000000000000044,246.5573964959118,4.513888888888888,0,0,39,5,69.99999999999999,23.47926199261993,93.47926199261991,-795.0,-68.79999999999998,-863.8000000000001,205,63,19,1,0
train,0.25,979,-1,0.050000000000000044,200.19086607487387,14.583333333333334,0,0,0,0,53.199999999999996,23.47926199261993,76.67926199261993,-162.0,-94.19999999999999,-256.20000000000005,189,52,45,2,0
train,0.25,980,-1,0.050000000000000044,248.24744577915212,10.76388888888889,0,0,38,8,68.39999999999999,23.47926199261993,91.87926199261992,-727.0,-99.89999999999999,-826.9,167,92,28,1,0
train,0.25,981,-1,0.050000000000000044,183.79919779266135,53.81944444444444,0,0,0,0,56.0,23.47926199261993,79.47926199261993,177.0,-105.3,71.69999999999999,183,54,42,9,0
train,0.25,982,-1,0.050000000000000044,312.3847979853825,3.8194444444444446,0,0,215,6,53.199999999999996,23.47926199261993,76.67926199261993,-3265.0,-44.39999999999999,-3309.4000000000005,231,48,9,0,0
train,0.25,983,-1,0.050000000000000044,213.18287318913315,35.41666666666667,0,0,54,1,55.99999999999999,23.47926199261993,79.47926199261993,-738.0,-95.7,-833.7,185,60,40,3,0
train,0.25,984,-1,0.050000000000000044,279.83827170510915,7.986111111111111,0,0,126,5,62.0,23.47926199261993,85.47926199261993,-1983.0,-91.2,-2074.2000000000003,184,70,32,2,0
train,0.25,985,-1,0.050000000000000044,200.2437838404511,38.19444444444444,0,0,0,0,55.199999999999996,23.47926199261993,78.67926199261993,42.0,-89.6,-47.60000000000002,185,68,35,0,0
train,0.25,986,-1,0.050000000000000044,65.88572238648867,17.36111111111111,178,15,0,0,33.599999999999994,23.47926199261993,57.07926199261992,-4590.0,-70.19999999999999,-4660.200000000001,224,23,34,7,0
train,0.25,987,-1,0.050000000000000044,146.12051667978182,73.95833333333334,0,0,0,0,50.4,23.47926199261993,73.87926199261993,351.0,-82.39999999999999,268.6,202,43,42,1,0
train,0.25,988,-1,0.050000000000000044,115.87294837365464,93.05555555555556,0,0,0,0,55.99999999999999,23.47926199261993,79.47926199261993,492.0,-83.5,408.5,196,58,31,3,0
train,0.25,989,-1,0.050000000000000044,297.86843901880457,9.375,0,0,165,5,66.39999999999999,23.47926199261993,89.87926199261992,-2517.0,-89.6,-2606.6000000000004,183,77,25,3,0
train,0.25,990,-1,0.050000000000000044,207.9500027980689,29.51388888888889,0,0,0,0,50.39999999999999,23.47926199261993,73.87926199261992,-33.0,-92.3,-125.30000000000001,192,50,43,3,0
train,0.25,991,-1,0.050000000000000044,141.08323294912134,70.48611111111111,7,2,0,0,50.39999999999999,23.47926199261993,73.87926199261992,108.0,-108.69999999999999,-0.6999999999999886,180,53,47,8,0
train,0.25,992,-1,0.050000000000000044,134.57895684903716,81.59722222222221,0,0,0,0,47.599999999999994,23.47926199261993,71.07926199261992,378.0,-86.79999999999998,291.2,197,49,39,3,0
train,0.25,993,-1,0.050000000000000044,144.9226365625576,93.75,0,0,0,0,61.599999999999994,23.47926199261993,85.07926199261992,522.0,-84.3,437.70000000000005,201,50,30,7,0
train,0.25,994,-1,0.050000000000000044,94.27232705080675,57.638888888888886,92,5,0,0,47.599999999999994,23.47926199261993,71.07926199261992,-2073.0,-69.7,-2142.7,214,41,31,2,0
train,0.25,995,-1,0.050000000000000044,84.89145699812268,52.083333333333336,82,11,0,0,44.8,23.47926199261993,68.27926199261992,-1965.0,-59.599999999999994,-2024.6,226,31,30,1,0
train,0.25,996,-1,0.050000000000000044,149.3036011177097,67.01388888888889,16,2,0,0,53.19999999999999,23.47926199261993,76.67926199261991,-108.0,-90.30000000000001,-198.29999999999995,196,43,47,2,0
train,0.25,997,-1,0.050000000000000044,145.59847635990582,88.19444444444444,0,0,0,0,57.99999999999999,23.47926199261993,81.47926199261993,453.0,-102.52499999999998,350.475,184,54,45,4,1
train,0.25,998,-1,0.050000000000000044,97.73525069997874,50.0,72,11,0,0,39.199999999999996,23.47926199261993,62.67926199261993,-1767.0,-80.6,-1847.6000000000004,214,29,36,9,0
train,0.25,999,-1,0.050000000000000044,64.88279975783053,20.13888888888889,183,14,0,0,33.599999999999994,23.47926199261993,57.07926199261992,-4647.0,-64.8,-4711.799999999999,226,29,26,7,0
eval,0.25,999,0,0.0,160.43799875009984,78.47222222222221,0,0,0,0,30.799999999999997,23.47926199261993,54.27926199261992,390.0,-70.625,319.375,221,29,33,4,1
eval,0.25,999,1,0.0,199.47318073872646,32.98611111111111,0,0,7,1,30.799999999999997,23.47926199261993,54.27926199261992,-101.0,-68.625,-169.62499999999997,221,33,29,4,1
eval,0.25,999,2,0.0,119.76464154636966,81.25,12,4,0,0,25.199999999999996,23.47926199261993,48.67926199261993,54.0,-55.69999999999999,-1.700000000000017,234,21,31,2,0
eval,0.25,999,3,0.0,143.8767251658261,88.19444444444444,0,0,0,0,27.999999999999996,23.47926199261993,51.479261992619925,474.0,-64.725,409.2750000000001,227,25,32,3,1
eval,0.25,999,4,0.0,188.54509361491986,30.555555555555557,0,0,0,0,30.799999999999997,23.47926199261993,54.27926199261992,-24.0,-62.89999999999999,-86.9,222,34,31,1,0
