phase,coeff,train_episode,eval_episode,epsilon,mean_glucose,time_in_range_percent,hypo_steps,hypo_events,severe_hyper_steps,severe_hyper_events,total_bolus_units,total_basal_units,total_insulin_units,sum_zone_reward,sum_insulin_penalty,total_reward,action_0_count,action_1_count,action_2_count,action_3_count,action_4_count,source
train,0.1,0,-1,1.0,162.89506171399276,56.25,3,3,0,0,1699.6,23.47926199261993,1723.07926199262,-171.0,-169.95999999999998,-340.96000000000004,54,59,60,39,76,final_dqn_seed42.csv
train,0.1,1,-1,0.9982,86.58657642877682,51.73611111111112,101,7,0,0,1415.1,23.47926199261993,1438.57926199262,-2061.0,-141.51,-2202.51,76,62,53,46,51,final_dqn_seed42.csv
train,0.1,2,-1,0.9964,108.21444080902504,61.11111111111112,53,4,0,0,1539.0,23.47926199261993,1562.47926199262,-1128.0,-153.89999999999998,-1281.9,57,60,69,48,54,final_dqn_seed42.csv
train,0.1,3,-1,0.9946,107.01393889850488,74.30555555555556,34,5,0,0,1615.1,23.47926199261993,1638.57926199262,-657.0,-161.51,-818.51,58,57,60,50,63,final_dqn_seed42.csv
train,0.1,4,-1,0.9928,107.98235096873488,73.61111111111111,52,3,0,0,1688.6,23.47926199261993,1712.07926199262,-942.0,-168.86,-1110.86,50,58,59,55,66,final_dqn_seed42.csv
train,0.1,5,-1,0.991,136.61633166318606,58.68055555555556,35,2,0,0,1605.2999999999995,23.47926199261993,1628.7792619926197,-756.0,-160.53000000000003,-916.53,50,65,61,55,57,final_dqn_seed42.csv
train,0.1,6,-1,0.9892,107.03363380564218,81.94444444444444,6,5,0,0,1545.8000000000002,23.47926199261993,1569.27926199262,-105.0,-154.58,-259.58000000000004,59,56,68,51,54,final_dqn_seed42.csv
train,0.1,7,-1,0.9874,134.45629152359095,75.69444444444444,25,6,0,0,1681.1999999999998,23.47926199261993,1704.6792619926198,-417.0,-168.12,-585.1200000000001,53,51,62,58,64,final_dqn_seed42.csv
train,0.1,8,-1,0.9856,73.38539043971963,30.55555555555556,177,7,0,0,1598.3,23.47926199261993,1621.77926199262,-3564.0,-159.82999999999998,-3723.83,56,66,56,47,63,final_dqn_seed42.csv
train,0.1,9,-1,0.9838,134.258025793298,93.05555555555556,0,0,0,0,1641.6999999999998,23.47926199261993,1665.1792619926198,222.0,-164.17000000000002,57.83,55,53,62,57,61,final_dqn_seed42.csv
train,0.1,10,-1,0.982,164.59593141459905,70.83333333333334,0,0,0,0,1630.1999999999998,23.47926199261993,1653.6792619926198,36.0,-163.01999999999998,-127.01999999999998,60,45,61,64,58,final_dqn_seed42.csv
train,0.1,11,-1,0.9802,104.98996003579686,48.61111111111111,87,9,0,0,1534.0,23.47926199261993,1557.47926199262,-1830.0,-153.39999999999998,-1983.4,60,56,66,54,52,final_dqn_seed42.csv
train,0.1,12,-1,0.9784,73.91186028719329,34.72222222222222,179,5,0,0,1747.9,23.47926199261993,1771.3792619926198,-3525.0,-174.79000000000002,-3699.79,44,62,56,55,71,final_dqn_seed42.csv
train,0.1,13,-1,0.9766,115.59885715563355,62.5,35,7,0,0,1616.0,23.47926199261993,1639.47926199262,-774.0,-161.6,-935.6,54,56,67,51,60,final_dqn_seed42.csv
train,0.1,14,-1,0.9748,129.8955532245183,27.08333333333333,76,10,0,0,1551.3,23.47926199261993,1574.77926199262,-1815.0,-155.13,-1970.13,64,57,56,54,57,final_dqn_seed42.csv
train,0.1,15,-1,0.973,171.1932516028506,61.80555555555556,0,0,0,0,1653.4,23.47926199261993,1676.8792619926198,-42.0,-165.33999999999995,-207.34,47,59,57,71,54,final_dqn_seed42.csv
train,0.1,16,-1,0.9712,265.3900627775585,6.597222222222222,0,0,66,3,1671.6999999999998,23.47926199261993,1695.1792619926198,-1047.0,-167.17000000000002,-1214.17,58,56,52,53,69,final_dqn_seed42.csv
train,0.1,17,-1,0.9694,79.63767210059653,43.75,132,10,0,0,1592.6999999999998,23.47926199261993,1616.1792619926198,-2664.0,-159.27,-2823.2700000000004,58,50,66,59,55,final_dqn_seed42.csv
train,0.1,18,-1,0.9676,128.2526546865512,65.97222222222221,40,5,0,0,1676.6999999999998,23.47926199261993,1700.1792619926198,-786.0,-167.67000000000002,-953.67,56,52,59,54,67,final_dqn_seed42.csv
train,0.1,19,-1,0.9658,193.82071341849849,21.52777777777778,0,0,0,0,1567.6,23.47926199261993,1591.07926199262,-390.0,-156.76,-546.76,56,74,48,50,60,final_dqn_seed42.csv
train,0.1,20,-1,0.964,95.2789288380792,57.29166666666666,84,9,0,0,1680.7999999999995,23.47926199261993,1704.2792619926197,-1698.0,-168.08,-1866.08,56,58,49,57,68,final_dqn_seed42.csv
train,0.1,21,-1,0.9622,137.5599719304899,77.08333333333334,20,3,0,0,1603.2,23.47926199261993,1626.67926199262,-309.0,-160.32,-469.3200000000001,51,57,64,64,52,final_dqn_seed42.csv
train,0.1,22,-1,0.9604,126.6353654272187,96.875,2,1,0,0,1484.8,23.47926199261993,1508.27926199262,204.0,-148.48000000000002,55.52,66,62,57,51,52,final_dqn_seed42.csv
train,0.1,23,-1,0.9586,187.31324041269315,40.625,0,0,0,0,1495.2,23.47926199261993,1518.67926199262,-225.0,-149.52,-374.52,74,53,47,62,52,final_dqn_seed42.csv
train,0.1,24,-1,0.9568,90.72510403605231,46.52777777777778,120,9,0,0,1572.4,23.47926199261993,1595.8792619926198,-2436.0,-157.24,-2593.24,58,64,51,59,56,final_dqn_seed42.csv
train,0.1,25,-1,0.955,158.8708092102935,65.27777777777779,4,2,0,0,1494.6,23.47926199261993,1518.07926199262,-108.0,-149.45999999999998,-257.46000000000004,66,55,69,44,54,final_dqn_seed42.csv
train,0.1,26,-1,0.9532,228.85978137982977,21.875,0,0,20,3,1647.1,23.47926199261993,1670.57926199262,-547.0,-164.70999999999998,-711.71,58,48,57,66,59,final_dqn_seed42.csv
train,0.1,27,-1,0.9514,150.71011553065824,94.44444444444444,0,0,0,0,1645.1,23.47926199261993,1668.57926199262,240.0,-164.51,75.49000000000001,63,51,53,54,67,final_dqn_seed42.csv
train,0.1,28,-1,0.9496,75.82674768741803,38.19444444444444,125,15,0,0,1530.4,23.47926199261993,1553.87926199262,-2655.0,-153.04,-2808.04,58,64,59,55,52,final_dqn_seed42.csv
train,0.1,29,-1,0.9478,165.2609532038077,63.888888888888886,0,0,0,0,1757.2,23.47926199261993,1780.67926199262,-30.0,-175.72,-205.72,49,52,58,57,72,final_dqn_seed42.csv
train,0.1,30,-1,0.946,108.64546207349102,75.34722222222221,41,7,0,0,1601.2,23.47926199261993,1624.67926199262,-744.0,-160.12,-904.12,60,56,56,56,60,final_dqn_seed42.csv
train,0.1,31,-1,0.9442,135.72668193623772,98.95833333333334,1,1,0,0,1642.5,23.47926199261993,1665.97926199262,255.0,-164.25,90.75,59,50,56,62,61,final_dqn_seed42.csv
train,0.1,32,-1,0.9424,224.863331999674,19.791666666666664,0,0,53,5,1458.1,23.47926199261993,1481.57926199262,-829.0,-145.81,-974.81,77,43,64,55,49,final_dqn_seed42.csv
train,0.1,33,-1,0.9406,219.0582439264853,19.444444444444446,0,0,9,2,1705.0,23.47926199261993,1728.47926199262,-480.0,-170.5,-650.5,46,44,74,66,58,final_dqn_seed42.csv
train,0.1,34,-1,0.9388,149.88447902807468,89.23611111111111,0,0,0,0,1572.5,23.47926199261993,1595.97926199262,195.0,-157.25,37.75000000000001,52,71,57,51,57,final_dqn_seed42.csv
train,0.1,35,-1,0.937,195.22135431792128,37.5,0,0,0,0,1744.8,23.47926199261993,1768.27926199262,-252.0,-174.48000000000002,-426.48,50,53,51,66,68,final_dqn_seed42.csv
train,0.1,36,-1,0.9352,174.58810919230896,63.54166666666666,0,0,2,1,1642.6999999999998,23.47926199261993,1666.1792619926198,-43.0,-164.26999999999998,-207.27,59,52,56,58,63,final_dqn_seed42.csv
train,0.1,37,-1,0.9334,234.3130439376577,11.805555555555555,0,0,74,4,1550.9,23.47926199261993,1574.37926199262,-1066.0,-155.08999999999995,-1221.09,64,53,56,62,53,final_dqn_seed42.csv
train,0.1,38,-1,0.9316,219.03851460934928,12.84722222222222,0,0,0,0,1571.6999999999998,23.47926199261993,1595.1792619926198,-465.0,-157.17,-622.1700000000001,69,53,49,56,61,final_dqn_seed42.csv
train,0.1,39,-1,0.9298,100.3861658944724,68.05555555555556,60,6,0,0,1571.1,23.47926199261993,1594.57926199262,-1161.0,-157.11,-1318.11,68,41,62,62,55,final_dqn_seed42.csv
train,0.1,40,-1,0.928,139.00942461325926,79.16666666666666,0,0,0,0,1677.0,23.47926199261993,1700.47926199262,81.0,-167.7,-86.7,37,67,69,57,58,final_dqn_seed42.csv
train,0.1,41,-1,0.9262,90.45548334695236,63.19444444444444,75,4,0,0,1587.2999999999995,23.47926199261993,1610.7792619926197,-1473.0,-158.73,-1631.73,54,63,60,54,57,final_dqn_seed42.csv
train,0.1,42,-1,0.9244,94.59492149959496,67.01388888888889,69,3,0,0,1548.5,23.47926199261993,1571.97926199262,-1317.0,-154.84999999999997,-1471.85,65,42,66,66,49,final_dqn_seed42.csv
train,0.1,43,-1,0.9226,71.6457044078584,31.25,162,9,0,0,1617.9,23.47926199261993,1641.37926199262,-3330.0,-161.79000000000002,-3491.7900000000004,65,43,64,53,63,final_dqn_seed42.csv
train,0.1,44,-1,0.9208,127.11844736184148,81.59722222222221,21,5,0,0,1715.4,23.47926199261993,1738.87926199262,-309.0,-171.54,-480.54,50,53,51,72,62,final_dqn_seed42.csv
train,0.1,45,-1,0.919,142.61869358075506,53.125,16,3,0,0,1558.4,23.47926199261993,1581.8792619926198,-483.0,-155.83999999999995,-638.8399999999999,52,77,50,53,56,final_dqn_seed42.csv
train,0.1,46,-1,0.9172,141.8952765163857,94.79166666666666,0,0,0,0,1560.5,23.47926199261993,1583.97926199262,243.0,-156.05,86.95,56,66,59,50,57,final_dqn_seed42.csv
train,0.1,47,-1,0.9154,109.40456060352976,52.083333333333336,107,5,0,0,1697.3,23.47926199261993,1720.77926199262,-2085.0,-169.73000000000002,-2254.73,47,57,57,66,61,final_dqn_seed42.csv
train,0.1,48,-1,0.9136,86.27996051653386,54.86111111111112,98,8,0,0,1659.6999999999998,23.47926199261993,1683.1792619926198,-1962.0,-165.97,-2127.97,44,69,51,67,57,final_dqn_seed42.csv
train,0.1,49,-1,0.9118,318.17765705720444,2.7777777777777777,0,0,213,2,1743.1999999999998,23.47926199261993,1766.6792619926198,-2256.0,-174.32,-2430.32,54,54,46,62,72,final_dqn_seed42.csv
eval,0.1,49,0,0.0,331.99778719536016,6.25,0,0,253,2,50.0,23.47926199261993,73.47926199261993,-2546.0,-5.0,-2551.0,284,0,0,0,4,final_dqn_seed42.csv
eval,0.1,49,1,0.0,293.46721104249787,4.166666666666666,0,0,162,7,62.5,23.47926199261993,85.97926199261993,-1836.0,-6.25,-1842.25,283,0,0,0,5,final_dqn_seed42.csv
eval,0.1,49,2,0.0,73.03661025877078,26.73611111111111,131,16,0,0,1099.1,23.47926199261993,1122.57926199262,-2943.0,-109.91,-3052.9100000000003,21,226,6,0,35,final_dqn_seed42.csv
eval,0.1,49,3,0.0,87.47652314881982,60.41666666666666,65,9,0,0,1024.5,23.47926199261993,1047.97926199262,-1371.0,-102.45,-1473.45,28,208,27,0,25,final_dqn_seed42.csv
eval,0.1,49,4,0.0,152.03975825893465,79.51388888888889,0,0,0,0,447.6,23.47926199261993,471.0792619926199,111.0,-44.76,66.24,187,34,63,0,4,final_dqn_seed42.csv
train,0.1,50,-1,0.91,106.85102756785496,42.01388888888889,110,6,0,0,1573.1999999999998,23.47926199261993,1596.6792619926198,-2244.0,-157.32,-2401.3200000000006,67,49,59,53,60,final_dqn_seed42.csv
train,0.1,51,-1,0.9082,201.9686357047616,29.51388888888889,3,2,23,1,1539.1999999999998,23.47926199261993,1562.6792619926198,-583.0,-153.92,-736.92,59,60,67,46,56,final_dqn_seed42.csv
train,0.1,52,-1,0.9064,149.81521546590017,81.59722222222221,0,0,0,0,1549.0,23.47926199261993,1572.47926199262,117.0,-154.9,-37.899999999999984,67,52,59,52,58,final_dqn_seed42.csv
train,0.1,53,-1,0.9046,195.08861729891856,41.66666666666667,0,0,0,0,1722.5,23.47926199261993,1745.97926199262,-216.0,-172.25,-388.25,52,52,57,58,69,final_dqn_seed42.csv
train,0.1,54,-1,0.9028,87.06056843889017,37.15277777777778,121,10,0,0,1659.3,23.47926199261993,1682.77926199262,-2565.0,-165.93,-2730.9300000000007,56,46,65,60,61,final_dqn_seed42.csv
train,0.1,55,-1,0.901,156.52198414766187,78.125,0,0,0,0,1599.0,23.47926199261993,1622.47926199262,99.0,-159.9,-60.900000000000006,51,57,69,57,54,final_dqn_seed42.csv
train,0.1,56,-1,0.8992,93.68784993525344,70.48611111111111,78,1,0,0,1722.1,23.47926199261993,1745.57926199262,-1392.0,-172.20999999999998,-1564.2099999999998,51,49,58,65,65,final_dqn_seed42.csv
train,0.1,57,-1,0.8974,91.87753549209884,59.375,86,9,0,0,1697.4,23.47926199261993,1720.87926199262,-1704.0,-169.74,-1873.74,56,63,45,50,74,final_dqn_seed42.csv
train,0.1,58,-1,0.8956,131.1409591604672,99.6527777777778,0,0,0,0,1688.0,23.47926199261993,1711.47926199262,285.0,-168.8,116.2,46,63,58,57,64,final_dqn_seed42.csv
train,0.1,59,-1,0.8938,168.28024789645627,71.52777777777779,0,0,0,0,1522.9,23.47926199261993,1546.3792619926198,42.0,-152.29000000000002,-110.29,67,57,51,60,53,final_dqn_seed42.csv
train,0.1,60,-1,0.892,121.11729829353898,72.91666666666666,20,4,0,0,1601.6,23.47926199261993,1625.07926199262,-372.0,-160.16,-532.1600000000001,53,60,61,58,56,final_dqn_seed42.csv
train,0.1,61,-1,0.8902,76.54600119069697,42.36111111111111,127,9,0,0,1696.0,23.47926199261993,1719.47926199262,-2613.0,-169.60000000000002,-2782.6,48,64,55,53,68,final_dqn_seed42.csv
train,0.1,62,-1,0.8884,139.3308044885747,30.55555555555556,53,4,0,0,1522.1,23.47926199261993,1545.57926199262,-1341.0,-152.20999999999998,-1493.21,54,69,59,57,49,final_dqn_seed42.csv
train,0.1,63,-1,0.8866,107.67421759840128,57.638888888888886,91,4,0,0,1620.1999999999998,23.47926199261993,1643.6792619926198,-1767.0,-162.01999999999998,-1929.02,55,55,61,59,58,final_dqn_seed42.csv
train,0.1,64,-1,0.8848,290.1133801217416,1.7361111111111112,0,0,157,5,1647.1999999999998,23.47926199261993,1670.6792619926198,-1817.0,-164.72000000000003,-1981.7200000000005,64,50,53,53,68,final_dqn_seed42.csv
train,0.1,65,-1,0.883,182.81380786135085,50.0,0,0,0,0,1683.6,23.47926199261993,1707.07926199262,-144.0,-168.36,-312.36,59,48,57,56,68,final_dqn_seed42.csv
train,0.1,66,-1,0.8812,162.87755224338105,71.18055555555556,0,0,0,0,1567.9,23.47926199261993,1591.37926199262,39.0,-156.79,-117.79,68,44,72,41,63,final_dqn_seed42.csv
train,0.1,67,-1,0.8794,180.1609367783144,56.59722222222222,0,0,0,0,1497.6,23.47926199261993,1521.07926199262,-87.0,-149.76,-236.76,58,65,69,44,52,final_dqn_seed42.csv
train,0.1,68,-1,0.8775999999999999,84.03348297070113,45.13888888888889,118,4,0,0,1740.5,23.47926199261993,1763.97926199262,-2412.0,-174.05,-2586.05,56,53,45,61,73,final_dqn_seed42.csv
train,0.1,69,-1,0.8758,99.81032770932708,61.80555555555556,56,13,0,0,1579.4,23.47926199261993,1602.8792619926198,-1212.0,-157.94,-1369.94,50,65,65,54,54,final_dqn_seed42.csv
train,0.1,70,-1,0.874,160.26045999811998,80.90277777777779,0,0,0,0,1607.6,23.47926199261993,1631.07926199262,123.0,-160.76,-37.760000000000005,57,39,77,63,52,final_dqn_seed42.csv
train,0.1,71,-1,0.8722,125.9271213789348,54.513888888888886,37,5,0,0,1406.3000000000002,23.47926199261993,1429.77926199262,-891.0,-140.63,-1031.63,60,74,65,46,43,final_dqn_seed42.csv
train,0.1,72,-1,0.8704000000000001,124.21055794481678,71.18055555555556,47,6,0,0,1636.6,23.47926199261993,1660.07926199262,-843.0,-163.66000000000005,-1006.66,47,59,70,54,58,final_dqn_seed42.csv
train,0.1,73,-1,0.8686,152.72229045340026,62.84722222222222,1,1,0,0,1446.9,23.47926199261993,1470.3792619926198,-87.0,-144.69,-231.69,69,58,64,48,49,final_dqn_seed42.csv
train,0.1,74,-1,0.8668,123.4067678040502,84.375,23,2,0,0,1541.9,23.47926199261993,1565.37926199262,-270.0,-154.19,-424.19,61,57,64,51,55,final_dqn_seed42.csv
train,0.1,75,-1,0.865,169.1197104035256,50.0,0,0,0,0,1537.9,23.47926199261993,1561.3792619926198,-144.0,-153.79000000000002,-297.79,59,54,76,44,55,final_dqn_seed42.csv
train,0.1,76,-1,0.8632,207.0756634974234,19.09722222222222,0,0,0,0,1483.9,23.47926199261993,1507.37926199262,-411.0,-148.39,-559.39,69,50,75,39,55,final_dqn_seed42.csv
train,0.1,77,-1,0.8613999999999999,117.1313092992816,50.34722222222222,66,10,0,0,1562.9,23.47926199261993,1586.3792619926198,-1419.0,-156.29,-1575.2900000000002,60,58,61,52,57,final_dqn_seed42.csv
train,0.1,78,-1,0.8596,232.62381165417548,9.722222222222223,0,0,4,2,1341.7,23.47926199261993,1365.17926199262,-524.0,-134.17,-658.1700000000001,90,56,48,45,49,final_dqn_seed42.csv
train,0.1,79,-1,0.8578,124.20670777588424,93.4027777777778,5,1,0,0,1465.6999999999998,23.47926199261993,1489.1792619926198,99.0,-146.57,-47.56999999999999,64,48,74,61,41,final_dqn_seed42.csv
train,0.1,80,-1,0.856,323.13304264166624,2.083333333333333,0,0,225,1,1440.3000000000002,23.47926199261993,1463.77926199262,-2358.0,-144.02999999999997,-2502.03,77,47,67,46,51,final_dqn_seed42.csv
train,0.1,81,-1,0.8542,77.72879177467426,40.97222222222222,125,9,0,0,1786.9,23.47926199261993,1810.37926199262,-2607.0,-178.69,-2785.6900000000005,45,52,53,69,69,final_dqn_seed42.csv
train,0.1,82,-1,0.8524,170.36623716520205,66.31944444444444,0,0,0,0,1606.8999999999996,23.47926199261993,1630.3792619926196,-3.0,-160.69,-163.69,47,70,53,65,53,final_dqn_seed42.csv
train,0.1,83,-1,0.8506,110.88131550231104,82.98611111111111,38,4,0,0,1548.2,23.47926199261993,1571.67926199262,-576.0,-154.82,-730.8200000000002,52,52,79,59,46,final_dqn_seed42.csv
train,0.1,84,-1,0.8488,123.4221678003166,76.38888888888889,28,4,0,0,1590.6999999999998,23.47926199261993,1614.1792619926198,-510.0,-159.07,-669.0699999999999,66,50,66,39,67,final_dqn_seed42.csv
train,0.1,85,-1,0.847,179.22463106461197,41.31944444444444,0,0,0,0,1447.4,23.47926199261993,1470.8792619926198,-219.0,-144.74,-363.74000000000007,72,60,68,30,58,final_dqn_seed42.csv
train,0.1,86,-1,0.8452,77.30213709077923,42.70833333333333,119,6,0,0,1883.8,23.47926199261993,1907.27926199262,-2487.0,-188.38,-2675.38,46,47,54,55,86,final_dqn_seed42.csv
train,0.1,87,-1,0.8434,111.04018330666518,68.75,55,4,0,0,1352.9,23.47926199261993,1376.3792619926198,-1044.0,-135.29,-1179.29,69,70,63,45,41,final_dqn_seed42.csv
train,0.1,88,-1,0.8416,134.21235455061372,78.81944444444444,17,4,0,0,1545.5,23.47926199261993,1568.97926199262,-234.0,-154.55,-388.55,51,61,69,60,47,final_dqn_seed42.csv
train,0.1,89,-1,0.8398,241.42928331355628,2.7777777777777777,0,0,38,7,1420.6,23.47926199261993,1444.07926199262,-856.0,-142.06,-998.06,77,67,38,56,50,final_dqn_seed42.csv
train,0.1,90,-1,0.838,219.25430910565328,9.375,0,0,0,0,1578.9,23.47926199261993,1602.3792619926198,-495.0,-157.89,-652.89,56,54,66,59,53,final_dqn_seed42.csv
train,0.1,91,-1,0.8362,127.0994340606546,87.15277777777779,0,0,0,0,1528.5,23.47926199261993,1551.97926199262,147.0,-152.85,-5.849999999999994,65,52,63,55,53,final_dqn_seed42.csv
train,0.1,92,-1,0.8344,94.70080220772827,61.11111111111112,99,2,0,0,1532.9,23.47926199261993,1556.37926199262,-1848.0,-153.28999999999996,-2001.29,54,58,74,53,49,final_dqn_seed42.csv
train,0.1,93,-1,0.8326,319.45734082444204,1.3888888888888888,0,0,200,1,1689.8,23.47926199261993,1713.27926199262,-2164.0,-168.98000000000002,-2332.98,59,61,50,40,78,final_dqn_seed42.csv
train,0.1,94,-1,0.8308,125.06566651995377,75.34722222222221,9,4,0,0,1478.3,23.47926199261993,1501.77926199262,-156.0,-147.82999999999998,-303.83000000000004,60,59,65,61,43,final_dqn_seed42.csv
train,0.1,95,-1,0.829,159.3140346969294,66.31944444444444,0,0,0,0,1547.6,23.47926199261993,1571.07926199262,-15.0,-154.76,-169.76,66,53,50,67,52,final_dqn_seed42.csv
train,0.1,96,-1,0.8271999999999999,188.036236897004,55.55555555555556,0,0,6,2,1681.3,23.47926199261993,1704.77926199262,-144.0,-168.13,-312.13,51,47,55,82,53,final_dqn_seed42.csv
train,0.1,97,-1,0.8254,99.56231565189218,71.875,66,5,0,0,1547.6,23.47926199261993,1571.07926199262,-1188.0,-154.76,-1342.76,54,65,62,55,52,final_dqn_seed42.csv
train,0.1,98,-1,0.8236,147.72759575720752,89.93055555555556,0,0,0,0,1511.0,23.47926199261993,1534.47926199262,198.0,-151.1,46.900000000000006,52,58,68,72,38,final_dqn_seed42.csv
train,0.1,99,-1,0.8218,282.9747093988968,19.09722222222222,0,0,150,4,1607.8,23.47926199261993,1631.27926199262,-1611.0,-160.78,-1771.7800000000002,64,55,55,48,66,final_dqn_seed42.csv
eval,0.1,99,0,0.0,208.06691000930172,48.95833333333333,0,0,44,3,41.2,23.47926199261993,64.67926199261993,-505.0,-4.119999999999999,-509.12,275,12,0,1,0,final_dqn_seed42.csv
eval,0.1,99,1,0.0,98.79826399991448,27.08333333333333,134,10,0,0,1310.8000000000002,23.47926199261993,1334.27926199262,-2844.0,-131.07999999999998,-2975.08,92,32,9,155,0,final_dqn_seed42.csv
eval,0.1,99,2,0.0,132.98373326596118,64.23611111111111,44,4,0,0,632.0000000000001,23.47926199261993,655.4792619926201,-864.0,-63.2,-927.2000000000002,179,38,5,66,0,final_dqn_seed42.csv
eval,0.1,99,3,0.0,130.44156907491254,55.55555555555556,44,4,0,0,866.8000000000001,23.47926199261993,890.27926199262,-945.0,-86.67999999999999,-1031.6800000000003,153,32,2,101,0,final_dqn_seed42.csv
eval,0.1,99,4,0.0,79.93522391839507,39.93055555555556,123,16,0,0,1672.0,23.47926199261993,1695.47926199262,-2595.0,-167.2,-2762.2000000000003,44,31,12,201,0,final_dqn_seed42.csv
train,0.1,100,-1,0.82,124.41457436932134,77.08333333333334,7,4,0,0,1651.6,23.47926199261993,1675.07926199262,-135.0,-165.16,-300.16,44,51,69,76,48,final_dqn_seed42.csv
train,0.1,101,-1,0.8182,115.8016275247898,64.23611111111111,66,4,0,0,1556.4,23.47926199261993,1579.87926199262,-1269.0,-155.64,-1424.6400000000003,53,49,75,67,44,final_dqn_seed42.csv
train,0.1,102,-1,0.8164,101.39503766024173,56.94444444444444,96,4,0,0,1563.9,23.47926199261993,1587.3792619926198,-1866.0,-156.39,-2022.3900000000003,57,43,77,64,47,final_dqn_seed42.csv
train,0.1,103,-1,0.8146,98.31448892793712,59.72222222222222,68,10,0,0,1504.1,23.47926199261993,1527.57926199262,-1428.0,-150.41,-1578.4100000000003,66,59,50,64,49,final_dqn_seed42.csv
train,0.1,104,-1,0.8128,96.4859110592855,53.81944444444444,72,5,0,0,1647.7,23.47926199261993,1671.17926199262,-1572.0,-164.76999999999998,-1736.77,52,53,61,65,57,final_dqn_seed42.csv
train,0.1,105,-1,0.8109999999999999,324.6841292852437,9.375,0,0,205,1,1628.6,23.47926199261993,1652.07926199262,-2135.0,-162.86,-2297.86,50,53,68,63,54,final_dqn_seed42.csv
train,0.1,106,-1,0.8092,149.515613871315,88.54166666666666,0,0,0,0,1351.6,23.47926199261993,1375.07926199262,189.0,-135.15999999999997,53.84,91,42,57,54,44,final_dqn_seed42.csv
train,0.1,107,-1,0.8074,124.01049320592918,78.81944444444444,11,2,0,0,1388.8,23.47926199261993,1412.27926199262,-165.0,-138.88,-303.88,89,45,44,66,44,final_dqn_seed42.csv
train,0.1,108,-1,0.8056,184.0379695899736,58.333333333333336,0,0,2,1,1329.8,23.47926199261993,1353.27926199262,-88.0,-132.98,-220.98,84,48,70,44,42,final_dqn_seed42.csv
train,0.1,109,-1,0.8038,160.46895200704628,71.18055555555556,0,0,0,0,1494.4,23.47926199261993,1517.87926199262,39.0,-149.44,-110.44,88,38,42,64,56,final_dqn_seed42.csv
train,0.1,110,-1,0.802,261.5644743792318,11.458333333333332,0,0,92,3,1565.6999999999998,23.47926199261993,1589.1792619926198,-1213.0,-156.57,-1369.5699999999997,52,59,59,73,45,final_dqn_seed42.csv
train,0.1,111,-1,0.8002,87.39168437396341,46.52777777777778,126,6,0,0,1351.2,23.47926199261993,1374.67926199262,-2526.0,-135.11999999999998,-2661.12,95,48,43,54,48,final_dqn_seed42.csv
train,0.1,112,-1,0.7984,141.18105087664318,74.30555555555556,1,1,0,0,1400.4,23.47926199261993,1423.87926199262,27.0,-140.04,-113.04,89,42,59,46,52,final_dqn_seed42.csv
train,0.1,113,-1,0.7966,149.04232872713808,93.75,0,0,0,0,1348.8,23.47926199261993,1372.27926199262,234.0,-134.88,99.12,86,54,58,42,48,final_dqn_seed42.csv
train,0.1,114,-1,0.7948,194.9587047880702,39.23611111111111,0,0,0,0,1341.3,23.47926199261993,1364.77926199262,-237.0,-134.13,-371.13,88,54,50,51,45,final_dqn_seed42.csv
train,0.1,115,-1,0.7929999999999999,101.887034595505,62.84722222222222,71,6,0,0,1305.2,23.47926199261993,1328.67926199262,-1380.0,-130.52,-1510.52,95,50,49,50,44,final_dqn_seed42.csv
train,0.1,116,-1,0.7912,102.15455629408264,60.06944444444444,88,8,0,0,1306.3,23.47926199261993,1329.77926199262,-1713.0,-130.63,-1843.63,97,52,45,47,47,final_dqn_seed42.csv
train,0.1,117,-1,0.7894,69.75336613738405,28.125,158,15,0,0,1660.1999999999998,23.47926199261993,1683.6792619926198,-3324.0,-166.01999999999998,-3490.0200000000004,59,52,55,56,66,final_dqn_seed42.csv
train,0.1,118,-1,0.7876,180.62695805982568,53.81944444444444,0,0,0,0,1383.6999999999998,23.47926199261993,1407.1792619926198,-111.0,-138.37,-249.37,95,44,47,49,53,final_dqn_seed42.csv
train,0.1,119,-1,0.7858,143.0102032577962,61.80555555555556,17,2,0,0,1445.9,23.47926199261993,1469.37926199262,-402.0,-144.59,-546.59,76,48,59,58,47,final_dqn_seed42.csv
train,0.1,120,-1,0.784,180.46869257468768,55.90277777777778,0,0,0,0,1163.5,23.47926199261993,1186.97926199262,-93.0,-116.35,-209.35,109,40,56,52,31,final_dqn_seed42.csv
train,0.1,121,-1,0.7822,90.0086005557232,60.763888888888886,53,11,0,0,1508.6,23.47926199261993,1532.07926199262,-1185.0,-150.86,-1335.86,61,67,43,71,46,final_dqn_seed42.csv
train,0.1,122,-1,0.7804,113.8211694330366,87.84722222222221,5,2,0,0,1319.0,23.47926199261993,1342.47926199262,3.0,-131.89999999999998,-128.89999999999998,82,68,59,29,50,final_dqn_seed42.csv
train,0.1,123,-1,0.7786,154.55835441807966,83.33333333333334,0,0,0,0,1285.3,23.47926199261993,1308.77926199262,144.0,-128.53,15.470000000000006,94,55,52,42,45,final_dqn_seed42.csv
train,0.1,124,-1,0.7767999999999999,281.99953116645224,3.125,0,0,126,7,1120.1,23.47926199261993,1143.57926199262,-1557.0,-112.01,-1669.0100000000002,111,45,61,38,33,final_dqn_seed42.csv
train,0.1,125,-1,0.775,144.3922235007229,63.54166666666666,9,3,0,0,1348.6,23.47926199261993,1372.07926199262,-225.0,-134.86,-359.86,71,81,42,52,42,final_dqn_seed42.csv
train,0.1,126,-1,0.7732,88.28849727364056,56.59722222222222,110,3,0,0,1711.4,23.47926199261993,1734.8792619926198,-2112.0,-171.14,-2283.14,52,60,42,68,66,final_dqn_seed42.csv
train,0.1,127,-1,0.7714,140.50742278209736,89.93055555555556,0,0,0,0,1250.4,23.47926199261993,1273.8792619926198,198.0,-125.04,72.96,100,57,43,44,44,final_dqn_seed42.csv
train,0.1,128,-1,0.7696,94.09170801659047,47.91666666666667,113,6,0,0,1480.6,23.47926199261993,1504.07926199262,-2298.0,-148.06,-2446.06,60,75,42,65,46,final_dqn_seed42.csv
train,0.1,129,-1,0.7678,144.4361931992536,82.98611111111111,0,0,0,0,1405.4,23.47926199261993,1428.87926199262,114.0,-140.54000000000002,-26.540000000000013,56,104,37,41,50,final_dqn_seed42.csv
train,0.1,130,-1,0.766,123.4637087006724,62.5,19,4,0,0,1426.6,23.47926199261993,1450.07926199262,-510.0,-142.66,-652.6600000000001,52,96,47,47,46,final_dqn_seed42.csv
train,0.1,131,-1,0.7642,182.44204977413256,53.125,0,0,0,0,1509.0,23.47926199261993,1532.47926199262,-117.0,-150.9,-267.9,49,83,48,62,46,final_dqn_seed42.csv
train,0.1,132,-1,0.7624,112.4567212293055,80.90277777777779,23,3,0,0,1701.6,23.47926199261993,1725.07926199262,-366.0,-170.16,-536.16,51,68,45,52,72,final_dqn_seed42.csv
train,0.1,133,-1,0.7605999999999999,188.65595991566943,37.84722222222222,0,0,0,0,1561.3,23.47926199261993,1584.77926199262,-249.0,-156.13,-405.13,68,62,54,35,69,final_dqn_seed42.csv
train,0.1,134,-1,0.7587999999999999,57.00645004578228,7.291666666666667,222,13,0,0,1862.1,23.47926199261993,1885.57926199262,-4644.0,-186.21,-4830.210000000001,51,42,55,55,85,final_dqn_seed42.csv
train,0.1,135,-1,0.757,160.07011930887194,59.375,1,1,0,0,1394.1,23.47926199261993,1417.57926199262,-132.0,-139.40999999999997,-271.41,83,62,45,45,53,final_dqn_seed42.csv
train,0.1,136,-1,0.7552,285.21669803402426,2.7777777777777777,0,0,153,10,1430.9,23.47926199261993,1454.37926199262,-1776.0,-143.08999999999995,-1919.09,91,44,55,37,61,final_dqn_seed42.csv
train,0.1,137,-1,0.7534,95.61416590679436,75.69444444444444,57,2,0,0,1378.1,23.47926199261993,1401.57926199262,-987.0,-137.81,-1124.81,61,99,40,39,49,final_dqn_seed42.csv
train,0.1,138,-1,0.7515999999999999,104.18669196871998,69.79166666666666,75,3,0,0,1427.8,23.47926199261993,1451.27926199262,-1359.0,-142.78,-1501.78,76,49,55,66,42,final_dqn_seed42.csv
train,0.1,139,-1,0.7498,209.59005230055223,36.80555555555556,0,0,18,1,1527.1999999999998,23.47926199261993,1550.6792619926198,-402.0,-152.72,-554.72,75,43,64,46,60,final_dqn_seed42.csv
train,0.1,140,-1,0.748,242.03059174835812,26.73611111111111,0,0,102,10,1339.1,23.47926199261993,1362.57926199262,-1161.0,-133.91000000000005,-1294.91,82,52,53,66,35,final_dqn_seed42.csv
train,0.1,141,-1,0.7462,130.18382585825915,84.375,25,1,0,0,1525.6999999999998,23.47926199261993,1549.1792619926198,-318.0,-152.57,-470.57,74,50,50,57,57,final_dqn_seed42.csv
train,0.1,142,-1,0.7444,131.13548078552506,75.34722222222221,5,3,0,0,1515.1,23.47926199261993,1538.57926199262,-63.0,-151.51,-214.51,69,47,69,48,55,final_dqn_seed42.csv
train,0.1,143,-1,0.7426,223.26065742922768,36.45833333333333,0,0,67,1,1348.5,23.47926199261993,1371.97926199262,-797.0,-134.85,-931.85,67,84,46,50,41,final_dqn_seed42.csv
train,0.1,144,-1,0.7408,161.34307869081036,73.95833333333334,0,0,0,0,1340.0,23.47926199261993,1363.47926199262,63.0,-134.0,-71.0,66,77,55,54,36,final_dqn_seed42.csv
train,0.1,145,-1,0.739,99.24704634452596,63.54166666666666,79,2,0,0,1507.6999999999998,23.47926199261993,1531.1792619926198,-1518.0,-150.77,-1668.77,58,68,55,58,49,final_dqn_seed42.csv
train,0.1,146,-1,0.7372000000000001,106.46695514898948,80.20833333333334,39,4,0,0,1501.4999999999998,23.47926199261993,1524.9792619926195,-639.0,-150.14999999999998,-789.1500000000001,41,86,62,56,43,final_dqn_seed42.csv
train,0.1,147,-1,0.7354,111.69341625958538,75.34722222222221,30,3,0,0,1422.5,23.47926199261993,1445.97926199262,-588.0,-142.25,-730.2500000000001,52,76,60,67,33,final_dqn_seed42.csv
train,0.1,148,-1,0.7336,211.7672012188981,20.13888888888889,0,0,0,0,1603.2,23.47926199261993,1626.67926199262,-402.0,-160.32,-562.3199999999999,83,46,45,34,80,final_dqn_seed42.csv
train,0.1,149,-1,0.7318,200.72520425644905,39.23611111111111,0,0,33,2,1359.1999999999998,23.47926199261993,1382.6792619926198,-501.0,-135.92000000000002,-636.9200000000001,86,46,61,51,44,final_dqn_seed42.csv
eval,0.1,149,0,0.0,120.69800034430608,92.70833333333334,0,0,0,0,1290.7999999999995,23.47926199261993,1314.2792619926197,201.0,-129.08,71.91999999999999,46,18,165,59,0,final_dqn_seed42.csv
eval,0.1,149,1,0.0,117.2731144479806,57.98611111111112,69,5,0,0,1358.1999999999998,23.47926199261993,1381.6792619926198,-1377.0,-135.82,-1512.8200000000002,67,27,72,120,2,final_dqn_seed42.csv
eval,0.1,149,2,0.0,112.1920331745956,79.86111111111111,26,9,0,0,1295.6,23.47926199261993,1319.07926199262,-432.0,-129.56,-561.56,49,28,138,73,0,final_dqn_seed42.csv
eval,0.1,149,3,0.0,209.4876783562359,12.5,0,0,0,0,201.6,23.47926199261993,225.07926199261996,-468.0,-20.16,-488.16,265,2,1,12,8,final_dqn_seed42.csv
eval,0.1,149,4,0.0,200.1324352578208,22.916666666666664,0,0,0,0,196.8,23.47926199261993,220.27926199261995,-378.0,-19.68,-397.68,266,2,0,12,8,final_dqn_seed42.csv
train,0.1,150,-1,0.73,182.76892444162448,39.93055555555556,0,0,0,0,1229.3,23.47926199261993,1252.77926199262,-231.0,-122.93,-353.93,105,44,47,55,37,final_dqn_seed42.csv
train,0.1,151,-1,0.7282,90.04791282410429,53.81944444444444,91,10,0,0,1589.9,23.47926199261993,1613.37926199262,-1875.0,-158.99,-2033.99,49,66,50,76,47,final_dqn_seed42.csv
train,0.1,152,-1,0.7263999999999999,290.6828594560198,16.319444444444446,0,0,170,2,1670.8,23.47926199261993,1694.27926199262,-1795.0,-167.07999999999998,-1962.08,62,64,40,46,76,final_dqn_seed42.csv
train,0.1,153,-1,0.7246,246.972739453265,12.84722222222222,0,0,77,3,1802.8,23.47926199261993,1826.27926199262,-1081.0,-180.28,-1261.28,70,39,42,45,92,final_dqn_seed42.csv
train,0.1,154,-1,0.7228,138.1007806421627,43.05555555555556,49,3,0,0,1564.7999999999995,23.47926199261993,1588.2792619926197,-1155.0,-156.48,-1311.48,65,65,47,47,64,final_dqn_seed42.csv
train,0.1,155,-1,0.721,163.39680295580695,70.83333333333334,0,0,0,0,1194.6,23.47926199261993,1218.07926199262,36.0,-119.46,-83.45999999999998,86,73,56,39,34,final_dqn_seed42.csv
train,0.1,156,-1,0.7192000000000001,106.95803595635924,57.98611111111112,85,6,0,0,1425.7,23.47926199261993,1449.17926199262,-1650.0,-142.57,-1792.57,65,74,55,45,49,final_dqn_seed42.csv
train,0.1,157,-1,0.7174,168.66243078570045,72.56944444444444,0,0,0,0,1163.6999999999998,23.47926199261993,1187.1792619926198,51.0,-116.37,-65.37,112,53,43,39,41,final_dqn_seed42.csv
train,0.1,158,-1,0.7156,101.61090755986682,48.61111111111111,114,3,0,0,1582.7,23.47926199261993,1606.17926199262,-2241.0,-158.27,-2399.2700000000004,61,52,58,62,55,final_dqn_seed42.csv
train,0.1,159,-1,0.7138,182.5831557135166,45.13888888888889,0,0,0,0,1190.4,23.47926199261993,1213.8792619926198,-186.0,-119.04,-305.04,120,39,41,44,44,final_dqn_seed42.csv
train,0.1,160,-1,0.712,128.0265348786664,98.26388888888889,0,0,0,0,1275.1999999999998,23.47926199261993,1298.6792619926198,273.0,-127.52,145.48,84,55,74,35,40,final_dqn_seed42.csv
train,0.1,161,-1,0.7101999999999999,76.93038905180599,35.41666666666667,143,3,0,0,1759.6,23.47926199261993,1783.07926199262,-2952.0,-175.96,-3127.96,45,59,63,45,76,final_dqn_seed42.csv
train,0.1,162,-1,0.7083999999999999,115.58692244683868,79.86111111111111,33,3,0,0,1289.6,23.47926199261993,1313.07926199262,-540.0,-128.96,-668.96,82,54,62,58,32,final_dqn_seed42.csv
train,0.1,163,-1,0.7066,127.45856690470116,93.75,10,1,0,0,1370.4,23.47926199261993,1393.8792619926198,42.0,-137.04000000000002,-95.04000000000002,60,93,47,44,44,final_dqn_seed42.csv
train,0.1,164,-1,0.7048,201.24058222370505,50.34722222222222,0,0,2,1,1354.9,23.47926199261993,1378.37926199262,-157.0,-135.49,-292.49,96,49,39,55,49,final_dqn_seed42.csv
train,0.1,165,-1,0.703,157.02583794437334,82.98611111111111,0,0,0,0,1196.5,23.47926199261993,1219.97926199262,141.0,-119.65,21.349999999999994,117,47,35,44,45,final_dqn_seed42.csv
train,0.1,166,-1,0.7012,174.67678441542645,60.06944444444444,0,0,0,0,1344.3,23.47926199261993,1367.77926199262,-60.0,-134.43,-194.43,108,43,38,40,59,final_dqn_seed42.csv
train,0.1,167,-1,0.6994,184.3679672768536,40.97222222222222,0,0,0,0,1217.0,23.47926199261993,1240.47926199262,-222.0,-121.7,-343.69999999999993,116,43,39,44,46,final_dqn_seed42.csv
train,0.1,168,-1,0.6976,135.86231999195545,97.2222222222222,0,0,0,0,1269.3,23.47926199261993,1292.77926199262,252.0,-126.93,125.07,92,58,51,46,41,final_dqn_seed42.csv
train,0.1,169,-1,0.6958,206.56278705036848,27.08333333333333,0,0,0,0,1499.2,23.47926199261993,1522.67926199262,-342.0,-149.92,-491.92,90,49,44,33,72,final_dqn_seed42.csv
train,0.1,170,-1,0.694,215.48660823670085,20.833333333333336,0,0,13,3,1765.8,23.47926199261993,1789.27926199262,-500.0,-176.57999999999998,-676.5799999999999,76,41,39,38,94,final_dqn_seed42.csv
train,0.1,171,-1,0.6921999999999999,112.19615235864438,86.80555555555556,16,4,0,0,1380.1,23.47926199261993,1403.57926199262,-180.0,-138.01,-318.01,76,62,62,39,49,final_dqn_seed42.csv
train,0.1,172,-1,0.6904,104.32146514865572,50.69444444444444,100,4,0,0,1229.0,23.47926199261993,1252.47926199262,-1980.0,-122.9,-2102.9,91,69,44,46,38,final_dqn_seed42.csv
train,0.1,173,-1,0.6886,171.64602820063084,65.27777777777779,0,0,0,0,1466.2,23.47926199261993,1489.67926199262,-12.0,-146.62,-158.62,99,39,38,46,66,final_dqn_seed42.csv
train,0.1,174,-1,0.6868000000000001,117.54057055966064,94.0972222222222,1,1,0,0,1372.1,23.47926199261993,1395.57926199262,195.0,-137.21,57.79,82,39,81,41,45,final_dqn_seed42.csv
train,0.1,175,-1,0.685,267.8749858207058,15.27777777777778,0,0,137,1,1515.6,23.47926199261993,1539.07926199262,-1540.0,-151.56,-1691.56,64,64,62,38,60,final_dqn_seed42.csv
train,0.1,176,-1,0.6832,143.10016731592253,62.84722222222222,25,1,0,0,1110.1,23.47926199261993,1133.57926199262,-519.0,-111.01,-630.0100000000002,110,51,50,48,29,final_dqn_seed42.csv
train,0.1,177,-1,0.6814,74.71130733673651,30.55555555555556,118,18,0,0,1393.7,23.47926199261993,1417.17926199262,-2682.0,-139.37,-2821.37,78,42,72,55,41,final_dqn_seed42.csv
train,0.1,178,-1,0.6796,94.09307796249284,50.34722222222222,109,10,0,0,1412.6999999999998,23.47926199261993,1436.1792619926198,-2205.0,-141.27,-2346.27,71,50,81,39,47,final_dqn_seed42.csv
train,0.1,179,-1,0.6778,86.26295285234065,59.02777777777778,91,7,0,0,1387.5,23.47926199261993,1410.97926199262,-1785.0,-138.75,-1923.75,78,43,83,37,47,final_dqn_seed42.csv
train,0.1,180,-1,0.6759999999999999,193.63385548597384,31.944444444444443,0,0,0,0,1026.5,23.47926199261993,1049.97926199262,-300.0,-102.65,-402.65,129,36,54,40,29,final_dqn_seed42.csv
train,0.1,181,-1,0.6742,105.53615437617997,76.04166666666666,26,6,0,0,1617.1,23.47926199261993,1640.57926199262,-516.0,-161.70999999999998,-677.7099999999999,75,39,51,56,67,final_dqn_seed42.csv
train,0.1,182,-1,0.6724,203.1418615446733,29.166666666666668,0,0,0,0,1126.4,23.47926199261993,1149.87926199262,-324.0,-112.64,-436.64,126,44,39,35,44,final_dqn_seed42.csv
train,0.1,183,-1,0.6706,172.13669346069526,65.97222222222221,0,0,0,0,949.0,23.47926199261993,972.47926199262,-6.0,-94.9,-100.89999999999998,139,42,39,42,26,final_dqn_seed42.csv
train,0.1,184,-1,0.6688000000000001,90.74485570808868,49.30555555555556,125,4,0,0,1234.3,23.47926199261993,1257.77926199262,-2463.0,-123.43,-2586.4300000000003,101,70,36,30,51,final_dqn_seed42.csv
train,0.1,185,-1,0.667,114.63424549880897,73.95833333333334,31,6,0,0,1706.9999999999998,23.47926199261993,1730.4792619926195,-561.0,-170.7,-731.7000000000002,67,50,41,52,78,final_dqn_seed42.csv
train,0.1,186,-1,0.6652,168.54946925358058,53.125,5,3,47,2,1634.8,23.47926199261993,1658.27926199262,-658.0,-163.48000000000002,-821.4800000000001,73,50,54,31,80,final_dqn_seed42.csv
train,0.1,187,-1,0.6634,171.28966634853828,59.02777777777778,0,0,0,0,1330.9,23.47926199261993,1354.37926199262,-66.0,-133.09,-199.09,113,37,36,45,57,final_dqn_seed42.csv
train,0.1,188,-1,0.6616,125.7334154055564,59.02777777777778,43,4,0,0,1396.6,23.47926199261993,1420.07926199262,-894.0,-139.66,-1033.66,97,52,39,38,62,final_dqn_seed42.csv
train,0.1,189,-1,0.6597999999999999,118.02202457087576,51.388888888888886,39,3,0,0,1634.1,23.47926199261993,1657.57926199262,-933.0,-163.41,-1096.41,84,46,33,44,81,final_dqn_seed42.csv
train,0.1,190,-1,0.6579999999999999,117.23734197305627,79.51388888888889,6,1,0,0,2116.4,23.47926199261993,2139.8792619926194,-54.0,-211.64,-265.64,51,44,29,40,124,final_dqn_seed42.csv
train,0.1,191,-1,0.6562,223.76779604708813,5.902777777777778,0,0,36,2,1084.8,23.47926199261993,1108.27926199262,-813.0,-108.48,-921.48,125,49,34,44,36,final_dqn_seed42.csv
train,0.1,192,-1,0.6544,104.42109587908652,50.69444444444444,80,10,0,0,1433.5,23.47926199261993,1456.97926199262,-1734.0,-143.35,-1877.35,80,60,39,58,51,final_dqn_seed42.csv
train,0.1,193,-1,0.6526,151.3867540860921,82.29166666666666,0,0,0,0,1460.6999999999998,23.47926199261993,1484.1792619926198,135.0,-146.07,-11.070000000000014,72,60,58,43,55,final_dqn_seed42.csv
train,0.1,194,-1,0.6508,157.42648937418275,82.29166666666666,0,0,0,0,1305.5,23.47926199261993,1328.97926199262,135.0,-130.55,4.450000000000005,97,65,37,34,55,final_dqn_seed42.csv
train,0.1,195,-1,0.649,122.4166496073567,79.51388888888889,53,1,0,0,1357.1,23.47926199261993,1380.57926199262,-861.0,-135.70999999999998,-996.7100000000002,91,62,33,51,51,final_dqn_seed42.csv
train,0.1,196,-1,0.6472,123.27507182613732,89.58333333333334,19,1,0,0,1432.0,23.47926199261993,1455.47926199262,-168.0,-143.2,-311.20000000000005,63,76,53,48,48,final_dqn_seed42.csv
train,0.1,197,-1,0.6454,218.18558195431967,17.01388888888889,0,0,0,0,1438.8,23.47926199261993,1462.27926199262,-429.0,-143.88,-572.88,92,38,44,62,52,final_dqn_seed42.csv
train,0.1,198,-1,0.6436,160.25352706851004,58.333333333333336,2,1,0,0,1480.6999999999998,23.47926199261993,1504.1792619926198,-150.0,-148.07,-298.07,65,78,53,29,63,final_dqn_seed42.csv
train,0.1,199,-1,0.6417999999999999,81.62891072727164,27.08333333333333,159,14,0,0,1626.0,23.47926199261993,1649.47926199262,-3321.0,-162.6,-3483.6000000000004,68,58,50,36,76,final_dqn_seed42.csv
eval,0.1,199,0,0.0,187.9626532749036,33.33333333333333,0,0,0,0,303.6,23.47926199261993,327.07926199261993,-288.0,-30.36,-318.36,186,93,9,0,0,final_dqn_seed42.csv
eval,0.1,199,1,0.0,122.84666511822778,97.56944444444444,0,0,0,0,1422.6,23.47926199261993,1446.07926199262,249.0,-142.26,106.73999999999998,88,69,53,0,78,final_dqn_seed42.csv
eval,0.1,199,2,0.0,181.38246506342688,52.77777777777778,0,0,0,0,486.3,23.47926199261993,509.7792619926199,-120.0,-48.63,-168.63,172,93,8,0,15,final_dqn_seed42.csv
eval,0.1,199,3,0.0,266.4288709789603,11.805555555555555,0,0,134,3,2034.5,23.47926199261993,2057.97926199262,-1546.0,-203.45,-1749.45,79,58,2,0,149,final_dqn_seed42.csv
eval,0.1,199,4,0.0,110.5198209418968,75.0,34,6,0,0,1500.1999999999998,23.47926199261993,1523.6792619926198,-627.0,-150.02,-777.0200000000001,77,79,45,5,82,final_dqn_seed42.csv
train,0.1,200,-1,0.6399999999999999,96.81954747996868,63.888888888888886,70,8,0,0,1761.0,23.47926199261993,1784.47926199262,-1386.0,-176.1,-1562.1,57,47,61,41,82,final_dqn_seed42.csv
train,0.1,201,-1,0.6382,211.06634050058688,19.444444444444446,0,0,0,0,1359.6,23.47926199261993,1383.07926199262,-408.0,-135.95999999999998,-543.96,96,54,41,41,56,final_dqn_seed42.csv
train,0.1,202,-1,0.6364,192.18739335872945,34.72222222222222,0,0,0,0,989.9,23.47926199261993,1013.37926199262,-276.0,-98.98999999999998,-374.99,128,63,34,28,35,final_dqn_seed42.csv
train,0.1,203,-1,0.6345999999999999,204.08331646952308,26.38888888888889,0,0,0,0,1092.0,23.47926199261993,1115.47926199262,-348.0,-109.2,-457.2,115,61,38,38,36,final_dqn_seed42.csv
train,0.1,204,-1,0.6328,170.88593021325354,65.97222222222221,0,0,0,0,1229.1,23.47926199261993,1252.57926199262,-6.0,-122.91,-128.91,90,78,47,26,47,final_dqn_seed42.csv
train,0.1,205,-1,0.631,167.46258922709436,66.66666666666666,0,0,0,0,1380.3,23.47926199261993,1403.77926199262,0.0,-138.03,-138.02999999999997,83,64,43,47,51,final_dqn_seed42.csv
train,0.1,206,-1,0.6292,257.73474649693446,6.944444444444445,0,0,77,3,1421.3,23.47926199261993,1444.77926199262,-1132.0,-142.13,-1274.13,104,47,32,36,69,final_dqn_seed42.csv
train,0.1,207,-1,0.6274,202.18822216112625,32.98611111111111,0,0,0,0,1192.9,23.47926199261993,1216.3792619926198,-291.0,-119.29,-410.29,95,75,34,47,37,final_dqn_seed42.csv
train,0.1,208,-1,0.6255999999999999,95.83389133758854,67.01388888888889,38,12,0,0,1525.8,23.47926199261993,1549.27926199262,-852.0,-152.57999999999998,-1004.5800000000002,35,90,61,60,42,final_dqn_seed42.csv
train,0.1,209,-1,0.6238,96.58575582523896,64.58333333333334,66,8,0,0,1624.6999999999998,23.47926199261993,1648.1792619926198,-1314.0,-162.47,-1476.4700000000005,39,67,77,50,55,final_dqn_seed42.csv
train,0.1,210,-1,0.622,103.15178974879308,56.59722222222222,98,5,0,0,1264.6999999999998,23.47926199261993,1288.1792619926198,-1896.0,-126.47,-2022.47,61,99,49,48,31,final_dqn_seed42.csv
train,0.1,211,-1,0.6202000000000001,215.69502968671196,17.708333333333336,0,0,0,0,1396.6,23.47926199261993,1420.07926199262,-423.0,-139.66,-562.66,86,49,60,39,54,final_dqn_seed42.csv
train,0.1,212,-1,0.6184000000000001,125.50966454361202,60.06944444444444,71,4,0,0,1522.1999999999998,23.47926199261993,1545.6792619926198,-1365.0,-152.22,-1517.22,39,99,57,39,54,final_dqn_seed42.csv
train,0.1,213,-1,0.6166,107.2473014802582,70.48611111111111,40,5,0,0,1405.7,23.47926199261993,1429.17926199262,-801.0,-140.57,-941.5700000000002,38,118,39,56,37,final_dqn_seed42.csv
train,0.1,214,-1,0.6148,167.45267718977212,48.61111111111111,20,1,0,0,1666.0,23.47926199261993,1689.47926199262,-519.0,-166.6,-685.6,37,83,35,81,52,final_dqn_seed42.csv
train,0.1,215,-1,0.613,140.16297145253287,93.75,0,0,0,0,1439.1,23.47926199261993,1462.57926199262,234.0,-143.91,90.09,42,105,49,49,43,final_dqn_seed42.csv
train,0.1,216,-1,0.6112,162.26537497874193,67.36111111111111,0,0,8,2,1604.5,23.47926199261993,1627.97926199262,-73.0,-160.45000000000002,-233.44999999999996,34,59,101,45,49,final_dqn_seed42.csv
train,0.1,217,-1,0.6093999999999999,161.67200792267076,77.77777777777779,0,0,0,0,1374.3,23.47926199261993,1397.77926199262,96.0,-137.43,-41.42999999999999,34,116,61,42,35,final_dqn_seed42.csv
train,0.1,218,-1,0.6075999999999999,104.69070426996748,83.33333333333334,18,1,0,0,1719.6999999999998,23.47926199261993,1743.1792619926198,-270.0,-171.97,-441.9700000000001,37,60,92,26,73,final_dqn_seed42.csv
train,0.1,219,-1,0.6058,157.06309914950236,54.16666666666666,11,5,0,0,1508.1999999999998,23.47926199261993,1531.6792619926198,-345.0,-150.82,-495.82,40,77,83,42,46,final_dqn_seed42.csv
train,0.1,220,-1,0.604,123.06832415238608,86.45833333333334,3,1,0,0,1529.4,23.47926199261993,1552.8792619926198,63.0,-152.94,-89.94000000000001,39,73,78,56,42,final_dqn_seed42.csv
train,0.1,221,-1,0.6022000000000001,169.53413869849473,56.94444444444444,0,0,0,0,1340.1,23.47926199261993,1363.57926199262,-84.0,-134.01,-218.01,62,82,59,48,37,final_dqn_seed42.csv
train,0.1,222,-1,0.6004,148.51034721518482,79.51388888888889,1,1,0,0,1470.9,23.47926199261993,1494.3792619926198,57.0,-147.09,-90.09,33,89,86,39,41,final_dqn_seed42.csv
train,0.1,223,-1,0.5986,174.705386185889,59.375,0,0,0,0,1162.1,23.47926199261993,1185.57926199262,-63.0,-116.20999999999998,-179.20999999999998,83,94,38,40,33,final_dqn_seed42.csv
train,0.1,224,-1,0.5968,188.97764448222807,45.83333333333333,0,0,0,0,1400.1999999999998,23.47926199261993,1423.6792619926198,-180.0,-140.01999999999998,-320.02,39,125,42,36,46,final_dqn_seed42.csv
train,0.1,225,-1,0.595,142.53509907751027,89.23611111111111,0,0,0,0,1398.6,23.47926199261993,1422.07926199262,186.0,-139.86,46.14,52,82,74,38,42,final_dqn_seed42.csv
train,0.1,226,-1,0.5932,104.76792839219031,44.09722222222222,93,9,0,0,1680.8,23.47926199261993,1704.27926199262,-1962.0,-168.07999999999998,-2130.08,38,69,65,56,60,final_dqn_seed42.csv
train,0.1,227,-1,0.5913999999999999,87.05209843597284,50.34722222222222,106,9,0,0,1828.2,23.47926199261993,1851.67926199262,-2160.0,-182.82,-2342.82,34,56,77,43,78,final_dqn_seed42.csv
train,0.1,228,-1,0.5895999999999999,95.26041727976208,69.09722222222221,55,4,0,0,1566.4,23.47926199261993,1589.87926199262,-1071.0,-156.64,-1227.6400000000003,34,63,92,59,40,final_dqn_seed42.csv
train,0.1,229,-1,0.5878,211.6580450589549,26.041666666666668,0,0,6,3,1330.7,23.47926199261993,1354.17926199262,-399.0,-133.07,-532.07,33,143,33,44,35,final_dqn_seed42.csv
train,0.1,230,-1,0.586,165.94625968009345,60.763888888888886,0,0,0,0,1477.9,23.47926199261993,1501.3792619926198,-51.0,-147.79,-198.79,38,84,89,30,47,final_dqn_seed42.csv
train,0.1,231,-1,0.5842,190.0732423455773,24.65277777777778,0,0,0,0,1094.8,23.47926199261993,1118.27926199262,-363.0,-109.48,-472.4799999999999,94,82,44,40,28,final_dqn_seed42.csv
train,0.1,232,-1,0.5824,82.25421952095711,43.40277777777778,116,11,0,0,1923.3,23.47926199261993,1946.77926199262,-2430.0,-192.33,-2622.33,33,42,75,57,81,final_dqn_seed42.csv
train,0.1,233,-1,0.5806,208.51766091285697,42.70833333333333,0,0,5,2,1132.3,23.47926199261993,1155.77926199262,-247.0,-113.23,-360.23,94,86,43,26,39,final_dqn_seed42.csv
train,0.1,234,-1,0.5788,98.15587087256236,32.98611111111111,140,8,0,0,1710.6999999999998,23.47926199261993,1734.1792619926198,-2871.0,-171.07,-3042.07,32,66,67,68,55,final_dqn_seed42.csv
train,0.1,235,-1,0.577,96.56702112128934,64.23611111111111,56,11,0,0,1443.7,23.47926199261993,1467.17926199262,-1158.0,-144.37,-1302.3700000000003,58,58,88,39,45,final_dqn_seed42.csv
train,0.1,236,-1,0.5751999999999999,90.14315090244294,44.09722222222222,132,10,0,0,1833.4,23.47926199261993,1856.87926199262,-2658.0,-183.34,-2841.34,51,56,50,41,90,final_dqn_seed42.csv
train,0.1,237,-1,0.5734,309.82692937966976,14.23611111111111,0,0,202,2,1287.6999999999998,23.47926199261993,1311.1792619926198,-2069.0,-128.76999999999998,-2197.7700000000004,41,104,83,31,29,final_dqn_seed42.csv
train,0.1,238,-1,0.5716,142.53913984898475,68.05555555555556,19,5,0,0,1582.7,23.47926199261993,1606.17926199262,-402.0,-158.27,-560.27,51,55,52,91,39,final_dqn_seed42.csv
train,0.1,239,-1,0.5698000000000001,84.1212216268359,49.65277777777778,107,11,0,0,1391.5,23.47926199261993,1414.97926199262,-2187.0,-139.15,-2326.15,51,68,91,43,35,final_dqn_seed42.csv
train,0.1,240,-1,0.5680000000000001,86.37623611358309,50.0,102,10,0,0,1452.6,23.47926199261993,1476.07926199262,-2106.0,-145.26000000000002,-2251.26,65,63,52,66,42,final_dqn_seed42.csv
train,0.1,241,-1,0.5662,144.86008021162877,88.19444444444444,0,0,0,0,1570.5,23.47926199261993,1593.97926199262,186.0,-157.05,28.95000000000001,62,83,38,32,73,final_dqn_seed42.csv
train,0.1,242,-1,0.5644,133.35569343592724,94.44444444444444,0,0,0,0,1436.5,23.47926199261993,1459.97926199262,222.0,-143.65,78.35,74,75,39,43,57,final_dqn_seed42.csv
train,0.1,243,-1,0.5626,297.0965795019661,3.8194444444444446,0,0,134,3,1208.1,23.47926199261993,1231.57926199262,-1615.0,-120.81,-1735.81,100,54,44,57,33,final_dqn_seed42.csv
train,0.1,244,-1,0.5608,153.27880790401056,80.90277777777779,0,0,0,0,1305.5,23.47926199261993,1328.97926199262,123.0,-130.55,-7.54999999999999,76,86,30,57,39,final_dqn_seed42.csv
train,0.1,245,-1,0.5589999999999999,173.67499682420885,58.333333333333336,0,0,0,0,1189.1999999999998,23.47926199261993,1212.6792619926198,-72.0,-118.92,-190.92,56,126,31,51,24,final_dqn_seed42.csv
train,0.1,246,-1,0.5571999999999999,140.17053850471635,79.51388888888889,0,0,0,0,1408.4,23.47926199261993,1431.87926199262,111.0,-140.83999999999995,-29.83999999999997,86,48,40,70,44,final_dqn_seed42.csv
train,0.1,247,-1,0.5554,188.40693223652045,33.33333333333333,0,0,0,0,1907.7,23.47926199261993,1931.17926199262,-288.0,-190.77,-478.77,23,64,56,72,73,final_dqn_seed42.csv
train,0.1,248,-1,0.5536,124.35483718130106,48.26388888888889,42,3,0,0,1944.8,23.47926199261993,1968.27926199262,-1032.0,-194.48,-1226.48,45,49,35,71,88,final_dqn_seed42.csv
train,0.1,249,-1,0.5518000000000001,134.6723453565041,62.5,25,2,0,0,1504.1,23.47926199261993,1527.57926199262,-525.0,-150.41000000000005,-675.4100000000002,83,42,33,81,49,final_dqn_seed42.csv
eval,0.1,249,0,0.0,229.4508223798072,6.944444444444445,0,0,3,2,2076.3,23.47926199261993,2099.77926199262,-540.0,-207.63,-747.6299999999999,6,17,0,262,3,final_dqn_seed42.csv
eval,0.1,249,1,0.0,229.6890014681664,11.458333333333332,0,0,8,3,1978.5,23.47926199261993,2001.97926199262,-541.0,-197.85,-738.8499999999999,21,11,1,254,1,final_dqn_seed42.csv
eval,0.1,249,2,0.0,67.71581782660414,22.22222222222222,163,15,0,0,1284.1,23.47926199261993,1307.57926199262,-3501.0,-128.41000000000005,-3629.41,106,38,70,17,57,final_dqn_seed42.csv
eval,0.1,249,3,0.0,163.9920755720437,56.59722222222222,0,0,0,0,1581.6,23.47926199261993,1605.07926199262,-102.0,-158.16,-260.16,54,83,5,102,44,final_dqn_seed42.csv
eval,0.1,249,4,0.0,172.15862366271298,53.125,0,0,0,0,1577.0,23.47926199261993,1600.47926199262,-117.0,-157.7,-274.7,47,79,1,135,26,final_dqn_seed42.csv
train,0.1,250,-1,0.55,85.3304183757672,49.65277777777778,80,16,0,0,1420.8,23.47926199261993,1444.27926199262,-1782.0,-142.07999999999998,-1924.08,74,58,51,61,44,final_dqn_seed42.csv
train,0.1,251,-1,0.5482,191.0719680745864,31.944444444444443,0,0,0,0,1745.7,23.47926199261993,1769.17926199262,-300.0,-174.57,-474.57,48,64,39,68,69,final_dqn_seed42.csv
train,0.1,252,-1,0.5464,88.57048374557736,53.125,104,5,0,0,1439.6,23.47926199261993,1463.07926199262,-2082.0,-143.95999999999998,-2225.9600000000005,88,50,34,64,52,final_dqn_seed42.csv
train,0.1,253,-1,0.5446,224.3361723144968,1.3888888888888888,0,0,0,0,1551.1999999999998,23.47926199261993,1574.6792619926198,-564.0,-155.12,-719.1199999999999,69,44,28,111,36,final_dqn_seed42.csv
train,0.1,254,-1,0.5428,84.04136868032337,51.73611111111112,77,16,0,0,1684.0,23.47926199261993,1707.47926199262,-1701.0,-168.39999999999998,-1869.4,62,56,35,67,68,final_dqn_seed42.csv
train,0.1,255,-1,0.5409999999999999,97.16485533319788,72.56944444444444,54,5,0,0,1455.0,23.47926199261993,1478.47926199262,-996.0,-145.5,-1141.5,77,47,39,87,38,final_dqn_seed42.csv
train,0.1,256,-1,0.5391999999999999,176.6204305267651,63.54166666666666,0,0,5,2,1261.2,23.47926199261993,1284.67926199262,-67.0,-126.12,-193.12,87,73,26,70,32,final_dqn_seed42.csv
train,0.1,257,-1,0.5374,178.57137303849154,51.73611111111112,0,0,0,0,1223.1,23.47926199261993,1246.57926199262,-129.0,-122.31,-251.31,71,100,35,51,31,final_dqn_seed42.csv
train,0.1,258,-1,0.5356,82.02042037524933,31.25,131,19,0,0,1391.4,23.47926199261993,1414.87926199262,-2835.0,-139.14,-2974.1400000000003,58,81,55,56,38,final_dqn_seed42.csv
train,0.1,259,-1,0.5338,189.3697696451524,44.44444444444444,0,0,0,0,1097.9,23.47926199261993,1121.37926199262,-192.0,-109.79,-301.79,88,98,23,56,23,final_dqn_seed42.csv
train,0.1,260,-1,0.532,105.79158094843989,46.875,111,8,0,0,1347.4,23.47926199261993,1370.87926199262,-2253.0,-134.74,-2387.74,76,71,39,64,38,final_dqn_seed42.csv
train,0.1,261,-1,0.5302,193.9719436830146,39.23611111111111,0,0,9,1,1192.4,23.47926199261993,1215.8792619926198,-309.0,-119.24,-428.24000000000007,79,93,45,35,36,final_dqn_seed42.csv
train,0.1,262,-1,0.5284,226.35630106317905,4.166666666666666,0,0,17,3,1311.9,23.47926199261993,1335.37926199262,-676.0,-131.19,-807.1899999999999,50,120,26,61,31,final_dqn_seed42.csv
train,0.1,263,-1,0.5266,315.26789249124016,3.4722222222222223,0,0,174,4,1419.0,23.47926199261993,1442.47926199262,-1938.0,-141.9,-2079.9,72,49,48,89,30,final_dqn_seed42.csv
train,0.1,264,-1,0.5247999999999999,147.31464379795315,22.22222222222222,76,5,0,0,1450.8,23.47926199261993,1474.27926199262,-1803.0,-145.07999999999998,-1948.0800000000004,57,81,40,70,40,final_dqn_seed42.csv
train,0.1,265,-1,0.5229999999999999,189.0201402411836,42.36111111111111,0,0,1,1,1091.8,23.47926199261993,1115.27926199262,-218.0,-109.18,-327.17999999999995,63,139,28,32,26,final_dqn_seed42.csv
train,0.1,266,-1,0.5211999999999999,249.252353073592,18.75,0,0,83,11,1372.3000000000002,23.47926199261993,1395.77926199262,-1078.0,-137.23000000000002,-1215.23,78,66,42,59,43,final_dqn_seed42.csv
train,0.1,267,-1,0.5194,135.82697290607834,84.375,1,1,0,0,1287.9,23.47926199261993,1311.37926199262,117.0,-128.79,-11.789999999999978,61,107,34,51,35,final_dqn_seed42.csv
train,0.1,268,-1,0.5176,206.8554369112608,50.34722222222222,0,0,37,3,1364.1,23.47926199261993,1387.57926199262,-437.0,-136.41,-573.41,41,105,54,59,29,final_dqn_seed42.csv
train,0.1,269,-1,0.5158,138.37773070665585,84.02777777777779,0,0,0,0,1241.6,23.47926199261993,1265.07926199262,123.0,-124.16,-1.1600000000000144,69,98,46,39,36,final_dqn_seed42.csv
train,0.1,270,-1,0.514,87.5730451025498,44.09722222222222,110,12,0,0,1210.6,23.47926199261993,1234.07926199262,-2328.0,-121.06,-2449.0600000000004,84,88,30,52,34,final_dqn_seed42.csv
train,0.1,271,-1,0.5122,100.9187332733525,40.27777777777778,116,7,0,0,1485.5,23.47926199261993,1508.97926199262,-2400.0,-148.54999999999998,-2548.55,42,93,39,79,35,final_dqn_seed42.csv
train,0.1,272,-1,0.5104,95.80177235430526,73.95833333333334,13,6,0,0,1572.0,23.47926199261993,1595.47926199262,-357.0,-157.2,-514.2,88,37,37,58,68,final_dqn_seed42.csv
train,0.1,273,-1,0.5085999999999999,205.13119496468784,21.875,0,0,0,0,1654.9,23.47926199261993,1678.3792619926198,-387.0,-165.49,-552.49,25,96,65,41,61,final_dqn_seed42.csv
train,0.1,274,-1,0.5067999999999999,267.9776074904313,6.25,0,0,78,7,1569.6,23.47926199261993,1593.07926199262,-1146.0,-156.96,-1302.96,44,57,88,51,48,final_dqn_seed42.csv
train,0.1,275,-1,0.5049999999999999,128.79423683982537,68.40277777777779,53,3,0,0,1208.2999999999995,23.47926199261993,1231.7792619926197,-951.0,-120.82999999999998,-1071.8300000000002,60,124,22,55,27,final_dqn_seed42.csv
train,0.1,276,-1,0.5031999999999999,157.5040802434138,64.23611111111111,0,0,0,0,1184.7,23.47926199261993,1208.17926199262,-27.0,-118.47,-145.47000000000003,61,118,45,33,31,final_dqn_seed42.csv
train,0.1,277,-1,0.5014,147.44512901875547,92.01388888888889,0,0,0,0,1182.5,23.47926199261993,1205.97926199262,219.0,-118.25,100.75,51,134,42,32,29,final_dqn_seed42.csv
train,0.1,278,-1,0.4995999999999999,207.2046276855293,37.5,0,0,41,4,1259.1,23.47926199261993,1282.57926199262,-580.0,-125.91,-705.91,43,152,23,31,39,final_dqn_seed42.csv
train,0.1,279,-1,0.4977999999999999,167.5342069576663,64.58333333333334,0,0,0,0,1290.0,23.47926199261993,1313.47926199262,-18.0,-129.0,-147.0,40,135,30,55,28,final_dqn_seed42.csv
train,0.1,280,-1,0.4959999999999999,100.7174215733681,59.375,73,7,0,0,1396.7,23.47926199261993,1420.17926199262,-1470.0,-139.67,-1609.6699999999998,78,58,40,73,39,final_dqn_seed42.csv
train,0.1,281,-1,0.4942,144.1468202997059,90.625,0,0,0,0,1114.9,23.47926199261993,1138.3792619926198,207.0,-111.49,95.51,86,109,21,39,33,final_dqn_seed42.csv
train,0.1,282,-1,0.4924,204.79709490507076,26.38888888888889,0,0,0,0,1306.1,23.47926199261993,1329.57926199262,-348.0,-130.61,-478.61,91,70,41,33,53,final_dqn_seed42.csv
train,0.1,283,-1,0.4906,228.7936901619695,26.38888888888889,0,0,46,3,1835.7000000000005,23.47926199261993,1859.17926199262,-716.0,-183.57,-899.57,60,70,27,26,105,final_dqn_seed42.csv
train,0.1,284,-1,0.4888,69.3483370176805,24.65277777777778,176,12,0,0,1360.1,23.47926199261993,1383.57926199262,-3654.0,-136.01,-3790.01,92,49,41,61,45,final_dqn_seed42.csv
train,0.1,285,-1,0.487,304.2646225572079,4.166666666666666,0,0,179,7,1242.9,23.47926199261993,1266.37926199262,-1972.0,-124.29,-2096.29,117,49,29,40,53,final_dqn_seed42.csv
train,0.1,286,-1,0.4852000000000001,202.20591858004667,28.125,0,0,0,0,1418.7,23.47926199261993,1442.17926199262,-333.0,-141.87,-474.87,80,80,31,34,63,final_dqn_seed42.csv
train,0.1,287,-1,0.4834,68.58829014288133,29.51388888888889,153,15,0,0,2023.2,23.47926199261993,2046.67926199262,-3225.0,-202.32,-3427.32,56,38,38,44,112,final_dqn_seed42.csv
train,0.1,288,-1,0.4816,152.49122711546377,62.5,15,2,0,0,1452.4,23.47926199261993,1475.8792619926198,-327.0,-145.24,-472.24,73,88,33,26,68,final_dqn_seed42.csv
train,0.1,289,-1,0.4798,112.08732403740632,70.13888888888889,53,9,0,0,1537.3,23.47926199261993,1560.77926199262,-987.0,-153.73,-1140.73,51,84,50,46,57,final_dqn_seed42.csv
train,0.1,290,-1,0.478,169.001578267467,77.77777777777779,0,0,0,0,1335.0,23.47926199261993,1358.47926199262,96.0,-133.5,-37.49999999999999,38,146,25,37,42,final_dqn_seed42.csv
train,0.1,291,-1,0.4762,151.294985010252,86.11111111111111,0,0,0,0,1105.9,23.47926199261993,1129.3792619926198,165.0,-110.59,54.41,77,112,33,39,27,final_dqn_seed42.csv
train,0.1,292,-1,0.4744,227.047691574104,11.11111111111111,0,0,1,1,1170.5,23.47926199261993,1193.97926199262,-488.0,-117.04999999999998,-605.0500000000001,32,152,53,30,21,final_dqn_seed42.csv
train,0.1,293,-1,0.4726,110.57818704843218,85.76388888888889,10,2,0,0,1479.5,23.47926199261993,1502.97926199262,-108.0,-147.95,-255.95,69,55,68,41,55,final_dqn_seed42.csv
train,0.1,294,-1,0.4708,97.06344004120248,68.40277777777779,82,2,0,0,1351.0,23.47926199261993,1374.47926199262,-1488.0,-135.1,-1623.1,92,56,48,38,54,final_dqn_seed42.csv
train,0.1,295,-1,0.469,140.42366001121866,62.5,12,2,0,0,1290.5,23.47926199261993,1313.97926199262,-327.0,-129.05,-456.05,71,74,80,18,45,final_dqn_seed42.csv
train,0.1,296,-1,0.4672,163.07474776952753,63.54166666666666,14,3,36,2,1182.4,23.47926199261993,1205.87926199262,-612.0,-118.23999999999998,-730.24,78,99,41,34,36,final_dqn_seed42.csv
train,0.1,297,-1,0.4654,296.4107881895249,10.069444444444445,0,0,183,6,1739.5,23.47926199261993,1762.97926199262,-1953.0,-173.95000000000002,-2126.9500000000003,23,90,75,25,75,final_dqn_seed42.csv
train,0.1,298,-1,0.4636,173.29297537930188,61.11111111111112,0,0,0,0,961.3,23.47926199261993,984.77926199262,-48.0,-96.13,-144.13,102,90,44,31,21,final_dqn_seed42.csv
train,0.1,299,-1,0.4618,209.0302339789392,19.791666666666664,0,0,0,0,1142.2,23.47926199261993,1165.67926199262,-405.0,-114.22,-519.22,84,97,39,34,34,final_dqn_seed42.csv
eval,0.1,299,0,0.0,72.82446281254016,32.98611111111111,144,10,0,0,2198.0999999999995,23.47926199261993,2221.579261992619,-3030.0,-219.81,-3249.8100000000004,50,50,36,3,149,final_dqn_seed42.csv
eval,0.1,299,1,0.0,205.81152141567463,30.90277777777778,0,0,0,0,775.4000000000001,23.47926199261993,798.8792619926201,-309.0,-77.53999999999999,-386.54,18,268,0,0,2,final_dqn_seed42.csv
eval,0.1,299,2,0.0,98.10699512185684,52.77777777777778,97,11,0,0,1639.9,23.47926199261993,1663.37926199262,-1983.0,-163.99,-2146.99,66,101,17,5,99,final_dqn_seed42.csv
eval,0.1,299,3,0.0,178.4549118582792,50.34722222222222,0,0,0,0,696.8000000000001,23.47926199261993,720.27926199262,-141.0,-69.67999999999999,-210.67999999999995,43,241,3,1,0,final_dqn_seed42.csv
eval,0.1,299,4,0.0,100.46181515011432,60.41666666666666,82,4,0,0,1563.6,23.47926199261993,1587.07926199262,-1626.0,-156.36,-1782.36,77,90,21,8,92,final_dqn_seed42.csv
train,0.1,300,-1,0.4599999999999999,289.43995735242004,11.805555555555555,0,0,156,2,1309.6,23.47926199261993,1333.07926199262,-1722.0,-130.96,-1852.96,43,118,58,33,36,final_dqn_seed42.csv
train,0.1,301,-1,0.4582,199.9920625335114,30.90277777777778,0,0,0,0,1283.5,23.47926199261993,1306.97926199262,-309.0,-128.35,-437.35,61,77,87,28,35,final_dqn_seed42.csv
train,0.1,302,-1,0.4564,240.72344010757388,3.8194444444444446,0,0,18,3,1251.5,23.47926199261993,1274.97926199262,-687.0,-125.15,-812.15,40,107,83,35,23,final_dqn_seed42.csv
train,0.1,303,-1,0.4546,98.30462457872252,45.13888888888889,118,8,0,0,1609.2,23.47926199261993,1632.67926199262,-2370.0,-160.92000000000002,-2530.92,54,65,61,44,64,final_dqn_seed42.csv
train,0.1,304,-1,0.4528,333.36907085465475,4.166666666666666,0,0,235,1,1246.6,23.47926199261993,1270.07926199262,-2420.0,-124.65999999999998,-2544.6600000000003,48,106,63,49,22,final_dqn_seed42.csv
train,0.1,305,-1,0.4509999999999999,176.053004178496,52.77777777777778,3,1,1,1,1044.2,23.47926199261993,1067.67926199262,-194.0,-104.42,-298.42,65,144,31,22,26,final_dqn_seed42.csv
train,0.1,306,-1,0.4492,188.59140424328484,46.18055555555556,0,0,2,2,1100.1,23.47926199261993,1123.57926199262,-193.0,-110.01,-303.01,63,124,56,16,29,final_dqn_seed42.csv
train,0.1,307,-1,0.4474,205.32964917420733,24.65277777777778,0,0,0,0,1148.6999999999998,23.47926199261993,1172.1792619926198,-363.0,-114.87,-477.87,48,135,57,21,27,final_dqn_seed42.csv
train,0.1,308,-1,0.4456,138.53838622356164,55.55555555555556,30,4,0,0,1207.2,23.47926199261993,1230.67926199262,-693.0,-120.72,-813.7200000000003,61,84,83,36,24,final_dqn_seed42.csv
train,0.1,309,-1,0.4438,118.31483075613374,82.98611111111111,34,2,0,0,1181.1,23.47926199261993,1204.57926199262,-501.0,-118.11,-619.1099999999999,95,76,47,27,43,final_dqn_seed42.csv
train,0.1,310,-1,0.4419999999999999,173.54551242553848,56.59722222222222,0,0,0,0,1154.7999999999995,23.47926199261993,1178.2792619926197,-87.0,-115.48,-202.48,75,57,103,33,20,final_dqn_seed42.csv
train,0.1,311,-1,0.4402,75.78281212220908,40.97222222222222,132,8,0,0,1258.8000000000002,23.47926199261993,1282.27926199262,-2712.0,-125.88,-2837.88,57,107,50,42,32,final_dqn_seed42.csv
train,0.1,312,-1,0.4384,89.53218041328219,49.30555555555556,100,12,0,0,1678.8,23.47926199261993,1702.27926199262,-2088.0,-167.88,-2255.880000000001,44,99,33,32,80,final_dqn_seed42.csv
train,0.1,313,-1,0.4366,181.876892178884,51.73611111111112,0,0,0,0,1089.6,23.47926199261993,1113.07926199262,-129.0,-108.96,-237.96,84,75,71,38,20,final_dqn_seed42.csv
train,0.1,314,-1,0.4347999999999999,214.35801183009212,25.0,0,0,31,2,1194.6,23.47926199261993,1218.07926199262,-608.0,-119.46,-727.46,83,41,112,22,30,final_dqn_seed42.csv
train,0.1,315,-1,0.4329999999999999,141.70796066086606,51.04166666666666,13,5,0,0,1237.6999999999998,23.47926199261993,1261.1792619926198,-468.0,-123.76999999999998,-591.7700000000001,72,84,65,30,37,final_dqn_seed42.csv
train,0.1,316,-1,0.4312,112.68625427424728,94.0972222222222,3,1,0,0,1311.8,23.47926199261993,1335.27926199262,141.0,-131.18,9.819999999999991,38,138,47,23,42,final_dqn_seed42.csv
train,0.1,317,-1,0.4294,245.57193304991716,34.375,0,0,100,1,1177.9,23.47926199261993,1201.3792619926198,-1079.0,-117.79,-1196.7900000000002,66,59,121,19,23,final_dqn_seed42.csv
train,0.1,318,-1,0.4276,88.59889261662728,48.26388888888889,63,14,0,0,1491.6,23.47926199261993,1515.07926199262,-1551.0,-149.16,-1700.1600000000003,34,134,25,39,56,final_dqn_seed42.csv
train,0.1,319,-1,0.4257999999999999,128.60601537508012,77.08333333333334,26,2,0,0,1355.1,23.47926199261993,1378.57926199262,-402.0,-135.51,-537.5100000000001,35,98,89,35,31,final_dqn_seed42.csv
train,0.1,320,-1,0.4239999999999999,252.6217977581191,14.23611111111111,0,0,91,5,1250.0,23.47926199261993,1273.47926199262,-1181.0,-125.0,-1306.0,52,87,94,27,28,final_dqn_seed42.csv
train,0.1,321,-1,0.4222,150.8223060588642,67.01388888888889,3,1,0,0,1013.1,23.47926199261993,1036.57926199262,-81.0,-101.31,-182.31000000000003,102,62,70,35,19,final_dqn_seed42.csv
train,0.1,322,-1,0.4204,179.2485935707427,34.375,33,3,1,1,1047.7,23.47926199261993,1071.17926199262,-905.0,-104.77,-1009.77,102,58,75,28,25,final_dqn_seed42.csv
train,0.1,323,-1,0.4185999999999999,215.13475288451465,26.041666666666668,0,0,2,2,974.0,23.47926199261993,997.47926199262,-367.0,-97.4,-464.4,132,33,68,27,28,final_dqn_seed42.csv
train,0.1,324,-1,0.4167999999999999,168.7967819618995,62.15277777777778,0,0,0,0,883.2,23.47926199261993,906.67926199262,-39.0,-88.32,-127.32000000000002,132,49,59,28,20,final_dqn_seed42.csv
train,0.1,325,-1,0.4149999999999999,84.34407230131642,56.94444444444444,65,7,0,0,1247.1,23.47926199261993,1270.57926199262,-1431.0,-124.71,-1555.7100000000005,39,141,36,45,27,final_dqn_seed42.csv
train,0.1,326,-1,0.4132,116.2038429208106,60.41666666666666,72,8,0,0,1359.6999999999998,23.47926199261993,1383.1792619926198,-1407.0,-135.97,-1542.97,49,95,79,20,45,final_dqn_seed42.csv
train,0.1,327,-1,0.4114,205.5101914341603,32.98611111111111,0,0,0,0,1064.6999999999998,23.47926199261993,1088.1792619926198,-291.0,-106.47,-397.47,95,60,88,18,27,final_dqn_seed42.csv
train,0.1,328,-1,0.4095999999999999,108.09588086674896,72.91666666666666,47,6,0,0,1426.9,23.47926199261993,1450.3792619926198,-885.0,-142.69,-1027.69,78,38,88,31,53,final_dqn_seed42.csv
train,0.1,329,-1,0.4077999999999999,196.08981021366336,18.40277777777778,0,0,0,0,974.8,23.47926199261993,998.27926199262,-417.0,-97.48,-514.48,142,24,56,38,28,final_dqn_seed42.csv
train,0.1,330,-1,0.4059999999999999,91.12155909117058,31.944444444444443,133,13,0,0,1355.4,23.47926199261993,1378.87926199262,-2811.0,-135.54000000000002,-2946.54,102,55,35,34,62,final_dqn_seed42.csv
train,0.1,331,-1,0.4042,95.72968959900004,61.11111111111112,68,7,0,0,1468.4,23.47926199261993,1491.87926199262,-1404.0,-146.83999999999995,-1550.84,52,87,51,50,48,final_dqn_seed42.csv
train,0.1,332,-1,0.4024,192.0999152533369,36.11111111111111,0,0,0,0,892.4000000000001,23.47926199261993,915.87926199262,-264.0,-89.24000000000001,-353.24,138,23,84,23,20,final_dqn_seed42.csv
train,0.1,333,-1,0.4005999999999999,186.40686569526304,43.75,0,0,0,0,849.2,23.47926199261993,872.67926199262,-198.0,-84.91999999999999,-282.92,143,27,79,19,20,final_dqn_seed42.csv
train,0.1,334,-1,0.3987999999999999,137.683558661789,80.90277777777779,2,1,0,0,1548.2999999999995,23.47926199261993,1571.7792619926197,42.0,-154.83,-112.83000000000004,71,55,66,25,71,final_dqn_seed42.csv
train,0.1,335,-1,0.3969999999999999,250.37315001415547,20.13888888888889,0,0,67,4,911.8,23.47926199261993,935.27926199262,-938.0,-91.18,-1029.18,156,17,56,29,30,final_dqn_seed42.csv
train,0.1,336,-1,0.3952,254.7378449188316,2.7777777777777777,0,0,50,2,1302.7,23.47926199261993,1326.17926199262,-952.0,-130.26999999999998,-1082.27,134,28,29,26,71,final_dqn_seed42.csv
train,0.1,337,-1,0.3933999999999999,147.93334333508983,72.91666666666666,3,2,0,0,1364.5,23.47926199261993,1387.97926199262,-33.0,-136.45,-169.45000000000002,60,62,97,28,41,final_dqn_seed42.csv
train,0.1,338,-1,0.3915999999999999,119.2658197082464,85.06944444444444,27,3,0,0,1882.5,23.47926199261993,1905.97926199262,-375.0,-188.25,-563.2500000000002,39,62,60,34,93,final_dqn_seed42.csv
train,0.1,339,-1,0.3897999999999999,290.38550479806963,9.375,0,0,173,4,812.6,23.47926199261993,836.07926199262,-1879.0,-81.25999999999999,-1960.26,160,29,46,31,22,final_dqn_seed42.csv
train,0.1,340,-1,0.3879999999999999,86.74062555638498,54.513888888888886,99,5,0,0,1744.6999999999998,23.47926199261993,1768.1792619926198,-1983.0,-174.46999999999997,-2157.4700000000003,43,66,32,88,59,final_dqn_seed42.csv
train,0.1,341,-1,0.3862,87.21277728229471,56.59722222222222,96,9,0,0,1468.1,23.47926199261993,1491.57926199262,-1902.0,-146.81,-2048.8100000000004,53,90,31,73,41,final_dqn_seed42.csv
train,0.1,342,-1,0.3843999999999999,154.6800253416097,63.888888888888886,7,2,0,0,1017.4,23.47926199261993,1040.8792619926198,-180.0,-101.74,-281.74,108,64,61,29,26,final_dqn_seed42.csv
train,0.1,343,-1,0.3825999999999999,219.1087714386929,5.555555555555555,0,0,0,0,812.0999999999999,23.47926199261993,835.5792619926199,-528.0,-81.21,-609.21,162,15,56,38,17,final_dqn_seed42.csv
train,0.1,344,-1,0.3808,147.29837698500398,91.66666666666666,0,0,0,0,1188.6999999999998,23.47926199261993,1212.1792619926198,216.0,-118.87,97.13,71,57,114,19,27,final_dqn_seed42.csv
train,0.1,345,-1,0.379,118.4601897220619,76.73611111111111,43,4,0,0,1163.0,23.47926199261993,1186.47926199262,-753.0,-116.3,-869.3000000000002,73,71,92,26,26,final_dqn_seed42.csv
train,0.1,346,-1,0.3772,99.9303950206793,77.08333333333334,35,4,0,0,999.8,23.47926199261993,1023.27926199262,-633.0,-99.98,-732.98,101,112,18,23,34,final_dqn_seed42.csv
train,0.1,347,-1,0.3754,103.81885672845266,80.90277777777779,17,6,0,0,1070.0,23.47926199261993,1093.47926199262,-297.0,-107.0,-404.0,122,51,51,24,40,final_dqn_seed42.csv
train,0.1,348,-1,0.3736,151.26956206641842,81.59722222222221,0,0,0,0,1270.4,23.47926199261993,1293.8792619926198,129.0,-127.04,1.9600000000000224,51,61,127,25,24,final_dqn_seed42.csv
train,0.1,349,-1,0.3718,219.27108258933868,34.02777777777778,0,0,60,1,1284.1999999999998,23.47926199261993,1307.6792619926198,-762.0,-128.42,-890.42,77,40,91,54,26,final_dqn_seed42.csv
eval,0.1,349,0,0.0,119.60275757764556,92.36111111111111,0,0,0,0,784.9,23.47926199261993,808.37926199262,171.0,-78.49000000000001,92.51,120,65,66,36,1,final_dqn_seed42.csv
eval,0.1,349,1,0.0,100.56507946374865,67.36111111111111,72,4,0,0,1176.9,23.47926199261993,1200.37926199262,-1356.0,-117.69,-1473.69,80,49,69,85,5,final_dqn_seed42.csv
eval,0.1,349,2,0.0,166.57399526977142,75.34722222222221,0,0,0,0,1178.9,23.47926199261993,1202.3792619926198,75.0,-117.89,-42.89000000000001,29,36,222,0,1,final_dqn_seed42.csv
eval,0.1,349,3,0.0,107.1602426301307,71.18055555555556,19,4,0,0,1110.3,23.47926199261993,1133.77926199262,-450.0,-111.03,-561.0300000000001,102,33,57,93,3,final_dqn_seed42.csv
eval,0.1,349,4,0.0,194.33885520863976,40.625,0,0,4,1,1255.1999999999998,23.47926199261993,1278.6792619926198,-257.0,-125.51999999999998,-382.52,15,29,243,1,0,final_dqn_seed42.csv
train,0.1,350,-1,0.37,80.17839477377048,37.5,100,19,0,0,1534.1,23.47926199261993,1557.57926199262,-2286.0,-153.41,-2439.41,65,59,35,84,45,final_dqn_seed42.csv
train,0.1,351,-1,0.3681999999999999,155.36725260554758,56.59722222222222,17,1,0,0,1085.5,23.47926199261993,1108.97926199262,-414.0,-108.55,-522.5500000000001,123,23,82,25,35,final_dqn_seed42.csv
train,0.1,352,-1,0.3664,266.1174461906287,23.26388888888889,0,0,162,3,1254.3,23.47926199261993,1277.77926199262,-1677.0,-125.43,-1802.43,114,54,28,37,55,final_dqn_seed42.csv
train,0.1,353,-1,0.3646,110.98451278243115,79.16666666666666,30,6,0,0,1061.5,23.47926199261993,1084.97926199262,-519.0,-106.15,-625.15,136,36,40,37,39,final_dqn_seed42.csv
train,0.1,354,-1,0.3628,85.9042978659764,56.59722222222222,85,9,0,0,861.8,23.47926199261993,885.2792619926199,-1737.0,-86.17999999999999,-1823.18,148,43,44,27,26,final_dqn_seed42.csv
train,0.1,355,-1,0.361,132.8404165915841,93.75,0,0,0,0,886.7,23.47926199261993,910.17926199262,213.0,-88.66999999999999,124.33,146,42,51,18,31,final_dqn_seed42.csv
train,0.1,356,-1,0.3591999999999999,95.04512190582834,64.58333333333334,42,12,0,0,1048.9,23.47926199261993,1072.37926199262,-954.0,-104.89,-1058.89,131,41,39,44,33,final_dqn_seed42.csv
train,0.1,357,-1,0.3574,219.540801130958,18.75,0,0,4,2,914.5,23.47926199261993,937.97926199262,-446.0,-91.45,-537.45,129,36,80,22,21,final_dqn_seed42.csv
train,0.1,358,-1,0.3556,138.1914171146899,89.58333333333334,0,0,0,0,1127.1,23.47926199261993,1150.57926199262,192.0,-112.71,79.28999999999999,103,46,75,33,31,final_dqn_seed42.csv
train,0.1,359,-1,0.3538,160.63788631264364,21.52777777777778,79,11,1,1,813.4000000000001,23.47926199261993,836.8792619926201,-1880.0,-81.34,-1961.34,145,38,64,23,18,final_dqn_seed42.csv
train,0.1,360,-1,0.352,131.84418229907624,92.01388888888889,1,1,0,0,1018.5,23.47926199261993,1041.97926199262,168.0,-101.85,66.14999999999999,117,24,103,19,25,final_dqn_seed42.csv
train,0.1,361,-1,0.3501999999999999,205.79903772443436,13.194444444444445,0,0,0,0,854.0999999999999,23.47926199261993,877.5792619926199,-462.0,-85.41,-547.41,133,44,70,24,17,final_dqn_seed42.csv
train,0.1,362,-1,0.3484,225.3939419878604,1.0416666666666663,0,0,0,0,912.4,23.47926199261993,935.87926199262,-567.0,-91.24,-658.24,154,18,63,21,32,final_dqn_seed42.csv
train,0.1,363,-1,0.3466,111.92170092353165,83.33333333333334,34,2,0,0,793.5999999999999,23.47926199261993,817.0792619926199,-510.0,-79.35999999999999,-589.3599999999999,145,64,37,18,24,final_dqn_seed42.csv
train,0.1,364,-1,0.3448,285.4610310746174,10.76388888888889,0,0,181,1,863.2,23.47926199261993,886.67926199262,-1931.0,-86.32,-2017.32,140,58,29,41,20,final_dqn_seed42.csv
train,0.1,365,-1,0.3429999999999999,221.5764985834641,17.36111111111111,0,0,0,0,1551.8,23.47926199261993,1575.27926199262,-426.0,-155.18,-581.18,41,22,152,31,42,final_dqn_seed42.csv
train,0.1,366,-1,0.3411999999999999,86.04548313943012,40.27777777777778,136,9,0,0,810.1,23.47926199261993,833.57926199262,-2763.0,-81.00999999999999,-2844.01,148,65,23,27,25,final_dqn_seed42.csv
train,0.1,367,-1,0.3394,158.1112661455992,86.45833333333334,0,0,0,0,1195.8,23.47926199261993,1219.27926199262,171.0,-119.58,51.41999999999999,27,137,85,17,22,final_dqn_seed42.csv
train,0.1,368,-1,0.3376,196.5388496712333,53.125,0,0,5,2,882.4000000000001,23.47926199261993,905.87926199262,-157.0,-88.24,-245.24,101,121,27,15,24,final_dqn_seed42.csv
train,0.1,369,-1,0.3358,166.6299800569272,64.58333333333334,0,0,0,0,1135.3,23.47926199261993,1158.77926199262,-18.0,-113.53,-131.52999999999997,47,156,32,24,29,final_dqn_seed42.csv
train,0.1,370,-1,0.3339999999999999,185.83930522467776,48.95833333333333,0,0,0,0,834.6,23.47926199261993,858.07926199262,-153.0,-83.45999999999998,-236.46,86,148,21,19,14,final_dqn_seed42.csv
train,0.1,371,-1,0.3321999999999999,264.9547843346658,10.416666666666668,0,0,99,7,1219.1,23.47926199261993,1242.57926199262,-1278.0,-121.91,-1399.91,105,89,19,12,63,final_dqn_seed42.csv
train,0.1,372,-1,0.3304,79.59477059035557,35.76388888888889,135,12,0,0,801.5,23.47926199261993,824.97926199262,-2847.0,-80.14999999999999,-2927.15,159,45,27,34,23,final_dqn_seed42.csv
train,0.1,373,-1,0.3286,154.85770088700818,30.55555555555556,39,10,0,0,1003.8,23.47926199261993,1027.27926199262,-1080.0,-100.38,-1180.38,79,90,79,26,14,final_dqn_seed42.csv
train,0.1,374,-1,0.3268,132.47938099209628,85.06944444444444,2,1,0,0,1063.6,23.47926199261993,1087.07926199262,57.0,-106.36,-49.36000000000003,60,147,36,17,28,final_dqn_seed42.csv
train,0.1,375,-1,0.3249999999999999,159.88574624298997,65.97222222222221,0,0,0,0,1010.7,23.47926199261993,1034.17926199262,-6.0,-101.07,-107.06999999999998,29,202,22,20,15,final_dqn_seed42.csv
train,0.1,376,-1,0.3231999999999999,158.2052485006358,47.91666666666667,12,3,0,0,1304.8,23.47926199261993,1328.27926199262,-408.0,-130.48,-538.48,53,95,79,21,40,final_dqn_seed42.csv
train,0.1,377,-1,0.3214,199.6738139350181,50.69444444444444,0,0,13,1,968.5,23.47926199261993,991.97926199262,-242.0,-96.85,-338.85,76,125,45,25,17,final_dqn_seed42.csv
train,0.1,378,-1,0.3196,179.64437348893497,47.56944444444444,0,0,0,0,1088.4,23.47926199261993,1111.8792619926198,-165.0,-108.84,-273.84,22,195,34,17,20,final_dqn_seed42.csv
train,0.1,379,-1,0.3177999999999999,113.03236369939866,59.72222222222222,80,4,0,0,1824.4,23.47926199261993,1847.87926199262,-1569.0,-182.44,-1751.4400000000005,20,67,94,31,76,final_dqn_seed42.csv
train,0.1,380,-1,0.3159999999999999,248.549261097492,5.555555555555555,0,0,42,7,1657.5,23.47926199261993,1680.97926199262,-864.0,-165.75,-1029.75,36,41,132,16,63,final_dqn_seed42.csv
train,0.1,381,-1,0.3141999999999999,95.34635189313828,36.45833333333333,90,9,0,0,1634.1999999999998,23.47926199261993,1657.6792619926198,-2049.0,-163.42,-2212.42,48,83,55,28,74,final_dqn_seed42.csv
train,0.1,382,-1,0.3124,97.383576601001,59.375,68,11,0,0,2073.0,23.47926199261993,2096.47926199262,-1419.0,-207.3,-1626.3000000000002,25,84,43,14,122,final_dqn_seed42.csv
train,0.1,383,-1,0.3106,88.50796698783662,57.29166666666666,106,4,0,0,1514.6999999999998,23.47926199261993,1538.1792619926198,-2037.0,-151.47,-2188.4700000000003,42,98,55,38,55,final_dqn_seed42.csv
train,0.1,384,-1,0.3087999999999999,150.24577751300328,72.56944444444444,6,1,0,0,1119.9,23.47926199261993,1143.37926199262,-78.0,-111.99,-189.99,63,77,112,17,19,final_dqn_seed42.csv
train,0.1,385,-1,0.3069999999999999,125.29889528583732,91.66666666666666,1,1,0,0,911.6,23.47926199261993,935.07926199262,162.0,-91.16,70.84,137,34,68,25,24,final_dqn_seed42.csv
train,0.1,386,-1,0.3051999999999999,81.06730585131335,38.88888888888889,155,7,0,0,762.4999999999999,23.47926199261993,785.9792619926199,-3075.0,-76.25,-3151.25,165,27,45,34,17,final_dqn_seed42.csv
train,0.1,387,-1,0.3034,190.98230330511865,31.944444444444443,0,0,0,0,1011.7,23.47926199261993,1035.17926199262,-300.0,-101.17,-401.17,102,55,93,13,25,final_dqn_seed42.csv
train,0.1,388,-1,0.3016,211.535163392456,29.51388888888889,0,0,0,0,690.3,23.47926199261993,713.7792619926199,-321.0,-69.03,-390.03,179,19,50,21,19,final_dqn_seed42.csv
train,0.1,389,-1,0.2997999999999999,228.7710572763788,19.791666666666664,0,0,35,5,1110.3,23.47926199261993,1133.77926199262,-685.0,-111.03,-796.0300000000001,46,103,110,14,15,final_dqn_seed42.csv
train,0.1,390,-1,0.2979999999999999,200.1169292393966,39.23611111111111,0,0,5,2,847.4,23.47926199261993,870.87926199262,-277.0,-84.74000000000001,-361.74,125,62,65,18,18,final_dqn_seed42.csv
train,0.1,391,-1,0.2961999999999999,221.347537469729,31.944444444444443,0,0,26,1,1298.8,23.47926199261993,1322.27926199262,-508.0,-129.88,-637.88,28,123,73,40,24,final_dqn_seed42.csv
train,0.1,392,-1,0.2944,162.68872453144053,69.44444444444444,0,0,0,0,816.4,23.47926199261993,839.87926199262,24.0,-81.64,-57.63999999999999,173,26,39,14,36,final_dqn_seed42.csv
train,0.1,393,-1,0.2925999999999999,218.18317192192097,30.90277777777778,0,0,39,1,732.9,23.47926199261993,756.37926199262,-621.0,-73.28999999999999,-694.29,153,51,47,20,17,final_dqn_seed42.csv
train,0.1,394,-1,0.2907999999999999,164.46418193211315,72.22222222222221,0,0,0,0,547.0,23.47926199261993,570.47926199262,48.0,-54.7,-6.699999999999989,207,21,20,22,18,final_dqn_seed42.csv
train,0.1,395,-1,0.2889999999999999,86.8110345064093,53.125,109,9,0,0,1413.3,23.47926199261993,1436.77926199262,-2157.0,-141.32999999999998,-2298.33,107,48,39,17,77,final_dqn_seed42.csv
train,0.1,396,-1,0.2871999999999999,146.14186683806963,77.43055555555556,0,0,0,0,515.9,23.47926199261993,539.37926199262,87.0,-51.59,35.41000000000001,202,23,29,23,11,final_dqn_seed42.csv
train,0.1,397,-1,0.2854,196.7232437841757,41.66666666666667,0,0,8,4,608.4,23.47926199261993,631.87926199262,-292.0,-60.83999999999999,-352.84000000000003,171,41,51,13,12,final_dqn_seed42.csv
train,0.1,398,-1,0.2835999999999999,203.5819511556418,26.38888888888889,0,0,0,0,1316.6,23.47926199261993,1340.07926199262,-348.0,-131.66000000000005,-479.66,120,55,21,18,74,final_dqn_seed42.csv
train,0.1,399,-1,0.2817999999999999,95.36333944917436,57.29166666666666,96,7,0,0,1121.1,23.47926199261993,1144.57926199262,-1890.0,-112.11,-2002.11,150,30,26,23,59,final_dqn_seed42.csv
eval,0.1,399,0,0.0,192.39068751968065,46.18055555555556,0,0,15,3,337.20000000000005,23.47926199261993,360.67926199262,-297.0,-33.72,-330.7199999999999,171,115,0,2,0,final_dqn_seed42.csv
eval,0.1,399,1,0.0,162.48827710658855,77.43055555555556,0,0,0,0,67.19999999999999,23.47926199261993,90.67926199261991,93.0,-6.719999999999999,86.28,264,24,0,0,0,final_dqn_seed42.csv
eval,0.1,399,2,0.0,153.91444407549852,73.26388888888889,0,0,0,0,183.2,23.47926199261993,206.67926199261996,57.0,-18.32,38.68000000000004,226,60,0,2,0,final_dqn_seed42.csv
eval,0.1,399,3,0.0,170.01951448673148,67.36111111111111,0,0,0,0,100.4,23.47926199261993,123.87926199261992,6.0,-10.04,-4.039999999999978,259,25,0,4,0,final_dqn_seed42.csv
eval,0.1,399,4,0.0,224.4740978478111,35.41666666666667,0,0,57,12,475.2000000000001,23.47926199261993,498.67926199262,-726.0,-47.52,-773.52,120,167,0,1,0,final_dqn_seed42.csv
train,0.1,400,-1,0.2799999999999999,207.95361826715896,26.73611111111111,0,0,0,0,1636.9,23.47926199261993,1660.3792619926198,-345.0,-163.69,-508.69,95,21,24,79,69,final_dqn_seed42.csv
train,0.1,401,-1,0.2781999999999999,178.37087152029244,61.11111111111112,0,0,0,0,1123.1,23.47926199261993,1146.57926199262,-48.0,-112.31,-160.31000000000003,97,40,110,6,35,final_dqn_seed42.csv
train,0.1,402,-1,0.2764,90.92503629457504,41.66666666666667,132,8,0,0,1302.6,23.47926199261993,1326.07926199262,-2694.0,-130.26,-2824.26,90,50,81,13,54,final_dqn_seed42.csv
train,0.1,403,-1,0.2745999999999999,219.7305501110973,26.38888888888889,0,0,3,2,937.8,23.47926199261993,961.27926199262,-372.0,-93.78,-465.78,169,19,29,29,42,final_dqn_seed42.csv
train,0.1,404,-1,0.2727999999999999,167.09164716222048,70.83333333333334,0,0,0,0,489.9,23.47926199261993,513.37926199262,36.0,-48.99,-12.989999999999997,213,25,19,12,19,final_dqn_seed42.csv
train,0.1,405,-1,0.2709999999999999,98.14668797999288,62.5,73,11,0,0,1040.1,23.47926199261993,1063.57926199262,-1455.0,-104.01,-1559.0100000000002,157,39,17,18,57,final_dqn_seed42.csv
train,0.1,406,-1,0.2691999999999999,94.37724480877168,63.19444444444444,55,10,0,0,1056.9,23.47926199261993,1080.37926199262,-1173.0,-105.69,-1278.69,112,35,84,32,25,final_dqn_seed42.csv
train,0.1,407,-1,0.2674000000000001,189.70768421262872,30.55555555555556,0,0,0,0,611.5,23.47926199261993,634.97926199262,-312.0,-61.15,-373.15,194,14,46,15,19,final_dqn_seed42.csv
train,0.1,408,-1,0.2656,200.3552080383809,27.77777777777778,0,0,0,0,632.9000000000001,23.47926199261993,656.3792619926201,-345.0,-63.29,-408.29,197,22,20,28,21,final_dqn_seed42.csv
train,0.1,409,-1,0.2638,235.11581401159785,12.152777777777777,0,0,17,3,953.3,23.47926199261993,976.77926199262,-607.0,-95.32999999999998,-702.3299999999999,130,87,11,19,41,final_dqn_seed42.csv
train,0.1,410,-1,0.262,118.00776415135408,74.65277777777779,20,5,0,0,725.6,23.47926199261993,749.07926199262,-351.0,-72.56,-423.56000000000006,170,17,60,25,16,final_dqn_seed42.csv
train,0.1,411,-1,0.2602,206.18070976946117,24.305555555555557,0,0,3,1,696.5,23.47926199261993,719.97926199262,-390.0,-69.65,-459.65,202,16,22,11,37,final_dqn_seed42.csv
train,0.1,412,-1,0.2584000000000001,197.4627749776302,24.65277777777778,0,0,0,0,1284.1,23.47926199261993,1307.57926199262,-363.0,-128.41,-491.41,94,43,73,33,45,final_dqn_seed42.csv
train,0.1,413,-1,0.2566,220.3365798854603,27.43055555555556,0,0,31,3,2338.5,23.47926199261993,2361.97926199262,-587.0,-233.85,-820.8499999999999,46,23,50,16,153,final_dqn_seed42.csv
train,0.1,414,-1,0.2548,185.44374731158783,40.97222222222222,0,0,0,0,1467.6,23.47926199261993,1491.07926199262,-222.0,-146.76,-368.7600000000001,108,16,77,7,80,final_dqn_seed42.csv
train,0.1,415,-1,0.253,163.21095232892765,65.27777777777779,0,0,0,0,631.6,23.47926199261993,655.07926199262,-12.0,-63.16,-75.15999999999998,178,14,70,14,12,final_dqn_seed42.csv
train,0.1,416,-1,0.2512,130.34039351488744,93.05555555555556,0,0,0,0,769.6999999999999,23.47926199261993,793.1792619926199,198.0,-76.97,121.03,150,16,95,14,13,final_dqn_seed42.csv
train,0.1,417,-1,0.2494,98.39193575636084,72.56944444444444,55,3,0,0,1124.1999999999998,23.47926199261993,1147.6792619926198,-999.0,-112.42000000000002,-1111.4200000000003,147,15,50,22,54,final_dqn_seed42.csv
train,0.1,418,-1,0.2476,109.78375692896842,70.13888888888889,74,5,0,0,1291.4,23.47926199261993,1314.8792619926198,-1332.0,-129.14,-1461.1400000000003,70,14,131,59,14,final_dqn_seed42.csv
train,0.1,419,-1,0.2458,178.25736188747592,45.13888888888889,0,0,0,0,1187.9,23.47926199261993,1211.3792619926198,-186.0,-118.79,-304.79,86,27,118,34,23,final_dqn_seed42.csv
train,0.1,420,-1,0.244,172.6157127670369,58.68055555555556,0,0,0,0,1537.3,23.47926199261993,1560.77926199262,-69.0,-153.73000000000002,-222.73000000000005,58,21,132,24,53,final_dqn_seed42.csv
train,0.1,421,-1,0.2421999999999999,93.11938778868723,38.19444444444444,126,11,0,0,1097.9,23.47926199261993,1121.3792619926198,-2607.0,-109.79,-2716.79,120,24,70,47,27,final_dqn_seed42.csv
train,0.1,422,-1,0.2404,200.66977295223464,35.06944444444444,0,0,0,0,1190.5,23.47926199261993,1213.97926199262,-273.0,-119.04999999999998,-392.05,130,23,50,36,49,final_dqn_seed42.csv
train,0.1,423,-1,0.2386,88.5687991228195,54.16666666666666,93,7,0,0,1609.1,23.47926199261993,1632.57926199262,-1899.0,-160.91,-2059.9100000000003,52,17,63,141,15,final_dqn_seed42.csv
train,0.1,424,-1,0.2368,172.04253671085905,63.54166666666666,0,0,0,0,1109.0,23.47926199261993,1132.47926199262,-27.0,-110.9,-137.9,95,13,137,25,18,final_dqn_seed42.csv
train,0.1,425,-1,0.235,162.60582625866553,36.80555555555556,34,3,0,0,791.0999999999999,23.47926199261993,814.5792619926199,-900.0,-79.11,-979.11,139,17,105,20,7,final_dqn_seed42.csv
train,0.1,426,-1,0.2331999999999999,91.93204877711972,40.27777777777778,115,8,0,0,1460.6,23.47926199261993,1484.07926199262,-2406.0,-146.06,-2552.0600000000004,67,29,74,92,26,final_dqn_seed42.csv
train,0.1,427,-1,0.2314,131.35083259005089,84.375,17,2,0,0,1291.3,23.47926199261993,1314.77926199262,-180.0,-129.13,-309.13,86,18,107,48,29,final_dqn_seed42.csv
train,0.1,428,-1,0.2296,155.459144509187,25.694444444444443,40,5,0,0,850.3,23.47926199261993,873.7792619926199,-1158.0,-85.03,-1243.0300000000002,143,31,70,25,19,final_dqn_seed42.csv
train,0.1,429,-1,0.2278,122.99782680461746,76.38888888888889,11,5,0,0,1513.1999999999998,23.47926199261993,1536.6792619926198,-177.0,-151.32,-328.32,65,25,50,132,16,final_dqn_seed42.csv
train,0.1,430,-1,0.2259999999999999,192.124495389384,56.59722222222222,0,0,21,5,1214.8000000000002,23.47926199261993,1238.27926199262,-255.0,-121.48,-376.48,117,20,24,111,16,final_dqn_seed42.csv
train,0.1,431,-1,0.2241999999999999,125.19878224897528,81.25,31,2,0,0,1594.8000000000002,23.47926199261993,1618.27926199262,-459.0,-159.48,-618.48,44,57,58,93,36,final_dqn_seed42.csv
train,0.1,432,-1,0.2224,95.2737780638143,62.84722222222222,64,4,0,0,1430.0,23.47926199261993,1453.47926199262,-1314.0,-143.0,-1457.0,67,59,51,75,36,final_dqn_seed42.csv
train,0.1,433,-1,0.2206,69.5365231290085,30.20833333333333,165,10,0,0,1392.1999999999998,23.47926199261993,1415.6792619926198,-3393.0,-139.22,-3532.2200000000003,67,59,61,67,34,final_dqn_seed42.csv
train,0.1,434,-1,0.2188,142.49579114091952,77.08333333333334,10,2,0,0,1790.6,23.47926199261993,1814.07926199262,-108.0,-179.06,-287.06,60,53,53,28,94,final_dqn_seed42.csv
train,0.1,435,-1,0.2169999999999999,66.15596555017962,22.22222222222222,188,9,0,0,1273.4,23.47926199261993,1296.87926199262,-3870.0,-127.34,-3997.34,96,53,35,70,34,final_dqn_seed42.csv
train,0.1,436,-1,0.2151999999999999,91.26324497242447,52.77777777777778,105,7,0,0,1401.9,23.47926199261993,1425.37926199262,-2103.0,-140.19,-2243.1900000000005,40,57,115,53,23,final_dqn_seed42.csv
train,0.1,437,-1,0.2134,208.2749834436964,19.444444444444446,0,0,0,0,621.2,23.47926199261993,644.67926199262,-408.0,-62.11999999999999,-470.12,176,45,19,40,8,final_dqn_seed42.csv
train,0.1,438,-1,0.2116,97.68557888926205,67.70833333333334,62,6,0,0,1022.4,23.47926199261993,1045.8792619926198,-1200.0,-102.24,-1302.2400000000002,120,25,83,40,20,final_dqn_seed42.csv
train,0.1,439,-1,0.2098,84.24859445845014,53.47222222222222,94,7,0,0,1168.1999999999998,23.47926199261993,1191.6792619926198,-1923.0,-116.82,-2039.82,65,75,91,39,18,final_dqn_seed42.csv
train,0.1,440,-1,0.2079999999999999,117.01895589357191,81.94444444444444,19,3,0,0,1016.8,23.47926199261993,1040.27926199262,-276.0,-101.68,-377.68000000000006,86,80,69,41,12,final_dqn_seed42.csv
train,0.1,441,-1,0.2061999999999999,131.70074837819408,51.73611111111112,73,3,0,0,1136.5,23.47926199261993,1159.97926199262,-1470.0,-113.65,-1583.65,85,95,54,13,41,final_dqn_seed42.csv
train,0.1,442,-1,0.2044,242.35281485218303,19.791666666666664,0,0,77,3,920.2,23.47926199261993,943.67926199262,-1021.0,-92.02,-1113.02,157,44,32,9,46,final_dqn_seed42.csv
train,0.1,443,-1,0.2026,204.33023777468392,57.98611111111112,0,0,51,1,1145.7000000000005,23.47926199261993,1169.1792619926202,-483.0,-114.57,-597.5699999999999,95,107,17,20,49,final_dqn_seed42.csv
train,0.1,444,-1,0.2007999999999999,94.90384623658449,58.68055555555556,97,7,0,0,772.8,23.47926199261993,796.2792619926199,-1881.0,-77.28,-1958.28,128,83,37,28,12,final_dqn_seed42.csv
train,0.1,445,-1,0.1989999999999999,226.14354122437004,11.458333333333332,0,0,0,0,552.2,23.47926199261993,575.67926199262,-477.0,-55.22,-532.22,166,86,11,11,14,final_dqn_seed42.csv
train,0.1,446,-1,0.1971999999999999,217.71234829090315,31.944444444444443,0,0,44,4,1006.1,23.47926199261993,1029.57926199262,-652.0,-100.61,-752.6100000000001,60,111,92,12,13,final_dqn_seed42.csv
train,0.1,447,-1,0.1954,161.9694434872231,76.04166666666666,0,0,0,0,1226.1999999999998,23.47926199261993,1249.6792619926198,81.0,-122.62,-41.62000000000002,45,31,186,16,10,final_dqn_seed42.csv
train,0.1,448,-1,0.1936,146.2323991975768,39.93055555555556,53,2,0,0,1479.3,23.47926199261993,1502.77926199262,-1230.0,-147.93,-1377.9299999999998,49,66,93,31,49,final_dqn_seed42.csv
train,0.1,449,-1,0.1917999999999999,111.4229275351928,80.55555555555556,26,3,0,0,894.4000000000001,23.47926199261993,917.87926199262,-438.0,-89.44,-527.4400000000002,119,83,25,45,16,final_dqn_seed42.csv
eval,0.1,449,0,0.0,228.5662784076449,27.77777777777778,0,0,25,7,439.2000000000001,23.47926199261993,462.67926199262,-536.0,-43.92,-579.92,185,29,73,1,0,final_dqn_seed42.csv
eval,0.1,449,1,0.0,236.59189414052264,19.791666666666664,0,0,70,8,472.0,23.47926199261993,495.4792619926199,-965.0,-47.2,-1012.2,179,27,81,1,0,final_dqn_seed42.csv
eval,0.1,449,2,0.0,243.0155815226146,9.027777777777777,0,0,80,5,148.8,23.47926199261993,172.27926199261995,-1138.0,-14.88,-1152.88,257,0,31,0,0,final_dqn_seed42.csv
eval,0.1,449,3,0.0,123.40028760020128,84.375,29,5,0,0,809.8,23.47926199261993,833.2792619926199,-417.0,-80.97999999999999,-497.98,95,94,77,20,2,final_dqn_seed42.csv
eval,0.1,449,4,0.0,91.76596629193162,46.875,101,11,0,0,1073.6,23.47926199261993,1097.07926199262,-2121.0,-107.36,-2228.36,112,41,59,56,20,final_dqn_seed42.csv
train,0.1,450,-1,0.1899999999999999,198.01196625563955,42.01388888888889,0,0,28,3,843.0,23.47926199261993,866.47926199262,-437.0,-84.29999999999998,-521.3,102,83,79,14,10,final_dqn_seed42.csv
train,0.1,451,-1,0.1881999999999999,99.93133633915984,68.75,73,4,0,0,640.8,23.47926199261993,664.2792619926199,-1347.0,-64.08,-1411.0800000000002,157,71,26,22,12,final_dqn_seed42.csv
train,0.1,452,-1,0.1864,136.36820409365862,59.375,23,3,0,0,893.3,23.47926199261993,916.77926199262,-519.0,-89.33,-608.3300000000002,172,19,35,21,41,final_dqn_seed42.csv
train,0.1,453,-1,0.1846,206.977563086091,9.375,0,0,0,0,515.4,23.47926199261993,538.87926199262,-495.0,-51.54,-546.54,203,17,42,12,14,final_dqn_seed42.csv
train,0.1,454,-1,0.1827999999999999,179.14029929443754,53.81944444444444,0,0,0,0,768.5,23.47926199261993,791.97926199262,-111.0,-76.85,-187.85,86,152,29,12,9,final_dqn_seed42.csv
train,0.1,455,-1,0.1809999999999999,90.78370085357504,41.31944444444444,127,7,0,0,1246.3,23.47926199261993,1269.77926199262,-2562.0,-124.63,-2686.630000000001,79,65,51,70,23,final_dqn_seed42.csv
train,0.1,456,-1,0.1791999999999999,194.35147282895176,25.0,0,0,0,0,1352.5,23.47926199261993,1375.97926199262,-360.0,-135.25,-495.25,17,118,108,12,33,final_dqn_seed42.csv
train,0.1,457,-1,0.1774,205.4565639640972,40.27777777777778,0,0,17,2,1147.5,23.47926199261993,1170.97926199262,-364.0,-114.75,-478.75,87,126,9,15,51,final_dqn_seed42.csv
train,0.1,458,-1,0.1755999999999999,257.20993925502614,0.6944444444444444,0,0,20,5,481.7000000000001,23.47926199261993,505.17926199262,-730.0,-48.17,-778.17,181,80,4,10,13,final_dqn_seed42.csv
train,0.1,459,-1,0.1737999999999999,179.50652744172135,53.47222222222222,0,0,0,0,1023.5,23.47926199261993,1046.97926199262,-114.0,-102.35,-216.35,40,144,80,13,11,final_dqn_seed42.csv
train,0.1,460,-1,0.1719999999999999,203.7991705376551,28.47222222222222,0,0,0,0,1059.7,23.47926199261993,1083.17926199262,-330.0,-105.97,-435.9699999999999,58,124,63,26,17,final_dqn_seed42.csv
train,0.1,461,-1,0.1701999999999999,124.65461711095308,58.68055555555556,51,4,0,0,973.1,23.47926199261993,996.57926199262,-1035.0,-97.31,-1132.3100000000002,111,52,84,18,23,final_dqn_seed42.csv
train,0.1,462,-1,0.1684,111.90483679993936,87.5,8,4,0,0,957.9,23.47926199261993,981.37926199262,-48.0,-95.79,-143.79,174,19,24,20,51,final_dqn_seed42.csv
train,0.1,463,-1,0.1665999999999999,128.51959040950254,60.06944444444444,28,5,0,0,1047.8,23.47926199261993,1071.27926199262,-645.0,-104.78,-749.78,138,23,60,29,38,final_dqn_seed42.csv
train,0.1,464,-1,0.1647999999999999,103.16254846173244,66.66666666666666,66,7,0,0,1118.5,23.47926199261993,1141.97926199262,-1278.0,-111.85,-1389.85,125,22,56,56,29,final_dqn_seed42.csv
train,0.1,465,-1,0.1629999999999999,192.05120736359407,45.48611111111111,0,0,0,0,621.3,23.47926199261993,644.7792619926199,-183.0,-62.13,-245.13,169,18,86,6,9,final_dqn_seed42.csv
train,0.1,466,-1,0.1611999999999999,120.87542065452872,45.13888888888889,68,7,0,0,1455.2,23.47926199261993,1478.67926199262,-1521.0,-145.52,-1666.5200000000002,67,10,133,38,40,final_dqn_seed42.csv
train,0.1,467,-1,0.1594,141.83411497004928,77.08333333333334,5,1,0,0,737.2,23.47926199261993,760.67926199262,-48.0,-73.72,-121.72,171,6,79,12,20,final_dqn_seed42.csv
train,0.1,468,-1,0.1575999999999999,117.0892287338711,86.45833333333334,11,5,0,0,623.7,23.47926199261993,647.17926199262,-111.0,-62.370000000000005,-173.37,215,10,16,14,33,final_dqn_seed42.csv
train,0.1,469,-1,0.1558,291.4522099272938,14.583333333333334,0,0,165,1,901.9,23.47926199261993,925.37926199262,-1770.0,-90.19,-1860.19,111,47,104,11,15,final_dqn_seed42.csv
train,0.1,470,-1,0.154,206.11398174563425,17.01388888888889,0,0,0,0,331.6,23.47926199261993,355.07926199261993,-429.0,-33.16,-462.16,243,8,18,3,16,final_dqn_seed42.csv
train,0.1,471,-1,0.1522,163.0523594857491,67.01388888888889,0,0,0,0,222.6,23.47926199261993,246.07926199261996,3.0,-22.26,-19.25999999999999,256,4,11,11,6,final_dqn_seed42.csv
train,0.1,472,-1,0.1503999999999999,176.5702468698767,59.375,0,0,0,0,211.5,23.47926199261993,234.97926199261997,-63.0,-21.15,-84.14999999999999,260,8,6,3,11,final_dqn_seed42.csv
train,0.1,473,-1,0.1486,217.54135953260115,19.791666666666664,0,0,6,2,156.5,23.47926199261993,179.97926199261994,-453.0,-15.650000000000002,-468.65,263,1,12,11,1,final_dqn_seed42.csv
train,0.1,474,-1,0.1468,99.75876367938532,62.5,66,9,0,0,1016.2,23.47926199261993,1039.67926199262,-1350.0,-101.62,-1451.62,165,30,21,14,58,final_dqn_seed42.csv
train,0.1,475,-1,0.145,153.66396978401565,84.375,0,0,0,0,220.7,23.47926199261993,244.17926199262,153.0,-22.07,130.93,254,8,12,7,7,final_dqn_seed42.csv
train,0.1,476,-1,0.1432,75.27665957576711,37.15277777777778,106,11,0,0,1261.4,23.47926199261993,1284.87926199262,-2388.0,-126.14,-2514.1400000000003,150,19,21,24,74,final_dqn_seed42.csv
train,0.1,477,-1,0.1413999999999999,142.3733293172642,85.06944444444444,0,0,0,0,337.3,23.47926199261993,360.7792619926199,138.0,-33.730000000000004,104.27,235,10,22,12,9,final_dqn_seed42.csv
train,0.1,478,-1,0.1396,101.81544520462607,74.30555555555556,58,3,0,0,807.0999999999999,23.47926199261993,830.5792619926199,-1026.0,-80.71000000000001,-1106.71,174,16,48,19,31,final_dqn_seed42.csv
train,0.1,479,-1,0.1378,94.56041082867638,57.98611111111112,86,3,0,0,1106.3000000000002,23.47926199261993,1129.77926199262,-1713.0,-110.63,-1823.63,158,14,37,20,59,final_dqn_seed42.csv
train,0.1,480,-1,0.136,135.62491837754385,79.51388888888889,0,0,0,0,379.0,23.47926199261993,402.4792619926199,96.0,-37.900000000000006,58.10000000000001,235,7,21,11,14,final_dqn_seed42.csv
train,0.1,481,-1,0.1341999999999999,201.8449900796548,29.86111111111111,0,0,0,0,247.1,23.47926199261993,270.57926199261993,-318.0,-24.71,-342.71000000000004,252,8,8,13,7,final_dqn_seed42.csv
train,0.1,482,-1,0.1323999999999999,216.60658506583272,33.33333333333333,0,0,38,5,316.2,23.47926199261993,339.6792619926199,-592.0,-31.62,-623.6199999999999,245,6,11,16,10,final_dqn_seed42.csv
train,0.1,483,-1,0.1306,88.2040545460107,59.02777777777778,76,12,0,0,1777.3000000000002,23.47926199261993,1800.77926199262,-1560.0,-177.73,-1737.7300000000005,90,9,22,90,77,final_dqn_seed42.csv
train,0.1,484,-1,0.1288,103.5513944516003,78.47222222222221,37,3,0,0,543.7,23.47926199261993,567.17926199262,-630.0,-54.370000000000005,-684.3699999999999,210,13,18,34,13,final_dqn_seed42.csv
train,0.1,485,-1,0.127,126.59749644996296,47.22222222222222,33,5,0,0,848.1,23.47926199261993,871.57926199262,-879.0,-84.81,-963.81,158,29,44,32,25,final_dqn_seed42.csv
train,0.1,486,-1,0.1251999999999999,128.8987514244404,77.08333333333334,30,3,0,0,832.3,23.47926199261993,855.7792619926199,-486.0,-83.22999999999999,-569.23,143,54,44,24,23,final_dqn_seed42.csv
train,0.1,487,-1,0.1233999999999999,174.61061174957754,54.16666666666666,0,0,0,0,821.8999999999999,23.47926199261993,845.3792619926198,-108.0,-82.19,-190.19,160,31,27,55,15,final_dqn_seed42.csv
train,0.1,488,-1,0.1216,112.32452124438872,76.38888888888889,61,3,0,0,773.0,23.47926199261993,796.47926199262,-1035.0,-77.30000000000001,-1112.3000000000002,175,24,42,17,30,final_dqn_seed42.csv
train,0.1,489,-1,0.1198,253.94683778844097,4.513888888888888,0,0,89,3,839.0999999999999,23.47926199261993,862.5792619926199,-1249.0,-83.91,-1332.91,120,54,76,31,7,final_dqn_seed42.csv
train,0.1,490,-1,0.118,104.20817070581845,65.27777777777779,77,5,0,0,1402.6,23.47926199261993,1426.07926199262,-1467.0,-140.26,-1607.26,88,65,39,34,62,final_dqn_seed42.csv
train,0.1,491,-1,0.1161999999999999,206.76270108710608,39.58333333333333,0,0,36,1,529.9000000000001,23.47926199261993,553.3792619926201,-522.0,-52.99,-574.99,194,31,32,20,11,final_dqn_seed42.csv
train,0.1,492,-1,0.1143999999999999,116.4075898981667,82.63888888888889,28,2,0,0,1071.7,23.47926199261993,1095.17926199262,-429.0,-107.17,-536.17,120,56,21,66,25,final_dqn_seed42.csv
train,0.1,493,-1,0.1126,198.6284618353678,39.58333333333333,0,0,26,1,753.6,23.47926199261993,777.07926199262,-442.0,-75.36,-517.36,143,37,75,25,8,final_dqn_seed42.csv
train,0.1,494,-1,0.1108,175.4237132504521,68.05555555555556,0,0,0,0,715.3,23.47926199261993,738.7792619926199,12.0,-71.53,-59.53,149,40,62,32,5,final_dqn_seed42.csv
train,0.1,495,-1,0.1089999999999999,80.09710096954582,44.44444444444444,132,6,0,0,1975.1,23.47926199261993,1998.57926199262,-2652.0,-197.51,-2849.51,97,27,10,15,139,final_dqn_seed42.csv
train,0.1,496,-1,0.1071999999999999,84.1311519148405,40.27777777777778,110,14,0,0,1759.2999999999995,23.47926199261993,1782.7792619926197,-2394.0,-175.93,-2569.9300000000003,98,24,37,20,109,final_dqn_seed42.csv
train,0.1,497,-1,0.1053999999999999,173.04691494175788,55.90277777777778,0,0,0,0,1031.0,23.47926199261993,1054.47926199262,-114.0,-103.1,-217.10000000000005,86,68,95,21,18,final_dqn_seed42.csv
train,0.1,498,-1,0.1036,114.90878594827296,57.638888888888886,80,2,0,0,1544.3,23.47926199261993,1567.77926199262,-1548.0,-154.43,-1702.43,54,46,94,43,51,final_dqn_seed42.csv
train,0.1,499,-1,0.1018,281.68117966698543,5.555555555555555,0,0,150,4,1021.1,23.47926199261993,1044.57926199262,-1728.0,-102.11,-1830.11,125,28,49,75,11,final_dqn_seed42.csv
eval,0.1,499,0,0.0,121.583310042524,71.18055555555556,36,5,0,0,727.0999999999999,23.47926199261993,750.5792619926199,-690.0,-72.70999999999998,-762.7099999999999,187,36,7,27,31,final_dqn_seed42.csv
eval,0.1,499,1,0.0,118.97375380968272,33.33333333333333,84,9,0,0,1064.1,23.47926199261993,1087.57926199262,-1899.0,-106.41,-2005.41,177,21,6,15,69,final_dqn_seed42.csv
eval,0.1,499,2,0.0,129.44293357931636,94.79166666666666,1,1,0,0,165.5,23.47926199261993,188.97926199261997,183.0,-16.55,166.45,251,26,2,6,3,final_dqn_seed42.csv
eval,0.1,499,3,0.0,282.4367553829013,27.77777777777778,0,0,160,1,4.8,23.47926199261993,28.27926199261993,-1616.0,-0.48,-1616.48,287,0,1,0,0,final_dqn_seed42.csv
eval,0.1,499,4,0.0,217.2743492777288,32.29166666666667,0,0,6,1,7.6,23.47926199261993,31.079261992619927,-345.0,-0.76,-345.76,286,1,1,0,0,final_dqn_seed42.csv
train,0.1,0,-1,1.0,67.77227133345087,26.73611111111111,192,7,0,0,1686.1999999999998,23.47926199261993,1709.6792619926198,-3858.0,-168.62,-4026.62,62,50,48,58,70,final_dqn_seed123.csv
train,0.1,1,-1,0.9982,104.67391860564862,71.18055555555556,49,8,0,0,1605.4,23.47926199261993,1628.8792619926198,-933.0,-160.54,-1093.5400000000002,50,59,66,59,54,final_dqn_seed123.csv
train,0.1,2,-1,0.9964,210.81425227488805,17.01388888888889,0,0,13,3,1680.8,23.47926199261993,1704.27926199262,-533.0,-168.07999999999998,-701.0799999999999,52,48,77,43,68,final_dqn_seed123.csv
train,0.1,3,-1,0.9946,197.83787352140564,29.51388888888889,0,0,1,1,1643.1,23.47926199261993,1666.57926199262,-329.0,-164.30999999999997,-493.31,46,69,55,59,59,final_dqn_seed123.csv
train,0.1,4,-1,0.9928,216.5605732175112,14.930555555555555,0,0,2,1,1630.9,23.47926199261993,1654.3792619926198,-463.0,-163.08999999999995,-626.0899999999999,52,60,62,53,61,final_dqn_seed123.csv
train,0.1,5,-1,0.991,222.043000233033,23.26388888888889,0,0,5,2,1778.6999999999998,23.47926199261993,1802.17926199262,-415.0,-177.87,-592.87,46,53,48,74,67,final_dqn_seed123.csv
train,0.1,6,-1,0.9892,163.69948024633553,74.30555555555556,0,0,0,0,1685.5,23.47926199261993,1708.97926199262,66.0,-168.55,-102.54999999999998,51,61,54,55,67,final_dqn_seed123.csv
train,0.1,7,-1,0.9874,142.4410604627181,76.73611111111111,4,1,0,0,1598.4,23.47926199261993,1621.8792619926198,0.0,-159.84,-159.84000000000003,59,57,51,65,56,final_dqn_seed123.csv
train,0.1,8,-1,0.9856,266.2719577770538,7.638888888888889,0,0,100,5,1549.2,23.47926199261993,1572.67926199262,-1310.0,-154.92000000000002,-1464.9199999999998,60,61,59,52,56,final_dqn_seed123.csv
train,0.1,9,-1,0.9838,117.43108889968885,80.20833333333334,28,3,0,0,1570.1999999999998,23.47926199261993,1593.6792619926198,-441.0,-157.02,-598.0200000000002,54,60,66,54,54,final_dqn_seed123.csv
train,0.1,10,-1,0.982,111.67802048302484,73.95833333333334,41,9,0,0,1563.9,23.47926199261993,1587.37926199262,-768.0,-156.39,-924.3900000000002,54,67,58,54,55,final_dqn_seed123.csv
train,0.1,11,-1,0.9802,116.53129228797044,75.0,50,1,0,0,1499.5,23.47926199261993,1522.97926199262,-852.0,-149.95,-1001.9500000000002,56,65,58,66,43,final_dqn_seed123.csv
train,0.1,12,-1,0.9784,221.40123338856935,31.25,0,0,49,2,1605.1,23.47926199261993,1628.57926199262,-698.0,-160.51,-858.5100000000002,55,65,51,58,59,final_dqn_seed123.csv
train,0.1,13,-1,0.9766,76.53524221562498,38.88888888888889,107,13,0,0,1550.2999999999995,23.47926199261993,1573.7792619926197,-2373.0,-155.03,-2528.0300000000007,54,64,54,69,47,final_dqn_seed123.csv
train,0.1,14,-1,0.9748,225.14527270643825,13.541666666666666,0,0,3,3,1667.2,23.47926199261993,1690.67926199262,-483.0,-166.72,-649.72,47,57,66,58,60,final_dqn_seed123.csv
train,0.1,15,-1,0.973,133.14163624999532,93.05555555555556,1,1,0,0,1693.6999999999998,23.47926199261993,1717.1792619926198,156.0,-169.37,-13.370000000000005,48,62,61,48,69,final_dqn_seed123.csv
train,0.1,16,-1,0.9712,178.90361189148908,51.04166666666666,0,0,2,1,1587.3,23.47926199261993,1610.77926199262,-160.0,-158.73000000000002,-318.73,63,47,63,58,57,final_dqn_seed123.csv
train,0.1,17,-1,0.9694,213.19405385244,21.180555555555557,0,0,5,1,1718.9,23.47926199261993,1742.3792619926198,-433.0,-171.89,-604.89,51,59,49,60,69,final_dqn_seed123.csv
train,0.1,18,-1,0.9676,93.36674186716726,59.02777777777778,94,4,0,0,1649.6999999999998,23.47926199261993,1673.1792619926198,-1830.0,-164.96999999999997,-1994.9700000000005,54,50,67,56,61,final_dqn_seed123.csv
train,0.1,19,-1,0.9658,207.39731747533295,14.23611111111111,0,0,3,2,1670.4,23.47926199261993,1693.87926199262,-477.0,-167.04000000000002,-644.04,50,65,50,59,64,final_dqn_seed123.csv
train,0.1,20,-1,0.964,126.42568582870068,66.31944444444444,32,2,0,0,1527.6,23.47926199261993,1551.07926199262,-633.0,-152.76,-785.76,62,67,51,52,56,final_dqn_seed123.csv
train,0.1,21,-1,0.9622,110.0138202639235,70.83333333333334,47,4,0,0,1575.4,23.47926199261993,1598.87926199262,-885.0,-157.54,-1042.54,58,59,62,51,58,final_dqn_seed123.csv
train,0.1,22,-1,0.9604,171.2132203962472,68.75,0,0,0,0,1537.1999999999998,23.47926199261993,1560.6792619926198,18.0,-153.72,-135.72,61,59,57,59,52,final_dqn_seed123.csv
train,0.1,23,-1,0.9586,113.95318781318474,62.84722222222222,47,8,0,0,1717.1,23.47926199261993,1740.57926199262,-972.0,-171.70999999999998,-1143.71,51,55,53,62,67,final_dqn_seed123.csv
train,0.1,24,-1,0.9568,175.7228323884965,53.47222222222222,0,0,0,0,1657.5,23.47926199261993,1680.97926199262,-114.0,-165.75,-279.75,61,58,49,49,71,final_dqn_seed123.csv
train,0.1,25,-1,0.955,94.15783733797193,61.80555555555556,87,5,0,0,1684.1999999999998,23.47926199261993,1707.6792619926198,-1677.0,-168.42000000000002,-1845.4200000000003,49,57,58,62,62,final_dqn_seed123.csv
train,0.1,26,-1,0.9532,164.9980367659022,54.16666666666666,3,1,0,0,1686.3000000000002,23.47926199261993,1709.77926199262,-186.0,-168.63,-354.63,50,63,46,66,63,final_dqn_seed123.csv
train,0.1,27,-1,0.9514,83.21498701428042,44.09722222222222,103,8,0,0,1506.6,23.47926199261993,1530.07926199262,-2217.0,-150.66,-2367.6600000000003,70,59,54,47,58,final_dqn_seed123.csv
train,0.1,28,-1,0.9496,108.79034962554168,21.180555555555557,132,10,0,0,1637.1999999999998,23.47926199261993,1660.6792619926198,-2874.0,-163.72,-3037.7200000000003,57,55,60,52,64,final_dqn_seed123.csv
train,0.1,29,-1,0.9478,108.7828432292347,71.52777777777779,54,9,0,0,1505.9,23.47926199261993,1529.3792619926198,-1008.0,-150.58999999999995,-1158.59,66,56,58,57,51,final_dqn_seed123.csv
train,0.1,30,-1,0.946,115.78112203744462,44.09722222222222,73,16,0,0,1442.7999999999995,23.47926199261993,1466.2792619926197,-1626.0,-144.28,-1770.28,61,67,63,53,44,final_dqn_seed123.csv
train,0.1,31,-1,0.9442,226.28117785879928,21.180555555555557,0,0,24,8,1623.1999999999998,23.47926199261993,1646.6792619926198,-585.0,-162.32,-747.3200000000002,61,51,54,62,60,final_dqn_seed123.csv
train,0.1,32,-1,0.9424,97.78899757628376,69.79166666666666,71,6,0,0,1659.1999999999998,23.47926199261993,1682.6792619926198,-1299.0,-165.92000000000002,-1464.92,62,46,61,51,68,final_dqn_seed123.csv
train,0.1,33,-1,0.9406,145.84254839766788,52.43055555555556,14,3,0,0,1663.7,23.47926199261993,1687.17926199262,-441.0,-166.37,-607.37,51,67,48,57,65,final_dqn_seed123.csv
train,0.1,34,-1,0.9388,215.90466464006948,35.41666666666667,0,0,84,5,1573.8000000000002,23.47926199261993,1597.27926199262,-978.0,-157.38,-1135.38,61,61,51,57,58,final_dqn_seed123.csv
train,0.1,35,-1,0.937,130.6702871099753,80.55555555555556,26,7,0,0,1588.9999999999998,23.47926199261993,1612.4792619926195,-408.0,-158.89999999999998,-566.9000000000001,59,68,46,53,62,final_dqn_seed123.csv
train,0.1,36,-1,0.9352,233.36046209888224,23.61111111111111,0,0,46,1,1567.6999999999998,23.47926199261993,1591.1792619926198,-740.0,-156.76999999999998,-896.77,68,49,60,50,61,final_dqn_seed123.csv
train,0.1,37,-1,0.9334,104.68327970973026,32.29166666666667,134,5,0,0,1638.6,23.47926199261993,1662.07926199262,-2751.0,-163.86,-2914.86,55,57,58,56,62,final_dqn_seed123.csv
train,0.1,38,-1,0.9316,83.59058475036441,40.625,103,8,0,0,1715.5,23.47926199261993,1738.97926199262,-2259.0,-171.54999999999998,-2430.55,49,55,52,69,63,final_dqn_seed123.csv
train,0.1,39,-1,0.9298,86.94512969109567,40.97222222222222,124,9,0,0,1498.1,23.47926199261993,1521.57926199262,-2580.0,-149.81,-2729.8100000000004,82,39,57,53,57,final_dqn_seed123.csv
train,0.1,40,-1,0.928,117.45905419685648,95.13888888888889,2,1,0,0,1708.7999999999995,23.47926199261993,1732.2792619926197,174.0,-170.88000000000002,3.1199999999999903,57,50,57,52,72,final_dqn_seed123.csv
train,0.1,41,-1,0.9262,99.92289716617816,60.41666666666666,74,4,0,0,1604.7999999999995,23.47926199261993,1628.2792619926197,-1470.0,-160.48000000000002,-1630.48,61,56,59,48,64,final_dqn_seed123.csv
train,0.1,42,-1,0.9244,95.27256801518978,45.13888888888889,109,13,0,0,1645.5,23.47926199261993,1668.97926199262,-2259.0,-164.54999999999998,-2423.55,51,60,56,62,59,final_dqn_seed123.csv
train,0.1,43,-1,0.9226,85.27357165842031,48.95833333333333,110,9,0,0,1492.4,23.47926199261993,1515.87926199262,-2235.0,-149.23999999999998,-2384.24,63,64,52,61,48,final_dqn_seed123.csv
train,0.1,44,-1,0.9208,130.5955513144451,46.52777777777778,56,5,0,0,1657.1999999999998,23.47926199261993,1680.6792619926198,-1260.0,-165.72,-1425.7199999999998,51,51,62,68,56,final_dqn_seed123.csv
train,0.1,45,-1,0.919,183.421765991254,39.23611111111111,8,1,0,0,1747.2999999999995,23.47926199261993,1770.7792619926197,-402.0,-174.73000000000002,-576.73,52,55,57,47,77,final_dqn_seed123.csv
train,0.1,46,-1,0.9172,235.4006341588208,10.069444444444445,0,0,36,3,1515.4,23.47926199261993,1538.8792619926198,-777.0,-151.54000000000002,-928.54,63,63,56,52,54,final_dqn_seed123.csv
train,0.1,47,-1,0.9154,125.970675110793,76.04166666666666,31,1,0,0,1568.7999999999995,23.47926199261993,1592.2792619926197,-525.0,-156.88,-681.8800000000001,63,44,73,52,56,final_dqn_seed123.csv
train,0.1,48,-1,0.9136,159.3252920181286,64.58333333333334,0,0,0,0,1535.1999999999998,23.47926199261993,1558.6792619926198,-30.0,-153.51999999999998,-183.52,63,65,49,55,56,final_dqn_seed123.csv
train,0.1,49,-1,0.9118,195.8473525256539,39.23611111111111,0,0,20,3,1513.5,23.47926199261993,1536.97926199262,-397.0,-151.35,-548.3499999999999,66,48,62,65,47,final_dqn_seed123.csv
eval,0.1,49,0,0.0,207.00766111869316,35.06944444444444,0,0,11,4,1382.4,23.47926199261993,1405.8792619926198,-361.0,-138.24,-499.24,0,0,288,0,0,final_dqn_seed123.csv
eval,0.1,49,1,0.0,91.87164698727454,64.23611111111111,50,8,0,0,1382.4,23.47926199261993,1405.8792619926198,-1080.0,-138.24,-1218.2400000000002,0,0,288,0,0,final_dqn_seed123.csv
eval,0.1,49,2,0.0,126.65966960479646,92.36111111111111,0,0,0,0,1382.4,23.47926199261993,1405.8792619926198,177.0,-138.24,38.759999999999984,0,0,288,0,0,final_dqn_seed123.csv
eval,0.1,49,3,0.0,124.9362537676917,65.97222222222221,23,7,0,0,1382.4,23.47926199261993,1405.8792619926198,-543.0,-138.24,-681.24,0,0,288,0,0,final_dqn_seed123.csv
eval,0.1,49,4,0.0,190.4427083566165,40.27777777777778,0,0,0,0,1382.4,23.47926199261993,1405.8792619926198,-228.0,-138.24,-366.24,0,0,288,0,0,final_dqn_seed123.csv
train,0.1,50,-1,0.91,294.2044583893682,2.7777777777777777,0,0,152,5,1551.8000000000002,23.47926199261993,1575.27926199262,-1768.0,-155.18,-1923.18,69,57,44,60,58,final_dqn_seed123.csv
train,0.1,51,-1,0.9082,103.96426874139794,67.01388888888889,64,6,0,0,1626.4,23.47926199261993,1649.87926199262,-1236.0,-162.64,-1398.6400000000003,62,54,59,45,68,final_dqn_seed123.csv
train,0.1,52,-1,0.9064,153.88456943318604,79.16666666666666,0,0,0,0,1470.6999999999998,23.47926199261993,1494.1792619926198,93.0,-147.07,-54.06999999999998,66,54,67,54,47,final_dqn_seed123.csv
train,0.1,53,-1,0.9046,144.21872345466565,72.22222222222221,9,4,0,0,1441.1,23.47926199261993,1464.57926199262,-183.0,-144.11,-327.11,71,54,57,63,43,final_dqn_seed123.csv
train,0.1,54,-1,0.9028,89.1523892886183,45.48611111111111,89,10,0,0,1624.6999999999998,23.47926199261993,1648.1792619926198,-1968.0,-162.46999999999997,-2130.4700000000003,55,51,68,55,59,final_dqn_seed123.csv
train,0.1,55,-1,0.901,186.41382729171107,44.79166666666667,0,0,0,0,1543.9,23.47926199261993,1567.3792619926198,-189.0,-154.39,-343.39,66,65,43,55,59,final_dqn_seed123.csv
train,0.1,56,-1,0.8992,117.30007018341144,56.25,46,4,0,0,1591.1,23.47926199261993,1614.57926199262,-999.0,-159.11,-1158.11,62,58,49,60,59,final_dqn_seed123.csv
train,0.1,57,-1,0.8974,101.03418679272572,71.18055555555556,55,5,0,0,1609.3,23.47926199261993,1632.77926199262,-1035.0,-160.93,-1195.93,53,53,65,64,53,final_dqn_seed123.csv
train,0.1,58,-1,0.8956,170.7121982621767,61.458333333333336,0,0,0,0,1556.0,23.47926199261993,1579.47926199262,-54.0,-155.6,-209.6,61,58,52,65,52,final_dqn_seed123.csv
train,0.1,59,-1,0.8938,242.32868832959903,1.0416666666666663,0,0,20,4,1648.2,23.47926199261993,1671.67926199262,-727.0,-164.82,-891.82,52,51,66,61,58,final_dqn_seed123.csv
train,0.1,60,-1,0.892,194.51852097821737,22.569444444444446,0,0,0,0,1617.4,23.47926199261993,1640.87926199262,-381.0,-161.73999999999998,-542.74,50,67,62,47,62,final_dqn_seed123.csv
train,0.1,61,-1,0.8902,185.0931013597548,36.45833333333333,5,1,0,0,1459.3,23.47926199261993,1482.77926199262,-381.0,-145.93,-526.9300000000001,75,57,52,51,53,final_dqn_seed123.csv
train,0.1,62,-1,0.8884,209.57527999096536,25.694444444444443,0,0,0,0,1504.4,23.47926199261993,1527.87926199262,-354.0,-150.44,-504.44000000000005,64,57,71,40,56,final_dqn_seed123.csv
train,0.1,63,-1,0.8866,151.5107130894277,42.01388888888889,35,2,0,0,1642.1,23.47926199261993,1665.57926199262,-867.0,-164.21,-1031.21,57,48,65,57,61,final_dqn_seed123.csv
train,0.1,64,-1,0.8848,70.60339247051593,24.305555555555557,181,11,0,0,1750.6,23.47926199261993,1774.07926199262,-3735.0,-175.06,-3910.06,45,60,40,81,62,final_dqn_seed123.csv
train,0.1,65,-1,0.883,76.6612239548159,38.54166666666667,152,9,0,0,1633.1999999999998,23.47926199261993,1656.6792619926198,-3054.0,-163.32,-3217.3200000000006,53,54,53,76,52,final_dqn_seed123.csv
train,0.1,66,-1,0.8812,201.81807319602436,28.819444444444443,0,0,0,0,1492.6999999999998,23.47926199261993,1516.1792619926198,-327.0,-149.27,-476.27,74,49,60,50,55,final_dqn_seed123.csv
train,0.1,67,-1,0.8794,142.4524089989428,96.5277777777778,0,0,0,0,1453.9,23.47926199261993,1477.37926199262,258.0,-145.39,112.61,59,68,68,46,47,final_dqn_seed123.csv
train,0.1,68,-1,0.8775999999999999,212.4188371889805,21.180555555555557,0,0,10,1,1519.9,23.47926199261993,1543.3792619926198,-473.0,-151.99,-624.99,60,69,47,61,51,final_dqn_seed123.csv
train,0.1,69,-1,0.8758,246.1949654758984,11.11111111111111,0,0,42,3,1538.1,23.47926199261993,1561.57926199262,-816.0,-153.81,-969.81,56,66,53,64,49,final_dqn_seed123.csv
train,0.1,70,-1,0.874,195.2118049230997,27.43055555555556,0,0,0,0,1713.5,23.47926199261993,1736.97926199262,-339.0,-171.35,-510.35,43,55,62,69,59,final_dqn_seed123.csv
train,0.1,71,-1,0.8722,78.3251184660747,30.55555555555556,162,12,0,0,1665.4,23.47926199261993,1688.8792619926198,-3342.0,-166.53999999999996,-3508.54,50,50,67,63,58,final_dqn_seed123.csv
train,0.1,72,-1,0.8704000000000001,104.8886160780844,91.66666666666666,0,0,0,0,1526.4,23.47926199261993,1549.8792619926198,144.0,-152.64,-8.640000000000011,48,83,62,39,56,final_dqn_seed123.csv
train,0.1,73,-1,0.8686,144.3242827542907,97.2222222222222,0,0,0,0,1492.4,23.47926199261993,1515.8792619926198,264.0,-149.24,114.76,53,88,52,39,56,final_dqn_seed123.csv
train,0.1,74,-1,0.8668,71.93173448263866,32.98611111111111,161,7,0,0,1504.2999999999995,23.47926199261993,1527.7792619926197,-3285.0,-150.43,-3435.43,56,85,43,49,55,final_dqn_seed123.csv
train,0.1,75,-1,0.865,187.9641712721042,51.73611111111112,0,0,0,0,1570.4,23.47926199261993,1593.8792619926198,-129.0,-157.04000000000002,-286.04,59,71,51,43,64,final_dqn_seed123.csv
train,0.1,76,-1,0.8632,99.93751751987024,69.09722222222221,79,3,0,0,1599.0,23.47926199261993,1622.47926199262,-1431.0,-159.9,-1590.9,53,69,57,47,62,final_dqn_seed123.csv
train,0.1,77,-1,0.8613999999999999,108.22388393311984,61.80555555555556,85,12,0,0,1438.6999999999998,23.47926199261993,1462.1792619926198,-1647.0,-143.87,-1790.87,60,83,52,42,51,final_dqn_seed123.csv
train,0.1,78,-1,0.8596,197.35836339414607,21.180555555555557,0,0,0,0,1639.6999999999998,23.47926199261993,1663.1792619926198,-393.0,-163.97,-556.9699999999999,49,67,55,56,61,final_dqn_seed123.csv
train,0.1,79,-1,0.8578,138.05315145643615,52.43055555555556,36,8,0,0,1422.7999999999995,23.47926199261993,1446.2792619926197,-864.0,-142.28,-1006.2800000000002,62,69,64,49,44,final_dqn_seed123.csv
train,0.1,80,-1,0.856,101.76207713117252,81.59722222222221,6,6,0,0,1601.1,23.47926199261993,1624.57926199262,-120.0,-160.11,-280.11000000000007,44,57,82,54,51,final_dqn_seed123.csv
train,0.1,81,-1,0.8542,189.95306307603624,29.86111111111111,0,0,0,0,1579.9,23.47926199261993,1603.37926199262,-318.0,-157.98999999999998,-475.9899999999999,57,63,58,51,59,final_dqn_seed123.csv
train,0.1,82,-1,0.8524,112.89161519570446,75.0,48,5,0,0,1527.4,23.47926199261993,1550.87926199262,-864.0,-152.74,-1016.74,66,75,37,48,62,final_dqn_seed123.csv
train,0.1,83,-1,0.8506,106.10540911186246,72.91666666666666,65,2,0,0,1645.8,23.47926199261993,1669.27926199262,-1152.0,-164.57999999999998,-1316.5800000000002,53,54,66,53,62,final_dqn_seed123.csv
train,0.1,84,-1,0.8488,85.52467759058364,25.694444444444443,168,6,0,0,1761.3,23.47926199261993,1784.77926199262,-3447.0,-176.13,-3623.13,53,47,56,59,73,final_dqn_seed123.csv
train,0.1,85,-1,0.847,90.86504990624896,59.02777777777778,66,9,0,0,1492.5,23.47926199261993,1515.97926199262,-1410.0,-149.25,-1559.25,62,66,53,58,49,final_dqn_seed123.csv
train,0.1,86,-1,0.8452,117.98614534375984,88.88888888888889,1,1,0,0,1373.8,23.47926199261993,1397.27926199262,120.0,-137.38,-17.380000000000003,69,69,59,49,42,final_dqn_seed123.csv
train,0.1,87,-1,0.8434,125.09797444956035,61.458333333333336,31,4,0,0,1398.4999999999998,23.47926199261993,1421.9792619926195,-687.0,-139.85,-826.8500000000001,63,70,70,40,45,final_dqn_seed123.csv
train,0.1,88,-1,0.8416,229.31275357576163,22.22222222222222,0,0,28,4,1654.6,23.47926199261993,1678.07926199262,-608.0,-165.45999999999998,-773.46,68,50,50,46,74,final_dqn_seed123.csv
train,0.1,89,-1,0.8398,157.1663797622324,70.13888888888889,0,0,0,0,1367.1,23.47926199261993,1390.57926199262,30.0,-136.70999999999998,-106.70999999999998,76,72,46,47,47,final_dqn_seed123.csv
train,0.1,90,-1,0.838,157.1572513639657,80.90277777777779,0,0,0,0,1367.9,23.47926199261993,1391.3792619926198,123.0,-136.78999999999996,-13.790000000000006,78,57,52,62,39,final_dqn_seed123.csv
train,0.1,91,-1,0.8362,199.7630976685385,33.33333333333333,0,0,0,0,1492.6999999999998,23.47926199261993,1516.1792619926198,-288.0,-149.26999999999998,-437.27,69,68,41,55,55,final_dqn_seed123.csv
train,0.1,92,-1,0.8344,117.36113702138776,71.875,19,7,0,0,1520.6,23.47926199261993,1544.07926199262,-396.0,-152.06,-548.06,75,54,37,68,54,final_dqn_seed123.csv
train,0.1,93,-1,0.8326,139.6414120087944,87.84722222222221,0,0,0,0,1472.8,23.47926199261993,1496.27926199262,168.0,-147.28,20.719999999999985,63,71,54,48,52,final_dqn_seed123.csv
train,0.1,94,-1,0.8308,262.3343790968991,1.0416666666666663,0,0,44,3,1441.3,23.47926199261993,1464.77926199262,-919.0,-144.12999999999997,-1063.13,68,52,72,51,45,final_dqn_seed123.csv
train,0.1,95,-1,0.829,78.50634957460422,35.06944444444444,132,13,0,0,1481.1999999999998,23.47926199261993,1504.6792619926198,-2814.0,-148.12,-2962.12,65,69,49,53,52,final_dqn_seed123.csv
train,0.1,96,-1,0.8271999999999999,92.98735193274472,60.41666666666666,83,4,0,0,1282.3000000000002,23.47926199261993,1305.77926199262,-1641.0,-128.23,-1769.2300000000002,85,55,60,53,35,final_dqn_seed123.csv
train,0.1,97,-1,0.8254,142.08381667120452,73.61111111111111,0,0,0,0,1386.5,23.47926199261993,1409.97926199262,54.0,-138.65,-84.65,83,56,51,49,49,final_dqn_seed123.csv
train,0.1,98,-1,0.8236,206.36874775209387,13.88888888888889,0,0,0,0,1502.2,23.47926199261993,1525.67926199262,-456.0,-150.22,-606.22,74,53,55,48,58,final_dqn_seed123.csv
train,0.1,99,-1,0.8218,148.56522012127556,68.05555555555556,0,0,0,0,1261.5,23.47926199261993,1284.97926199262,9.0,-126.14999999999998,-117.15,96,53,48,52,39,final_dqn_seed123.csv
eval,0.1,99,0,0.0,186.72359540106552,40.97222222222222,0,0,0,0,2114.4,23.47926199261993,2137.87926199262,-222.0,-211.44,-433.44,6,6,0,276,0,final_dqn_seed123.csv
eval,0.1,99,1,0.0,123.96633249187263,86.45833333333334,14,3,0,0,844.4000000000001,23.47926199261993,867.8792619926201,-117.0,-84.43999999999998,-201.44000000000003,148,44,3,93,0,final_dqn_seed123.csv
eval,0.1,99,2,0.0,91.7555606542654,46.18055555555556,107,8,0,0,608.0,23.47926199261993,631.47926199262,-2220.0,-60.8,-2280.8,174,48,10,56,0,final_dqn_seed123.csv
eval,0.1,99,3,0.0,88.7123949449881,53.47222222222222,115,6,0,0,373.9999999999999,23.47926199261993,397.4792619926198,-2241.0,-37.4,-2278.4,193,69,6,20,0,final_dqn_seed123.csv
eval,0.1,99,4,0.0,135.71709618512253,53.125,58,4,0,0,1395.6,23.47926199261993,1419.07926199262,-1206.0,-139.55999999999997,-1345.56,87,24,6,171,0,final_dqn_seed123.csv
train,0.1,100,-1,0.82,88.69689362203182,33.68055555555556,141,4,0,0,1493.7,23.47926199261993,1517.17926199262,-2898.0,-149.37,-3047.37,73,60,47,51,57,final_dqn_seed123.csv
train,0.1,101,-1,0.8182,79.68685342730578,41.66666666666667,138,10,0,0,1401.2999999999995,23.47926199261993,1424.7792619926197,-2784.0,-140.13,-2924.13,79,61,48,51,49,final_dqn_seed123.csv
train,0.1,102,-1,0.8164,190.56970156949936,29.51388888888889,0,0,0,0,1427.4,23.47926199261993,1450.87926199262,-321.0,-142.73999999999998,-463.74,74,61,47,60,46,final_dqn_seed123.csv
train,0.1,103,-1,0.8146,87.11777936671416,52.43055555555556,92,12,0,0,1477.5,23.47926199261993,1500.97926199262,-1914.0,-147.75,-2061.7500000000005,77,55,47,54,55,final_dqn_seed123.csv
train,0.1,104,-1,0.8128,139.85841078380787,88.88888888888889,12,2,0,0,1316.2999999999995,23.47926199261993,1339.7792619926197,-51.0,-131.63,-182.63000000000005,80,71,55,35,47,final_dqn_seed123.csv
train,0.1,105,-1,0.8109999999999999,110.61268515778092,53.125,89,6,0,0,1675.5,23.47926199261993,1698.97926199262,-1767.0,-167.55,-1934.55,55,55,57,54,67,final_dqn_seed123.csv
train,0.1,106,-1,0.8092,111.48404205762304,72.56944444444444,41,8,0,0,1467.1,23.47926199261993,1490.57926199262,-789.0,-146.71,-935.71,70,70,44,49,55,final_dqn_seed123.csv
train,0.1,107,-1,0.8074,81.57019545678632,35.06944444444444,155,9,0,0,1283.1999999999998,23.47926199261993,1306.6792619926198,-3156.0,-128.32,-3284.32,101,48,44,51,44,final_dqn_seed123.csv
train,0.1,108,-1,0.8056,157.52082741942746,55.208333333333336,27,3,0,0,1521.3,23.47926199261993,1544.77926199262,-621.0,-152.13,-773.13,78,51,39,63,57,final_dqn_seed123.csv
train,0.1,109,-1,0.8038,154.8633182612332,62.84722222222222,3,2,0,0,1344.0,23.47926199261993,1367.47926199262,-156.0,-134.39999999999998,-290.4,96,45,55,40,52,final_dqn_seed123.csv
train,0.1,110,-1,0.802,72.6345510332085,34.72222222222222,136,9,0,0,1436.7,23.47926199261993,1460.17926199262,-2880.0,-143.67000000000002,-3023.67,89,48,48,44,59,final_dqn_seed123.csv
train,0.1,111,-1,0.8002,107.174387622222,78.81944444444444,31,2,0,0,1319.5,23.47926199261993,1342.97926199262,-537.0,-131.95,-668.9499999999999,71,77,54,47,39,final_dqn_seed123.csv
train,0.1,112,-1,0.7984,117.16649470214716,89.23611111111111,24,2,0,0,1294.0,23.47926199261993,1317.47926199262,-258.0,-129.39999999999998,-387.4,100,52,43,45,48,final_dqn_seed123.csv
train,0.1,113,-1,0.7966,137.03771591614284,54.513888888888886,50,1,0,0,1544.8,23.47926199261993,1568.27926199262,-1029.0,-154.47999999999996,-1183.48,54,72,44,70,48,final_dqn_seed123.csv
train,0.1,114,-1,0.7948,152.27410774532578,86.80555555555556,0,0,0,0,1419.5,23.47926199261993,1442.97926199262,174.0,-141.95,32.050000000000004,83,43,58,57,47,final_dqn_seed123.csv
train,0.1,115,-1,0.7929999999999999,86.87327390111187,40.27777777777778,152,5,0,0,1718.4,23.47926199261993,1741.87926199262,-3021.0,-171.83999999999995,-3192.84,58,54,51,49,76,final_dqn_seed123.csv
train,0.1,116,-1,0.7912,146.45227511789142,89.58333333333334,0,0,0,0,1713.1,23.47926199261993,1736.57926199262,195.0,-171.31,23.69,40,75,50,56,67,final_dqn_seed123.csv
train,0.1,117,-1,0.7894,160.71090162666275,74.30555555555556,0,0,0,0,1435.0,23.47926199261993,1458.47926199262,66.0,-143.5,-77.49999999999999,78,63,44,49,54,final_dqn_seed123.csv
train,0.1,118,-1,0.7876,117.6911849594049,57.98611111111112,56,5,0,0,1490.1999999999998,23.47926199261993,1513.6792619926198,-1167.0,-149.01999999999998,-1316.02,70,63,53,44,58,final_dqn_seed123.csv
train,0.1,119,-1,0.7858,130.55337734670684,86.80555555555556,16,5,0,0,1385.0,23.47926199261993,1408.47926199262,-168.0,-138.5,-306.5,73,79,41,45,50,final_dqn_seed123.csv
train,0.1,120,-1,0.784,105.33986930438196,44.09722222222222,94,5,0,0,1388.6,23.47926199261993,1412.07926199262,-1992.0,-138.86,-2130.86,59,80,62,45,42,final_dqn_seed123.csv
train,0.1,121,-1,0.7822,188.1854746250854,47.56944444444444,0,0,0,0,1468.1999999999998,23.47926199261993,1491.6792619926198,-165.0,-146.82000000000002,-311.81999999999994,92,31,49,62,54,final_dqn_seed123.csv
train,0.1,122,-1,0.7804,109.46706454233394,72.56944444444444,53,4,0,0,1600.8,23.47926199261993,1624.27926199262,-936.0,-160.07999999999998,-1096.08,41,85,51,55,56,final_dqn_seed123.csv
train,0.1,123,-1,0.7786,168.0525067611189,68.05555555555556,0,0,0,0,1386.3000000000002,23.47926199261993,1409.77926199262,12.0,-138.63,-126.62999999999998,81,63,41,56,47,final_dqn_seed123.csv
train,0.1,124,-1,0.7767999999999999,173.18064875610207,57.638888888888886,0,0,0,0,1555.6999999999998,23.47926199261993,1579.1792619926198,-78.0,-155.57,-233.57,72,37,67,55,57,final_dqn_seed123.csv
train,0.1,125,-1,0.775,292.46415324693044,1.3888888888888888,0,0,170,2,1334.3,23.47926199261993,1357.77926199262,-1924.0,-133.43,-2057.4300000000003,79,56,63,51,39,final_dqn_seed123.csv
train,0.1,126,-1,0.7732,212.63562885974548,13.541666666666666,0,0,0,0,1523.3,23.47926199261993,1546.77926199262,-459.0,-152.32999999999998,-611.3299999999999,74,68,34,47,65,final_dqn_seed123.csv
train,0.1,127,-1,0.7714,107.30960729843646,88.88888888888889,12,5,0,0,1369.6999999999998,23.47926199261993,1393.1792619926198,-84.0,-136.96999999999997,-220.97000000000003,74,79,42,44,49,final_dqn_seed123.csv
train,0.1,128,-1,0.7696,88.36887833156533,61.458333333333336,88,6,0,0,1360.6,23.47926199261993,1384.07926199262,-1698.0,-136.05999999999997,-1834.0600000000004,78,61,60,43,46,final_dqn_seed123.csv
train,0.1,129,-1,0.7678,183.0340944916477,54.16666666666666,0,0,19,3,1494.9,23.47926199261993,1518.37926199262,-266.0,-149.48999999999998,-415.49,53,78,49,63,45,final_dqn_seed123.csv
train,0.1,130,-1,0.766,162.1595945876402,64.58333333333334,0,0,0,0,1684.2,23.47926199261993,1707.67926199262,-18.0,-168.42000000000002,-186.42,51,55,56,64,62,final_dqn_seed123.csv
train,0.1,131,-1,0.7642,109.508136751784,78.47222222222221,46,3,0,0,1477.1,23.47926199261993,1500.57926199262,-771.0,-147.71,-918.71,57,78,55,47,51,final_dqn_seed123.csv
train,0.1,132,-1,0.7624,152.77480448322166,80.55555555555556,0,0,0,0,1628.9,23.47926199261993,1652.37926199262,120.0,-162.89,-42.89,46,67,60,58,57,final_dqn_seed123.csv
train,0.1,133,-1,0.7605999999999999,187.07222936271648,38.88888888888889,0,0,0,0,1589.0,23.47926199261993,1612.47926199262,-240.0,-158.89999999999998,-398.9,50,70,60,50,58,final_dqn_seed123.csv
train,0.1,134,-1,0.7587999999999999,210.7989276257296,19.791666666666664,0,0,0,0,1569.7,23.47926199261993,1593.17926199262,-405.0,-156.97,-561.9699999999999,57,52,70,56,53,final_dqn_seed123.csv
train,0.1,135,-1,0.757,77.43073532115994,36.80555555555556,118,13,0,0,1432.1999999999998,23.47926199261993,1455.6792619926198,-2574.0,-143.21999999999997,-2717.2200000000003,65,62,75,36,50,final_dqn_seed123.csv
train,0.1,136,-1,0.7552,93.78763646452336,61.458333333333336,71,8,0,0,1404.8,23.47926199261993,1428.27926199262,-1443.0,-140.48,-1583.4800000000002,48,92,55,57,36,final_dqn_seed123.csv
train,0.1,137,-1,0.7534,134.82214348043917,59.375,32,1,0,0,1518.1,23.47926199261993,1541.57926199262,-663.0,-151.80999999999997,-814.81,68,71,47,37,65,final_dqn_seed123.csv
train,0.1,138,-1,0.7515999999999999,182.60745024124745,33.33333333333333,21,2,31,4,1371.5,23.47926199261993,1394.97926199262,-959.0,-137.15,-1096.15,64,86,53,38,47,final_dqn_seed123.csv
train,0.1,139,-1,0.7498,75.77978655299516,37.5,129,9,0,0,1440.9,23.47926199261993,1464.37926199262,-2727.0,-144.08999999999995,-2871.09,51,79,79,30,49,final_dqn_seed123.csv
train,0.1,140,-1,0.748,71.0761781087362,30.55555555555556,168,13,0,0,1292.8000000000002,23.47926199261993,1316.27926199262,-3432.0,-129.27999999999997,-3561.2800000000007,93,61,47,39,48,final_dqn_seed123.csv
train,0.1,141,-1,0.7462,260.9015697634284,9.027777777777777,0,0,107,8,1429.9,23.47926199261993,1453.37926199262,-1354.0,-142.99,-1496.99,43,110,41,51,43,final_dqn_seed123.csv
train,0.1,142,-1,0.7444,203.26017831605876,33.33333333333333,0,0,11,1,1530.6999999999998,23.47926199261993,1554.1792619926198,-376.0,-153.07,-529.0699999999999,62,63,55,53,55,final_dqn_seed123.csv
train,0.1,143,-1,0.7426,128.46784779385067,85.41666666666666,24,3,0,0,1769.1999999999998,23.47926199261993,1792.6792619926198,-309.0,-176.92,-485.9200000000001,59,36,40,89,64,final_dqn_seed123.csv
train,0.1,144,-1,0.7408,202.066976312002,40.625,0,0,0,0,1667.0,23.47926199261993,1690.47926199262,-225.0,-166.7,-391.7000000000001,55,47,58,70,58,final_dqn_seed123.csv
train,0.1,145,-1,0.739,120.10119847553425,88.19444444444444,27,1,0,0,1784.7,23.47926199261993,1808.17926199262,-321.0,-178.46999999999997,-499.47000000000014,47,63,47,52,79,final_dqn_seed123.csv
train,0.1,146,-1,0.7372000000000001,229.792819317068,5.902777777777778,0,0,8,2,1655.6999999999998,23.47926199261993,1679.1792619926198,-589.0,-165.57,-754.5699999999999,46,62,52,75,53,final_dqn_seed123.csv
train,0.1,147,-1,0.7354,113.66712260228924,24.305555555555557,91,11,0,0,1592.0,23.47926199261993,1615.47926199262,-2142.0,-159.2,-2301.2000000000003,48,74,61,45,60,final_dqn_seed123.csv
train,0.1,148,-1,0.7336,109.75404647137792,57.29166666666666,89,4,0,0,1793.9,23.47926199261993,1817.37926199262,-1728.0,-179.39,-1907.3900000000003,48,42,49,86,63,final_dqn_seed123.csv
train,0.1,149,-1,0.7318,94.60533898832696,51.04166666666666,95,10,0,0,1581.9,23.47926199261993,1605.37926199262,-1983.0,-158.18999999999997,-2141.1900000000005,60,66,44,59,59,final_dqn_seed123.csv
eval,0.1,149,0,0.0,168.70858815510357,76.04166666666666,0,0,0,0,1947.4,23.47926199261993,1970.87926199262,81.0,-194.74,-113.74,11,39,0,232,6,final_dqn_seed123.csv
eval,0.1,149,1,0.0,86.24088499101182,46.52777777777778,133,8,0,0,2019.0,23.47926199261993,2042.47926199262,-2631.0,-201.9,-2832.9000000000005,42,73,0,71,102,final_dqn_seed123.csv
eval,0.1,149,2,0.0,113.8782942955979,75.34722222222221,51,2,0,0,1876.2,23.47926199261993,1899.67926199262,-861.0,-187.62,-1048.62,16,99,0,115,58,final_dqn_seed123.csv
eval,0.1,149,3,0.0,134.67949747016,66.66666666666666,18,5,0,0,1733.0,23.47926199261993,1756.47926199262,-393.0,-173.29999999999998,-566.3000000000002,30,74,0,158,26,final_dqn_seed123.csv
eval,0.1,149,4,0.0,81.91494799998804,41.31944444444444,150,9,0,0,2074.4,23.47926199261993,2097.87926199262,-2976.0,-207.44,-3183.44,52,64,0,52,120,final_dqn_seed123.csv
train,0.1,150,-1,0.73,234.3334989296769,15.27777777777778,0,0,45,6,1782.2999999999995,23.47926199261993,1805.77926199262,-804.0,-178.23,-982.23,36,64,62,55,71,final_dqn_seed123.csv
train,0.1,151,-1,0.7282,204.81282066523087,27.77777777777778,0,0,0,0,1583.6999999999998,23.47926199261993,1607.1792619926198,-336.0,-158.37,-494.37,35,67,71,78,37,final_dqn_seed123.csv
train,0.1,152,-1,0.7263999999999999,116.82925337632255,65.27777777777779,54,3,0,0,1737.0,23.47926199261993,1760.47926199262,-1032.0,-173.7,-1205.7,54,48,55,61,70,final_dqn_seed123.csv
train,0.1,153,-1,0.7246,117.74368689650451,83.68055555555556,10,4,0,0,1639.3,23.47926199261993,1662.77926199262,-144.0,-163.93,-307.93000000000006,56,42,79,50,61,final_dqn_seed123.csv
train,0.1,154,-1,0.7228,96.94676041874412,61.11111111111112,58,8,0,0,1654.0,23.47926199261993,1677.47926199262,-1218.0,-165.39999999999998,-1383.4,68,58,47,35,80,final_dqn_seed123.csv
train,0.1,155,-1,0.721,152.6769963018693,63.888888888888886,1,1,0,0,1432.6,23.47926199261993,1456.07926199262,-78.0,-143.26,-221.26,81,43,71,39,54,final_dqn_seed123.csv
train,0.1,156,-1,0.7192000000000001,241.8777092114489,30.90277777777778,0,0,107,1,1536.3,23.47926199261993,1559.77926199262,-1165.0,-153.63,-1318.63,66,52,61,54,55,final_dqn_seed123.csv
train,0.1,157,-1,0.7174,131.1114076250165,98.61111111111111,0,0,0,0,1405.5,23.47926199261993,1428.97926199262,276.0,-140.55,135.45,57,55,92,49,35,final_dqn_seed123.csv
train,0.1,158,-1,0.7156,200.75598126730844,34.02777777777778,0,0,0,0,1578.4,23.47926199261993,1601.8792619926198,-282.0,-157.84,-439.84,47,51,73,77,40,final_dqn_seed123.csv
train,0.1,159,-1,0.7138,142.46333010443175,74.30555555555556,3,1,0,0,1959.0,23.47926199261993,1982.47926199262,-45.0,-195.9,-240.90000000000003,36,32,66,76,78,final_dqn_seed123.csv
train,0.1,160,-1,0.712,227.5809278641594,9.375,0,0,12,4,1542.3,23.47926199261993,1565.77926199262,-591.0,-154.23,-745.23,55,60,68,54,51,final_dqn_seed123.csv
train,0.1,161,-1,0.7101999999999999,222.11363103755428,20.48611111111111,0,0,24,6,1848.2,23.47926199261993,1871.67926199262,-591.0,-184.82,-775.8199999999999,37,50,72,51,78,final_dqn_seed123.csv
train,0.1,162,-1,0.7083999999999999,175.9233498726346,56.59722222222222,1,1,3,3,1536.6,23.47926199261993,1560.07926199262,-135.0,-153.66,-288.66,59,48,64,75,42,final_dqn_seed123.csv
train,0.1,163,-1,0.7066,191.7101200640901,39.58333333333333,0,0,0,0,1679.0,23.47926199261993,1702.47926199262,-234.0,-167.9,-401.9,50,39,74,71,54,final_dqn_seed123.csv
train,0.1,164,-1,0.7048,77.15167075548578,35.41666666666667,161,9,0,0,1297.6999999999998,23.47926199261993,1321.1792619926198,-3243.0,-129.76999999999998,-3372.77,102,45,43,53,45,final_dqn_seed123.csv
train,0.1,165,-1,0.703,96.87501741826742,65.27777777777779,71,9,0,0,1339.1,23.47926199261993,1362.57926199262,-1377.0,-133.91,-1510.9100000000003,95,46,42,62,43,final_dqn_seed123.csv
train,0.1,166,-1,0.7012,206.64470213753768,29.166666666666668,0,0,0,0,1664.1999999999998,23.47926199261993,1687.6792619926198,-324.0,-166.42000000000002,-490.42,48,40,76,74,50,final_dqn_seed123.csv
train,0.1,167,-1,0.6994,84.09946186303847,51.04166666666666,114,6,0,0,1200.0,23.47926199261993,1223.47926199262,-2268.0,-120.0,-2388.0000000000005,86,78,42,50,32,final_dqn_seed123.csv
train,0.1,168,-1,0.6976,93.7992929105038,62.5,72,6,0,0,1295.0,23.47926199261993,1318.47926199262,-1440.0,-129.5,-1569.5000000000002,102,39,49,56,42,final_dqn_seed123.csv
train,0.1,169,-1,0.6958,155.705678367284,84.02777777777779,0,0,0,0,1346.9,23.47926199261993,1370.37926199262,150.0,-134.69,15.310000000000002,101,41,42,55,49,final_dqn_seed123.csv
train,0.1,170,-1,0.694,72.45523629544422,26.38888888888889,165,16,0,0,1351.2999999999995,23.47926199261993,1374.7792619926197,-3459.0,-135.13,-3594.13,102,42,36,59,49,final_dqn_seed123.csv
train,0.1,171,-1,0.6921999999999999,118.71785108887516,86.45833333333334,31,2,0,0,1392.7,23.47926199261993,1416.17926199262,-411.0,-139.26999999999998,-550.27,83,41,43,90,31,final_dqn_seed123.csv
train,0.1,172,-1,0.6904,117.43536739933218,54.513888888888886,77,4,0,0,1546.9999999999998,23.47926199261993,1570.4792619926195,-1542.0,-154.7,-1696.7000000000005,70,43,60,61,54,final_dqn_seed123.csv
train,0.1,173,-1,0.6886,153.7285650883307,79.86111111111111,1,1,1,1,1706.9,23.47926199261993,1730.37926199262,79.0,-170.69,-91.69,63,32,53,79,61,final_dqn_seed123.csv
train,0.1,174,-1,0.6868000000000001,91.3393722877316,45.48611111111111,105,4,0,0,1004.9,23.47926199261993,1028.37926199262,-2169.0,-100.49,-2269.49,133,33,56,37,29,final_dqn_seed123.csv
train,0.1,175,-1,0.685,102.4087714729362,50.34722222222222,84,10,0,0,1242.5,23.47926199261993,1265.97926199262,-1767.0,-124.25,-1891.25,113,28,55,51,41,final_dqn_seed123.csv
train,0.1,176,-1,0.6832,204.27190426696984,43.05555555555556,3,1,89,2,1395.5,23.47926199261993,1418.97926199262,-1039.0,-139.55,-1178.5500000000002,81,29,89,46,43,final_dqn_seed123.csv
train,0.1,177,-1,0.6814,137.40184988980002,93.4027777777778,0,0,0,0,1381.5,23.47926199261993,1404.97926199262,231.0,-138.14999999999998,92.85,78,53,40,86,31,final_dqn_seed123.csv
train,0.1,178,-1,0.6796,168.34796372154727,56.94444444444444,0,0,0,0,1539.6,23.47926199261993,1563.07926199262,-84.0,-153.95999999999998,-237.95999999999995,58,44,83,55,48,final_dqn_seed123.csv
train,0.1,179,-1,0.6778,93.30456868477938,63.54166666666666,53,8,0,0,1225.0,23.47926199261993,1248.47926199262,-1137.0,-122.5,-1259.5000000000002,111,37,53,45,42,final_dqn_seed123.csv
train,0.1,180,-1,0.6759999999999999,162.56300710403718,66.31944444444444,0,0,0,0,1322.4,23.47926199261993,1345.87926199262,-3.0,-132.24,-135.24,95,33,51,77,32,final_dqn_seed123.csv
train,0.1,181,-1,0.6742,126.54995020252834,67.70833333333334,54,4,0,0,1531.4,23.47926199261993,1554.87926199262,-993.0,-153.14,-1146.1400000000003,69,49,51,69,50,final_dqn_seed123.csv
train,0.1,182,-1,0.6724,131.49953698397013,55.90277777777778,58,6,0,0,1457.1,23.47926199261993,1480.57926199262,-1173.0,-145.71,-1318.71,81,36,41,95,35,final_dqn_seed123.csv
train,0.1,183,-1,0.6706,78.2235338869618,40.625,99,11,0,0,1186.1,23.47926199261993,1209.57926199262,-2223.0,-118.61,-2341.61,117,41,42,47,41,final_dqn_seed123.csv
train,0.1,184,-1,0.6688000000000001,105.29201249834136,69.44444444444444,46,8,0,0,1158.3000000000002,23.47926199261993,1181.77926199262,-930.0,-115.83,-1045.8300000000002,115,45,40,53,35,final_dqn_seed123.csv
train,0.1,185,-1,0.667,250.35166137304,15.97222222222222,0,0,65,6,1465.6999999999998,23.47926199261993,1489.1792619926198,-958.0,-146.57,-1104.5700000000002,47,37,125,46,33,final_dqn_seed123.csv
train,0.1,186,-1,0.6652,150.98789718193615,85.06944444444444,0,0,0,0,1625.3,23.47926199261993,1648.77926199262,159.0,-162.53,-3.529999999999994,51,40,87,57,53,final_dqn_seed123.csv
train,0.1,187,-1,0.6634,88.97382295649679,49.65277777777778,126,8,0,0,1385.4,23.47926199261993,1408.87926199262,-2463.0,-138.54,-2601.5400000000004,83,45,58,60,42,final_dqn_seed123.csv
train,0.1,188,-1,0.6616,72.19304006485592,35.76388888888889,149,9,0,0,1261.4,23.47926199261993,1284.8792619926198,-3057.0,-126.14,-3183.1400000000003,110,38,41,57,42,final_dqn_seed123.csv
train,0.1,189,-1,0.6597999999999999,190.89369615188411,43.75,0,0,0,0,1320.4,23.47926199261993,1343.87926199262,-198.0,-132.04,-330.04,79,50,66,61,32,final_dqn_seed123.csv
train,0.1,190,-1,0.6579999999999999,142.99683444900614,68.40277777777779,26,2,0,0,1384.1,23.47926199261993,1407.57926199262,-480.0,-138.41,-618.4100000000001,101,42,34,58,53,final_dqn_seed123.csv
train,0.1,191,-1,0.6562,151.94992445972616,87.15277777777779,0,0,0,0,1289.1,23.47926199261993,1312.57926199262,177.0,-128.91,48.09,101,30,50,76,31,final_dqn_seed123.csv
train,0.1,192,-1,0.6544,122.60455368037144,26.38888888888889,84,4,0,0,1314.1,23.47926199261993,1337.57926199262,-1968.0,-131.41000000000005,-2099.4100000000003,84,66,43,54,41,final_dqn_seed123.csv
train,0.1,193,-1,0.6526,144.5534666531156,65.27777777777779,2,2,0,0,1480.3,23.47926199261993,1503.77926199262,-111.0,-148.03,-259.03,84,48,32,73,51,final_dqn_seed123.csv
train,0.1,194,-1,0.6508,67.53564889392537,25.694444444444443,179,11,0,0,1239.1999999999998,23.47926199261993,1262.6792619926198,-3681.0,-123.92,-3804.920000000001,110,47,37,50,44,final_dqn_seed123.csv
train,0.1,195,-1,0.649,80.13417344887692,48.61111111111111,92,8,0,0,1255.6999999999998,23.47926199261993,1279.1792619926198,-1980.0,-125.57,-2105.5700000000006,113,41,42,43,49,final_dqn_seed123.csv
train,0.1,196,-1,0.6472,158.3495972716099,76.04166666666666,0,0,0,0,1498.2,23.47926199261993,1521.67926199262,81.0,-149.82,-68.82,76,39,47,84,42,final_dqn_seed123.csv
train,0.1,197,-1,0.6454,157.94162369630524,66.31944444444444,0,0,0,0,1130.6,23.47926199261993,1154.07926199262,-3.0,-113.06,-116.06,129,34,36,51,38,final_dqn_seed123.csv
train,0.1,198,-1,0.6436,127.44706306551568,71.52777777777779,26,2,0,0,1364.9,23.47926199261993,1388.37926199262,-468.0,-136.49,-604.49,95,31,55,66,41,final_dqn_seed123.csv
train,0.1,199,-1,0.6417999999999999,176.08410656408373,54.86111111111112,0,0,0,0,1493.5,23.47926199261993,1516.97926199262,-102.0,-149.35000000000002,-251.35,62,34,83,74,35,final_dqn_seed123.csv
eval,0.1,199,0,0.0,127.81593986538772,88.54166666666666,10,2,0,0,7.6,23.47926199261993,31.079261992619927,-33.0,-0.76,-33.75999999999999,287,0,0,1,0,final_dqn_seed123.csv
eval,0.1,199,1,0.0,88.77918508783645,54.16666666666666,122,1,0,0,155.2,23.47926199261993,178.67926199261993,-2331.0,-15.52,-2346.52,258,0,26,4,0,final_dqn_seed123.csv
eval,0.1,199,2,0.0,70.76573436723486,27.77777777777778,179,8,0,0,341.0,23.47926199261993,364.4792619926199,-3645.0,-34.099999999999994,-3679.1,240,0,12,34,2,final_dqn_seed123.csv
eval,0.1,199,3,0.0,84.9888553518683,49.30555555555556,102,10,0,0,316.0999999999999,23.47926199261993,339.5792619926198,-2118.0,-31.61,-2149.61,243,0,11,33,1,final_dqn_seed123.csv
eval,0.1,199,4,0.0,193.5864241435675,44.79166666666667,0,0,9,1,0.0,23.47926199261993,23.47926199261993,-261.0,0.0,-261.0,288,0,0,0,0,final_dqn_seed123.csv
train,0.1,200,-1,0.6399999999999999,210.81799158540957,18.75,0,0,4,1,1299.1999999999998,23.47926199261993,1322.6792619926198,-446.0,-129.92,-575.92,92,56,28,80,32,final_dqn_seed123.csv
train,0.1,201,-1,0.6382,151.09763860826948,59.375,8,2,0,0,1615.4,23.47926199261993,1638.87926199262,-294.0,-161.54,-455.54,70,34,51,79,54,final_dqn_seed123.csv
train,0.1,202,-1,0.6364,197.12330115283464,25.34722222222222,0,0,0,0,1355.9,23.47926199261993,1379.3792619926198,-357.0,-135.59,-492.59,85,49,58,53,43,final_dqn_seed123.csv
train,0.1,203,-1,0.6345999999999999,97.05749681493614,52.43055555555556,80,8,0,0,1386.3,23.47926199261993,1409.77926199262,-1701.0,-138.63,-1839.6300000000003,92,38,61,46,51,final_dqn_seed123.csv
train,0.1,204,-1,0.6328,205.9809517620088,46.52777777777778,0,0,32,2,1310.5,23.47926199261993,1333.97926199262,-430.0,-131.05,-561.05,104,31,43,73,37,final_dqn_seed123.csv
train,0.1,205,-1,0.631,181.7926641897953,69.44444444444444,0,0,6,2,1179.1999999999998,23.47926199261993,1202.6792619926198,-24.0,-117.92,-141.92,97,69,35,55,32,final_dqn_seed123.csv
train,0.1,206,-1,0.6292,95.50327528102233,55.55555555555556,91,6,0,0,1359.1999999999998,23.47926199261993,1382.6792619926198,-1827.0,-135.92,-1962.92,107,39,37,49,56,final_dqn_seed123.csv
train,0.1,207,-1,0.6274,134.02073123062024,98.26388888888889,0,0,0,0,1331.0,23.47926199261993,1354.47926199262,270.0,-133.1,136.9,105,39,35,63,46,final_dqn_seed123.csv
train,0.1,208,-1,0.6255999999999999,252.47787539190136,12.152777777777777,0,0,69,10,1437.1999999999998,23.47926199261993,1460.6792619926198,-1023.0,-143.72,-1166.7200000000005,52,76,67,53,40,final_dqn_seed123.csv
train,0.1,209,-1,0.6238,138.7981606515771,77.08333333333334,20,3,0,0,1230.9,23.47926199261993,1254.37926199262,-300.0,-123.09,-423.09,114,44,43,38,49,final_dqn_seed123.csv
train,0.1,210,-1,0.622,209.8351506592793,38.88888888888889,0,0,5,3,1246.8,23.47926199261993,1270.27926199262,-280.0,-124.68,-404.68,110,39,55,36,48,final_dqn_seed123.csv
train,0.1,211,-1,0.6202000000000001,153.19733038824188,75.69444444444444,0,0,0,0,856.2,23.47926199261993,879.67926199262,78.0,-85.62,-7.619999999999997,155,36,39,32,26,final_dqn_seed123.csv
train,0.1,212,-1,0.6184000000000001,84.9385456693646,54.86111111111112,83,9,0,0,936.9,23.47926199261993,960.37926199262,-1737.0,-93.69,-1830.69,153,40,35,19,41,final_dqn_seed123.csv
train,0.1,213,-1,0.6166,170.70003279615878,74.65277777777779,0,0,0,0,1018.8,23.47926199261993,1042.27926199262,69.0,-101.88,-32.879999999999995,148,24,38,42,36,final_dqn_seed123.csv
train,0.1,214,-1,0.6148,65.40595972806443,26.38888888888889,179,9,0,0,1089.4,23.47926199261993,1112.87926199262,-3669.0,-108.94,-3777.94,133,38,33,46,38,final_dqn_seed123.csv
train,0.1,215,-1,0.613,108.34596087631104,70.13888888888889,44,6,0,0,978.5,23.47926199261993,1001.97926199262,-888.0,-97.85,-985.85,145,37,40,29,37,final_dqn_seed123.csv
train,0.1,216,-1,0.6112,101.39738100917548,71.875,60,4,0,0,1025.3,23.47926199261993,1048.77926199262,-1098.0,-102.53,-1200.53,139,35,36,45,33,final_dqn_seed123.csv
train,0.1,217,-1,0.6093999999999999,114.51221233829386,84.72222222222221,20,2,0,0,1039.7,23.47926199261993,1063.17926199262,-276.0,-103.97,-379.97,131,40,44,40,33,final_dqn_seed123.csv
train,0.1,218,-1,0.6075999999999999,195.0356769161835,31.59722222222222,0,0,0,0,960.9,23.47926199261993,984.37926199262,-303.0,-96.09,-399.09,150,31,29,49,29,final_dqn_seed123.csv
train,0.1,219,-1,0.6058,135.89369898442845,82.63888888888889,0,0,0,0,1042.1999999999998,23.47926199261993,1065.6792619926198,108.0,-104.22,3.780000000000001,147,35,31,29,46,final_dqn_seed123.csv
train,0.1,220,-1,0.604,137.02951117205748,90.9722222222222,3,1,0,0,1035.2,23.47926199261993,1058.67926199262,120.0,-103.52,16.479999999999997,144,24,43,41,36,final_dqn_seed123.csv
train,0.1,221,-1,0.6022000000000001,166.14549099926876,52.43055555555556,0,0,0,0,1049.1999999999998,23.47926199261993,1072.6792619926198,-123.0,-104.92,-227.92,136,46,36,26,44,final_dqn_seed123.csv
train,0.1,222,-1,0.6004,209.7448063032664,26.38888888888889,0,0,3,2,1142.9,23.47926199261993,1166.3792619926198,-372.0,-114.29,-486.29,125,42,34,46,41,final_dqn_seed123.csv
train,0.1,223,-1,0.5986,77.55624526779316,22.569444444444446,170,12,0,0,1001.3,23.47926199261993,1024.77926199262,-3552.0,-100.13,-3652.13,152,27,37,31,41,final_dqn_seed123.csv
train,0.1,224,-1,0.5968,275.5095706334482,0.3472222222222222,0,0,105,7,1177.4,23.47926199261993,1200.8792619926198,-1413.0,-117.74,-1530.7399999999998,126,36,38,42,46,final_dqn_seed123.csv
train,0.1,225,-1,0.595,75.56787173243791,34.02777777777778,117,18,0,0,995.9,23.47926199261993,1019.37926199262,-2607.0,-99.59,-2706.59,147,34,30,42,35,final_dqn_seed123.csv
train,0.1,226,-1,0.5932,203.99442080277632,40.27777777777778,0,0,23,5,961.2,23.47926199261993,984.67926199262,-412.0,-96.12,-508.12,150,27,34,49,28,final_dqn_seed123.csv
train,0.1,227,-1,0.5913999999999999,166.3276574926838,59.02777777777778,0,0,0,0,920.6999999999998,23.47926199261993,944.1792619926198,-66.0,-92.07,-158.07000000000002,158,34,34,23,39,final_dqn_seed123.csv
train,0.1,228,-1,0.5895999999999999,154.4213051461222,69.79166666666666,0,0,0,0,1120.6999999999998,23.47926199261993,1144.1792619926198,27.0,-112.07,-85.07000000000002,141,35,28,33,51,final_dqn_seed123.csv
train,0.1,229,-1,0.5878,294.3570249436211,11.458333333333332,0,0,158,4,1628.6,23.47926199261993,1652.07926199262,-1741.0,-162.86,-1903.86,80,37,42,59,70,final_dqn_seed123.csv
train,0.1,230,-1,0.586,101.03497928988564,77.08333333333334,44,5,0,0,936.2,23.47926199261993,959.67926199262,-768.0,-93.62,-861.6200000000001,151,28,42,37,30,final_dqn_seed123.csv
train,0.1,231,-1,0.5842,111.16379189195894,89.23611111111111,23,3,0,0,1004.6,23.47926199261993,1028.07926199262,-243.0,-100.46,-343.46000000000004,147,30,39,34,38,final_dqn_seed123.csv
train,0.1,232,-1,0.5824,133.9664211767365,83.68055555555556,0,0,0,0,990.8,23.47926199261993,1014.27926199262,141.0,-99.08,41.92,134,31,60,35,28,final_dqn_seed123.csv
train,0.1,233,-1,0.5806,103.94234033923648,72.22222222222221,51,5,0,0,1160.2,23.47926199261993,1183.67926199262,-957.0,-116.01999999999998,-1073.0199999999998,128,44,39,23,54,final_dqn_seed123.csv
train,0.1,234,-1,0.5788,126.69413493378045,91.31944444444444,0,0,0,0,905.9,23.47926199261993,929.37926199262,204.0,-90.59,113.41,157,34,35,27,35,final_dqn_seed123.csv
train,0.1,235,-1,0.577,173.77337260387114,60.06944444444444,0,0,0,0,1039.6999999999998,23.47926199261993,1063.1792619926198,-57.0,-103.97,-160.97,141,44,31,27,45,final_dqn_seed123.csv
train,0.1,236,-1,0.5751999999999999,136.5566358873786,77.43055555555556,0,0,0,0,1023.9,23.47926199261993,1047.3792619926198,93.0,-102.39,-9.389999999999986,145,43,24,33,43,final_dqn_seed123.csv
train,0.1,237,-1,0.5734,208.1588652689935,34.375,0,0,51,1,1008.6,23.47926199261993,1032.07926199262,-687.0,-100.86,-787.86,140,42,29,43,34,final_dqn_seed123.csv
train,0.1,238,-1,0.5716,253.33664926817252,3.125,0,0,38,6,1687.7,23.47926199261993,1711.17926199262,-853.0,-168.76999999999998,-1021.77,67,46,46,56,73,final_dqn_seed123.csv
train,0.1,239,-1,0.5698000000000001,195.1049325593956,34.375,0,0,0,0,1107.1,23.47926199261993,1130.57926199262,-279.0,-110.71,-389.7099999999999,136,37,29,43,43,final_dqn_seed123.csv
train,0.1,240,-1,0.5680000000000001,231.41063957475703,28.819444444444443,0,0,74,6,1420.9,23.47926199261993,1444.37926199262,-919.0,-142.09,-1061.09,105,35,36,51,61,final_dqn_seed123.csv
train,0.1,241,-1,0.5662,211.62008147420408,22.22222222222222,0,0,12,3,1216.3,23.47926199261993,1239.77926199262,-480.0,-121.63,-601.63,117,35,45,48,43,final_dqn_seed123.csv
train,0.1,242,-1,0.5644,203.80197758789427,31.59722222222222,0,0,0,0,1087.1,23.47926199261993,1110.57926199262,-303.0,-108.70999999999998,-411.71,138,24,46,41,39,final_dqn_seed123.csv
train,0.1,243,-1,0.5626,191.9237200623533,42.70833333333333,0,0,0,0,1024.3,23.47926199261993,1047.77926199262,-207.0,-102.43,-309.43,144,34,35,36,39,final_dqn_seed123.csv
train,0.1,244,-1,0.5608,109.63524526741556,67.01388888888889,78,6,0,0,912.4,23.47926199261993,935.87926199262,-1452.0,-91.24,-1543.24,154,32,39,31,32,final_dqn_seed123.csv
train,0.1,245,-1,0.5589999999999999,72.8910586640051,34.02777777777778,167,8,0,0,1046.1,23.47926199261993,1069.57926199262,-3357.0,-104.61,-3461.6100000000006,140,32,31,52,33,final_dqn_seed123.csv
train,0.1,246,-1,0.5571999999999999,132.04524213355484,67.36111111111111,40,6,0,0,972.8,23.47926199261993,996.27926199262,-774.0,-97.28,-871.2800000000001,151,37,31,29,40,final_dqn_seed123.csv
train,0.1,247,-1,0.5554,139.43138793337857,26.73611111111111,69,8,0,0,1184.4,23.47926199261993,1207.87926199262,-1677.0,-118.44,-1795.44,129,40,31,36,52,final_dqn_seed123.csv
train,0.1,248,-1,0.5536,88.46190412097991,63.19444444444444,54,8,0,0,888.1,23.47926199261993,911.57926199262,-1158.0,-88.81,-1246.81,158,37,30,30,33,final_dqn_seed123.csv
train,0.1,249,-1,0.5518000000000001,137.6532950581216,42.01388888888889,55,4,0,0,1590.1999999999998,23.47926199261993,1613.6792619926198,-1302.0,-159.01999999999998,-1461.02,103,29,35,35,86,final_dqn_seed123.csv
eval,0.1,249,0,0.0,180.4864715854353,61.11111111111112,0,0,0,0,0.0,23.47926199261993,23.47926199261993,-48.0,0.0,-48.0,288,0,0,0,0,final_dqn_seed123.csv
eval,0.1,249,1,0.0,210.1181046990672,46.52777777777778,0,0,43,3,0.0,23.47926199261993,23.47926199261993,-518.0,0.0,-518.0,288,0,0,0,0,final_dqn_seed123.csv
eval,0.1,249,2,0.0,161.5544149709398,69.09722222222221,0,0,0,0,0.0,23.47926199261993,23.47926199261993,12.0,0.0,12.0,288,0,0,0,0,final_dqn_seed123.csv
eval,0.1,249,3,0.0,131.4335740566905,89.93055555555556,6,2,0,0,0.0,23.47926199261993,23.47926199261993,72.0,0.0,72.0,288,0,0,0,0,final_dqn_seed123.csv
eval,0.1,249,4,0.0,191.95983058454055,39.23611111111111,0,0,0,0,0.0,23.47926199261993,23.47926199261993,-237.0,0.0,-237.0,288,0,0,0,0,final_dqn_seed123.csv
train,0.1,250,-1,0.55,72.20153655355963,28.819444444444443,121,12,0,0,1086.1,23.47926199261993,1109.57926199262,-2757.0,-108.61,-2865.61,131,42,38,36,41,final_dqn_seed123.csv
train,0.1,251,-1,0.5482,199.7320228745684,37.84722222222222,0,0,5,2,1032.9,23.47926199261993,1056.37926199262,-289.0,-103.29,-392.29,152,21,36,38,41,final_dqn_seed123.csv
train,0.1,252,-1,0.5464,80.23850946575983,48.26388888888889,92,9,0,0,797.3,23.47926199261993,820.7792619926199,-1986.0,-79.72999999999999,-2065.7300000000005,168,29,35,31,25,final_dqn_seed123.csv
train,0.1,253,-1,0.5446,91.71921775652844,52.77777777777778,115,3,0,0,862.7,23.47926199261993,886.17926199262,-2238.0,-86.27,-2324.27,155,38,35,33,27,final_dqn_seed123.csv
train,0.1,254,-1,0.5428,91.52203157822926,62.84722222222222,71,8,0,0,919.9,23.47926199261993,943.37926199262,-1419.0,-91.99,-1510.9900000000002,148,36,44,29,31,final_dqn_seed123.csv
train,0.1,255,-1,0.5409999999999999,205.00359959305715,30.20833333333333,0,0,0,0,1206.1,23.47926199261993,1229.57926199262,-315.0,-120.61,-435.61,127,35,39,34,53,final_dqn_seed123.csv
train,0.1,256,-1,0.5391999999999999,112.54990328576342,82.98611111111111,36,4,0,0,858.9000000000001,23.47926199261993,882.3792619926201,-546.0,-85.89000000000001,-631.8900000000001,168,29,27,31,33,final_dqn_seed123.csv
train,0.1,257,-1,0.5374,131.72465663651016,73.95833333333334,14,6,0,0,986.4,23.47926199261993,1009.87926199262,-288.0,-98.64,-386.63999999999993,149,42,23,34,40,final_dqn_seed123.csv
train,0.1,258,-1,0.5356,146.31795724523343,82.63888888888889,0,0,0,0,859.5,23.47926199261993,882.97926199262,114.0,-85.94999999999999,28.05,163,33,30,31,31,final_dqn_seed123.csv
train,0.1,259,-1,0.5338,106.2766675676057,66.31944444444444,81,3,0,0,927.1,23.47926199261993,950.57926199262,-1497.0,-92.71,-1589.71,160,33,28,28,39,final_dqn_seed123.csv
train,0.1,260,-1,0.532,154.149007334532,77.08333333333334,0,0,0,0,1032.9,23.47926199261993,1056.3792619926198,75.0,-103.29,-28.290000000000006,143,37,33,34,41,final_dqn_seed123.csv
train,0.1,261,-1,0.5302,98.7768356813474,57.638888888888886,65,10,0,0,1341.1,23.47926199261993,1364.57926199262,-1395.0,-134.11,-1529.11,109,38,52,26,63,final_dqn_seed123.csv
train,0.1,262,-1,0.5284,171.73034840643425,60.06944444444444,0,0,0,0,999.3,23.47926199261993,1022.77926199262,-57.0,-99.93,-156.93,151,29,37,30,41,final_dqn_seed123.csv
train,0.1,263,-1,0.5266,162.718185660061,74.65277777777779,0,0,0,0,947.1,23.47926199261993,970.57926199262,69.0,-94.71,-25.709999999999987,161,29,25,34,39,final_dqn_seed123.csv
train,0.1,264,-1,0.5247999999999999,165.81176946941977,71.52777777777779,0,0,0,0,998.0,23.47926199261993,1021.47926199262,39.0,-99.8,-60.800000000000026,156,25,29,38,40,final_dqn_seed123.csv
train,0.1,265,-1,0.5229999999999999,204.03828201755744,35.41666666666667,0,0,0,0,992.5,23.47926199261993,1015.97926199262,-270.0,-99.25,-369.25,156,33,19,39,41,final_dqn_seed123.csv
train,0.1,266,-1,0.5211999999999999,171.7362735590683,61.11111111111112,0,0,0,0,977.2,23.47926199261993,1000.67926199262,-48.0,-97.72,-145.72,156,27,33,32,40,final_dqn_seed123.csv
train,0.1,267,-1,0.5194,231.46834156286872,8.333333333333332,0,0,41,2,1052.1,23.47926199261993,1075.57926199262,-832.0,-105.21,-937.21,149,27,34,33,45,final_dqn_seed123.csv
train,0.1,268,-1,0.5176,81.02328302012987,43.75,103,14,0,0,1060.3,23.47926199261993,1083.77926199262,-2229.0,-106.03,-2335.03,155,19,32,35,47,final_dqn_seed123.csv
train,0.1,269,-1,0.5158,178.06810390026118,31.944444444444443,24,6,0,0,998.7,23.47926199261993,1022.17926199262,-774.0,-99.87,-873.87,143,38,40,28,39,final_dqn_seed123.csv
train,0.1,270,-1,0.514,187.92286325173689,47.22222222222222,0,0,5,2,1132.4,23.47926199261993,1155.87926199262,-208.0,-113.23999999999998,-321.24,135,32,33,44,44,final_dqn_seed123.csv
train,0.1,271,-1,0.5122,215.70034072439535,25.34722222222222,0,0,22,3,1050.3,23.47926199261993,1073.77926199262,-533.0,-105.03,-638.0300000000001,145,34,30,36,43,final_dqn_seed123.csv
train,0.1,272,-1,0.5104,161.68707746619216,72.22222222222221,0,0,0,0,890.7,23.47926199261993,914.17926199262,48.0,-89.07,-41.06999999999999,167,26,27,33,35,final_dqn_seed123.csv
train,0.1,273,-1,0.5085999999999999,213.72611279302123,6.25,0,0,0,0,1309.5,23.47926199261993,1332.97926199262,-522.0,-130.95,-652.9499999999999,124,36,26,39,63,final_dqn_seed123.csv
train,0.1,274,-1,0.5067999999999999,161.70471395004313,77.43055555555556,0,0,0,0,1124.3,23.47926199261993,1147.77926199262,93.0,-112.43,-19.43,147,30,26,30,55,final_dqn_seed123.csv
train,0.1,275,-1,0.5049999999999999,99.10936770915602,69.09722222222221,63,5,0,0,1251.5,23.47926199261993,1274.97926199262,-1191.0,-125.15,-1316.15,131,37,26,31,63,final_dqn_seed123.csv
train,0.1,276,-1,0.5031999999999999,100.67007474113612,61.80555555555556,38,8,0,0,1198.3,23.47926199261993,1221.77926199262,-906.0,-119.82999999999998,-1025.8300000000002,124,44,31,38,51,final_dqn_seed123.csv
train,0.1,277,-1,0.5014,147.07743734005317,51.388888888888886,11,5,0,0,1269.9,23.47926199261993,1293.37926199262,-390.0,-126.99,-516.99,118,38,46,27,59,final_dqn_seed123.csv
train,0.1,278,-1,0.4995999999999999,203.34522730520436,38.54166666666667,0,0,0,0,1259.0,23.47926199261993,1282.47926199262,-243.0,-125.9,-368.9,88,43,86,33,38,final_dqn_seed123.csv
train,0.1,279,-1,0.4977999999999999,140.56282716856276,97.2222222222222,0,0,0,0,1093.0,23.47926199261993,1116.47926199262,261.0,-109.3,151.7,150,29,29,26,54,final_dqn_seed123.csv
train,0.1,280,-1,0.4959999999999999,200.04778290600845,27.43055555555556,0,0,0,0,952.6,23.47926199261993,976.07926199262,-339.0,-95.26,-434.26,141,34,53,30,30,final_dqn_seed123.csv
train,0.1,281,-1,0.4942,146.3896796727057,81.25,0,0,0,0,872.9,23.47926199261993,896.37926199262,117.0,-87.28999999999999,29.71,171,26,19,39,33,final_dqn_seed123.csv
train,0.1,282,-1,0.4924,195.19931625034008,38.88888888888889,0,0,0,0,936.0,23.47926199261993,959.47926199262,-240.0,-93.6,-333.6,149,28,51,28,32,final_dqn_seed123.csv
train,0.1,283,-1,0.4906,140.22306150690585,83.68055555555556,0,0,0,0,862.9000000000001,23.47926199261993,886.3792619926201,141.0,-86.28999999999999,54.71,163,25,46,21,33,final_dqn_seed123.csv
train,0.1,284,-1,0.4888,219.87219611672208,11.11111111111111,0,0,5,1,941.4,23.47926199261993,964.8792619926198,-520.0,-94.14,-614.14,160,22,40,28,38,final_dqn_seed123.csv
train,0.1,285,-1,0.487,105.81795175749772,67.36111111111111,50,14,0,0,1095.1999999999998,23.47926199261993,1118.6792619926198,-1023.0,-109.52,-1132.52,122,44,40,50,32,final_dqn_seed123.csv
train,0.1,286,-1,0.4852000000000001,177.24004345511068,54.513888888888886,0,0,0,0,1036.0,23.47926199261993,1059.47926199262,-105.0,-103.6,-208.6,145,31,35,37,40,final_dqn_seed123.csv
train,0.1,287,-1,0.4834,98.97100583540248,53.81944444444444,96,6,0,0,865.1999999999999,23.47926199261993,888.6792619926199,-1911.0,-86.52000000000001,-1997.52,155,49,24,28,32,final_dqn_seed123.csv
train,0.1,288,-1,0.4816,121.63683886796429,86.45833333333334,5,2,0,0,994.2,23.47926199261993,1017.67926199262,-6.0,-99.42,-105.42000000000004,149,36,27,38,38,final_dqn_seed123.csv
train,0.1,289,-1,0.4798,132.1022541791491,99.30555555555556,0,0,0,0,1065.2,23.47926199261993,1088.67926199262,282.0,-106.52,175.48000000000002,140,27,38,47,36,final_dqn_seed123.csv
train,0.1,290,-1,0.478,162.4658306242965,77.08333333333334,0,0,0,0,759.7,23.47926199261993,783.17926199262,90.0,-75.97,14.030000000000005,176,30,32,21,29,final_dqn_seed123.csv
train,0.1,291,-1,0.4762,286.7916733062245,3.125,0,0,157,8,1196.9,23.47926199261993,1220.37926199262,-1805.0,-119.69,-1924.69,136,25,35,39,53,final_dqn_seed123.csv
train,0.1,292,-1,0.4744,126.55319074497284,98.95833333333334,0,0,0,0,960.3,23.47926199261993,983.77926199262,270.0,-96.03,173.97,155,34,21,43,35,final_dqn_seed123.csv
train,0.1,293,-1,0.4726,142.3599584924685,97.2222222222222,0,0,0,0,802.9000000000001,23.47926199261993,826.3792619926201,264.0,-80.28999999999999,183.71,172,32,24,31,29,final_dqn_seed123.csv
train,0.1,294,-1,0.4708,210.7391907727633,8.680555555555555,0,0,0,0,882.3,23.47926199261993,905.77926199262,-501.0,-88.22999999999999,-589.23,165,28,32,28,35,final_dqn_seed123.csv
train,0.1,295,-1,0.469,225.06320301308915,34.02777777777778,0,0,68,9,871.9000000000001,23.47926199261993,895.3792619926201,-826.0,-87.19,-913.19,165,29,27,36,31,final_dqn_seed123.csv
train,0.1,296,-1,0.4672,110.84362230476306,77.77777777777779,40,6,0,0,808.2,23.47926199261993,831.67926199262,-696.0,-80.82,-776.82,174,27,27,30,30,final_dqn_seed123.csv
train,0.1,297,-1,0.4654,146.19340262409327,65.27777777777779,7,1,0,0,780.8000000000001,23.47926199261993,804.27926199262,-192.0,-78.08,-270.08000000000004,176,24,26,38,24,final_dqn_seed123.csv
train,0.1,298,-1,0.4636,108.09898063992844,51.73611111111112,38,9,0,0,945.7,23.47926199261993,969.17926199262,-999.0,-94.57,-1093.57,147,43,29,36,33,final_dqn_seed123.csv
train,0.1,299,-1,0.4618,191.47087881227245,61.458333333333336,0,0,6,4,883.7000000000002,23.47926199261993,907.17926199262,-93.0,-88.37,-181.37,162,31,31,31,33,final_dqn_seed123.csv
eval,0.1,299,0,0.0,101.66602871987196,48.95833333333333,101,5,0,0,0.0,23.47926199261993,23.47926199261993,-2070.0,0.0,-2070.0,288,0,0,0,0,final_dqn_seed123.csv
eval,0.1,299,1,0.0,92.09665599167532,55.55555555555556,75,10,0,0,0.0,23.47926199261993,23.47926199261993,-1605.0,0.0,-1605.0,288,0,0,0,0,final_dqn_seed123.csv
eval,0.1,299,2,0.0,188.0849403757613,39.93055555555556,0,0,0,0,0.0,23.47926199261993,23.47926199261993,-231.0,0.0,-231.0,288,0,0,0,0,final_dqn_seed123.csv
eval,0.1,299,3,0.0,129.85480898733098,70.83333333333334,36,2,0,0,0.0,23.47926199261993,23.47926199261993,-666.0,0.0,-666.0,288,0,0,0,0,final_dqn_seed123.csv
eval,0.1,299,4,0.0,160.97774981952668,24.305555555555557,33,3,0,0,0.0,23.47926199261993,23.47926199261993,-993.0,0.0,-993.0,288,0,0,0,0,final_dqn_seed123.csv
train,0.1,300,-1,0.4599999999999999,250.22593858933507,4.166666666666666,0,0,43,3,1179.1,23.47926199261993,1202.57926199262,-884.0,-117.91,-1001.91,124,41,36,40,47,final_dqn_seed123.csv
train,0.1,301,-1,0.4582,222.4327518408845,19.09722222222222,0,0,24,6,882.8,23.47926199261993,906.27926199262,-603.0,-88.28,-691.2800000000001,148,43,40,29,28,final_dqn_seed123.csv
train,0.1,302,-1,0.4564,97.7026915710306,54.16666666666666,103,7,0,0,1015.3,23.47926199261993,1038.77926199262,-2040.0,-101.53,-2141.53,135,37,40,47,29,final_dqn_seed123.csv
train,0.1,303,-1,0.4546,117.28266512386004,60.41666666666666,59,3,0,0,735.4,23.47926199261993,758.87926199262,-1143.0,-73.53999999999999,-1216.5400000000002,161,54,28,23,22,final_dqn_seed123.csv
train,0.1,304,-1,0.4528,87.23976338949716,48.95833333333333,112,7,0,0,796.3000000000001,23.47926199261993,819.77926199262,-2268.0,-79.63,-2347.63,169,39,26,23,31,final_dqn_seed123.csv
train,0.1,305,-1,0.4509999999999999,151.7545826301553,61.458333333333336,1,1,0,0,1142.3000000000002,23.47926199261993,1165.77926199262,-129.0,-114.23,-243.23,135,26,45,35,47,final_dqn_seed123.csv
train,0.1,306,-1,0.4492,155.6822687613847,70.48611111111111,0,0,0,0,784.8,23.47926199261993,808.2792619926199,33.0,-78.47999999999999,-45.48,181,24,25,26,32,final_dqn_seed123.csv
train,0.1,307,-1,0.4474,116.00728944406514,62.15277777777778,37,7,0,0,922.5,23.47926199261993,945.97926199262,-828.0,-92.25,-920.25,143,39,48,29,29,final_dqn_seed123.csv
train,0.1,308,-1,0.4456,123.767639299268,93.05555555555556,14,1,0,0,1210.6999999999998,23.47926199261993,1234.1792619926198,-42.0,-121.07,-163.06999999999996,114,45,31,59,39,final_dqn_seed123.csv
train,0.1,309,-1,0.4438,226.6823265893034,26.38888888888889,0,0,36,4,1214.0,23.47926199261993,1237.47926199262,-636.0,-121.4,-757.4,94,63,48,47,36,final_dqn_seed123.csv
train,0.1,310,-1,0.4419999999999999,87.91351138778782,57.638888888888886,95,4,0,0,900.1999999999999,23.47926199261993,923.67926199262,-1869.0,-90.02,-1959.02,152,38,28,44,26,final_dqn_seed123.csv
train,0.1,311,-1,0.4402,136.41855517647076,70.83333333333334,10,2,0,0,1086.5,23.47926199261993,1109.97926199262,-198.0,-108.65,-306.65000000000003,134,29,38,54,33,final_dqn_seed123.csv
train,0.1,312,-1,0.4384,119.00378344584604,85.41666666666666,25,2,0,0,1225.3,23.47926199261993,1248.77926199262,-339.0,-122.53,-461.5300000000001,116,42,36,49,45,final_dqn_seed123.csv
train,0.1,313,-1,0.4366,90.70474704152691,23.958333333333336,159,7,0,0,1083.0,23.47926199261993,1106.47926199262,-3297.0,-108.29999999999998,-3405.3,141,22,27,68,30,final_dqn_seed123.csv
train,0.1,314,-1,0.4347999999999999,142.2212409554936,63.19444444444444,23,5,0,0,873.4,23.47926199261993,896.87926199262,-516.0,-87.34,-603.3399999999999,152,43,29,38,26,final_dqn_seed123.csv
train,0.1,315,-1,0.4329999999999999,168.35530025399734,58.333333333333336,0,0,0,0,915.6,23.47926199261993,939.07926199262,-72.0,-91.56,-163.56,148,49,25,34,32,final_dqn_seed123.csv
train,0.1,316,-1,0.4312,271.9427395000573,29.51388888888889,0,0,147,1,1228.1999999999998,23.47926199261993,1251.6792619926198,-1497.0,-122.82,-1619.8200000000002,133,26,39,32,58,final_dqn_seed123.csv
train,0.1,317,-1,0.4294,189.5343217447367,36.45833333333333,0,0,0,0,787.8,23.47926199261993,811.2792619926199,-261.0,-78.78,-339.78000000000003,171,29,32,30,26,final_dqn_seed123.csv
train,0.1,318,-1,0.4276,176.7041849882145,50.0,0,0,0,0,924.6,23.47926199261993,948.07926199262,-144.0,-92.46,-236.46,160,29,27,38,34,final_dqn_seed123.csv
train,0.1,319,-1,0.4257999999999999,97.23539993071498,62.15277777777778,92,3,0,0,672.3,23.47926199261993,695.7792619926199,-1746.0,-67.22999999999999,-1813.23,187,27,21,34,19,final_dqn_seed123.csv
train,0.1,320,-1,0.4239999999999999,218.41449706132903,46.18055555555556,0,0,76,1,911.1,23.47926199261993,934.57926199262,-785.0,-91.11,-876.1099999999999,157,23,38,43,27,final_dqn_seed123.csv
train,0.1,321,-1,0.4222,89.80894608102005,60.41666666666666,61,8,0,0,626.5999999999999,23.47926199261993,650.0792619926199,-1311.0,-62.66,-1373.66,200,26,16,20,26,final_dqn_seed123.csv
train,0.1,322,-1,0.4204,100.16210827205497,53.47222222222222,90,9,0,0,741.1,23.47926199261993,764.57926199262,-1809.0,-74.11,-1883.1100000000004,174,35,25,31,23,final_dqn_seed123.csv
train,0.1,323,-1,0.4185999999999999,200.2114549521168,45.48611111111111,0,0,23,3,906.1,23.47926199261993,929.57926199262,-367.0,-90.61,-457.61,160,33,25,37,33,final_dqn_seed123.csv
train,0.1,324,-1,0.4167999999999999,167.64824182441632,75.0,0,0,0,0,803.7,23.47926199261993,827.17926199262,72.0,-80.37,-8.370000000000005,176,22,30,31,29,final_dqn_seed123.csv
train,0.1,325,-1,0.4149999999999999,78.95310585343479,47.22222222222222,111,9,0,0,705.6,23.47926199261993,729.07926199262,-2289.0,-70.56,-2359.56,188,23,22,31,24,final_dqn_seed123.csv
train,0.1,326,-1,0.4132,159.68121430032943,78.125,0,0,0,0,746.3,23.47926199261993,769.7792619926199,96.0,-74.63,21.370000000000005,181,24,30,26,27,final_dqn_seed123.csv
train,0.1,327,-1,0.4114,209.62536299561916,35.41666666666667,0,0,38,1,830.0,23.47926199261993,853.47926199262,-574.0,-83.0,-656.9999999999999,168,27,39,22,32,final_dqn_seed123.csv
train,0.1,328,-1,0.4095999999999999,209.17582515515107,44.79166666666667,0,0,44,3,733.9000000000001,23.47926199261993,757.3792619926201,-541.0,-73.39,-614.3900000000001,189,25,18,25,31,final_dqn_seed123.csv
train,0.1,329,-1,0.4077999999999999,141.4606714868847,98.26388888888889,0,0,0,0,581.0,23.47926199261993,604.47926199262,273.0,-58.10000000000001,214.9,199,26,21,24,18,final_dqn_seed123.csv
train,0.1,330,-1,0.4059999999999999,187.93338415860865,40.97222222222222,0,0,0,0,672.5999999999999,23.47926199261993,696.0792619926199,-222.0,-67.26,-289.26,193,17,27,29,22,final_dqn_seed123.csv
train,0.1,331,-1,0.4042,179.80677532351865,55.90277777777778,0,0,0,0,582.9,23.47926199261993,606.37926199262,-93.0,-58.29,-151.29,203,27,20,13,25,final_dqn_seed123.csv
train,0.1,332,-1,0.4024,219.48648848727552,25.694444444444443,0,0,1,1,664.4,23.47926199261993,687.87926199262,-362.0,-66.44,-428.44000000000005,192,27,19,26,24,final_dqn_seed123.csv
train,0.1,333,-1,0.4005999999999999,192.51713365788265,52.77777777777778,0,0,0,0,729.6,23.47926199261993,753.07926199262,-120.0,-72.96,-192.95999999999995,178,35,27,20,28,final_dqn_seed123.csv
train,0.1,334,-1,0.3987999999999999,257.8905752024655,5.555555555555555,0,0,68,11,641.9000000000001,23.47926199261993,665.3792619926201,-1072.0,-64.19,-1136.19,190,28,29,18,23,final_dqn_seed123.csv
train,0.1,335,-1,0.3969999999999999,239.4111973577123,4.166666666666666,0,0,25,4,740.8000000000001,23.47926199261993,764.27926199262,-740.0,-74.07999999999998,-814.0799999999999,191,22,17,26,32,final_dqn_seed123.csv
train,0.1,336,-1,0.3952,143.84967818567583,78.125,3,1,0,0,663.0,23.47926199261993,686.47926199262,33.0,-66.3,-33.3,195,24,20,23,26,final_dqn_seed123.csv
train,0.1,337,-1,0.3933999999999999,102.43698942925438,78.81944444444444,40,4,0,0,585.4,23.47926199261993,608.87926199262,-678.0,-58.54,-736.54,206,21,16,23,22,final_dqn_seed123.csv
train,0.1,338,-1,0.3915999999999999,141.3684805127786,77.43055555555556,2,1,0,0,559.8000000000001,23.47926199261993,583.27926199262,30.0,-55.98,-25.98,205,25,14,26,18,final_dqn_seed123.csv
train,0.1,339,-1,0.3897999999999999,344.8748040321456,4.513888888888888,0,0,233,1,938.8,23.47926199261993,962.27926199262,-2401.0,-93.88,-2494.88,160,45,19,16,48,final_dqn_seed123.csv
train,0.1,340,-1,0.3879999999999999,131.06559455098125,70.13888888888889,16,2,0,0,586.3,23.47926199261993,609.7792619926199,-294.0,-58.63,-352.63,201,28,19,17,23,final_dqn_seed123.csv
train,0.1,341,-1,0.3862,86.85114889278424,50.69444444444444,86,8,0,0,585.4000000000001,23.47926199261993,608.8792619926201,-1854.0,-58.53999999999999,-1912.54,200,20,27,23,18,final_dqn_seed123.csv
train,0.1,342,-1,0.3843999999999999,126.94429732355071,74.30555555555556,20,5,0,0,673.0,23.47926199261993,696.47926199262,-369.0,-67.3,-436.3,190,31,18,23,26,final_dqn_seed123.csv
train,0.1,343,-1,0.3825999999999999,107.33824634308154,65.27777777777779,38,11,0,0,662.7,23.47926199261993,686.17926199262,-873.0,-66.27,-939.27,178,38,30,23,19,final_dqn_seed123.csv
train,0.1,344,-1,0.3808,183.663503543101,51.388888888888886,0,0,0,0,728.5,23.47926199261993,751.97926199262,-132.0,-72.85,-204.85,180,29,27,27,25,final_dqn_seed123.csv
train,0.1,345,-1,0.379,71.6230518824417,21.180555555555557,130,17,0,0,702.1,23.47926199261993,725.57926199262,-3024.0,-70.21,-3094.21,185,33,23,18,29,final_dqn_seed123.csv
train,0.1,346,-1,0.3772,113.22495775904191,34.375,110,5,0,0,892.4000000000001,23.47926199261993,915.87926199262,-2304.0,-89.24,-2393.24,172,31,20,21,44,final_dqn_seed123.csv
train,0.1,347,-1,0.3754,92.5308752537839,52.43055555555556,83,11,0,0,646.7,23.47926199261993,670.17926199262,-1779.0,-64.66999999999999,-1843.67,192,18,32,27,19,final_dqn_seed123.csv
train,0.1,348,-1,0.3736,207.19503787205187,31.59722222222222,0,0,3,1,544.2,23.47926199261993,567.67926199262,-327.0,-54.42,-381.42,209,19,19,23,18,final_dqn_seed123.csv
train,0.1,349,-1,0.3718,132.1996380204258,99.6527777777778,0,0,0,0,635.5,23.47926199261993,658.97926199262,282.0,-63.55,218.45,198,19,25,23,23,final_dqn_seed123.csv
eval,0.1,349,0,0.0,115.92034253196532,63.888888888888886,79,1,0,0,0.0,23.47926199261993,23.47926199261993,-1455.0,0.0,-1455.0,288,0,0,0,0,final_dqn_seed123.csv
eval,0.1,349,1,0.0,192.14773909325868,51.388888888888886,0,0,2,2,0.0,23.47926199261993,23.47926199261993,-148.0,0.0,-148.0,288,0,0,0,0,final_dqn_seed123.csv
eval,0.1,349,2,0.0,252.72818464056863,22.22222222222222,0,0,95,2,0.0,23.47926199261993,23.47926199261993,-1144.0,0.0,-1144.0,288,0,0,0,0,final_dqn_seed123.csv
eval,0.1,349,3,0.0,150.32041709082836,81.59722222222221,0,0,0,0,0.0,23.47926199261993,23.47926199261993,117.0,0.0,117.0,288,0,0,0,0,final_dqn_seed123.csv
eval,0.1,349,4,0.0,116.85951758530824,27.08333333333333,96,9,0,0,0.0,23.47926199261993,23.47926199261993,-2184.0,0.0,-2184.0,288,0,0,0,0,final_dqn_seed123.csv
train,0.1,350,-1,0.37,98.0857223287679,33.68055555555556,84,14,0,0,629.9,23.47926199261993,653.37926199262,-2004.0,-62.99000000000001,-2066.99,191,26,27,25,19,final_dqn_seed123.csv
train,0.1,351,-1,0.3681999999999999,86.14470407953819,41.31944444444444,105,14,0,0,644.7,23.47926199261993,668.17926199262,-2301.0,-64.47,-2365.4700000000003,198,27,15,21,27,final_dqn_seed123.csv
train,0.1,352,-1,0.3664,94.16863992133328,67.01388888888889,45,8,0,0,540.0,23.47926199261993,563.47926199262,-957.0,-54.0,-1011.0,207,21,19,25,16,final_dqn_seed123.csv
train,0.1,353,-1,0.3646,94.56195684566472,60.41666666666666,90,7,0,0,771.1,23.47926199261993,794.57926199262,-1746.0,-77.10999999999999,-1823.11,180,28,24,25,31,final_dqn_seed123.csv
train,0.1,354,-1,0.3628,150.68770926016992,81.25,0,0,0,0,630.8000000000001,23.47926199261993,654.27926199262,126.0,-63.08,62.92,192,20,36,20,20,final_dqn_seed123.csv
train,0.1,355,-1,0.361,223.5864232424788,6.944444444444445,0,0,0,0,739.3,23.47926199261993,762.7792619926199,-516.0,-73.93,-589.9300000000001,186,19,24,34,25,final_dqn_seed123.csv
train,0.1,356,-1,0.3591999999999999,95.37110732408688,55.208333333333336,84,6,0,0,732.0,23.47926199261993,755.47926199262,-1731.0,-73.19999999999999,-1804.2,174,28,35,31,20,final_dqn_seed123.csv
train,0.1,357,-1,0.3574,155.51147619068828,73.95833333333334,0,0,0,0,536.9000000000001,23.47926199261993,560.3792619926201,63.0,-53.69,9.31000000000001,211,21,18,17,21,final_dqn_seed123.csv
train,0.1,358,-1,0.3556,185.2711039033653,52.43055555555556,0,0,0,0,591.8,23.47926199261993,615.2792619926199,-123.0,-59.18,-182.18,205,16,25,20,22,final_dqn_seed123.csv
train,0.1,359,-1,0.3538,194.05269557574644,38.54166666666667,0,0,0,0,588.5,23.47926199261993,611.97926199262,-243.0,-58.85,-301.85,206,24,15,18,25,final_dqn_seed123.csv
train,0.1,360,-1,0.352,195.4306488802746,39.93055555555556,0,0,10,2,854.5,23.47926199261993,877.97926199262,-311.0,-85.45,-396.45,169,26,38,18,37,final_dqn_seed123.csv
train,0.1,361,-1,0.3501999999999999,176.0959420715835,54.16666666666666,0,0,0,0,687.8,23.47926199261993,711.2792619926199,-108.0,-68.78,-176.78,183,25,35,23,22,final_dqn_seed123.csv
train,0.1,362,-1,0.3484,107.60312386861666,83.68055555555556,40,3,0,0,595.9,23.47926199261993,619.37926199262,-594.0,-59.58999999999999,-653.5900000000001,200,20,25,24,19,final_dqn_seed123.csv
train,0.1,363,-1,0.3466,78.27667814805947,47.56944444444444,116,5,0,0,586.0,23.47926199261993,609.47926199262,-2358.0,-58.6,-2416.6,208,18,19,19,24,final_dqn_seed123.csv
train,0.1,364,-1,0.3448,108.70806249448464,39.23611111111111,98,6,0,0,641.7,23.47926199261993,665.17926199262,-2076.0,-64.17000000000002,-2140.17,198,25,16,24,25,final_dqn_seed123.csv
train,0.1,365,-1,0.3429999999999999,116.32100022847897,88.54166666666666,17,3,0,0,579.9000000000001,23.47926199261993,603.3792619926201,-165.0,-57.99,-222.99,204,24,20,17,23,final_dqn_seed123.csv
train,0.1,366,-1,0.3411999999999999,250.4922929725799,20.48611111111111,0,0,91,3,1089.4,23.47926199261993,1112.8792619926198,-1127.0,-108.94,-1235.94,146,25,27,48,42,final_dqn_seed123.csv
train,0.1,367,-1,0.3394,150.44141171475545,41.66666666666667,32,4,0,0,639.4,23.47926199261993,662.87926199262,-843.0,-63.94,-906.94,189,18,41,22,18,final_dqn_seed123.csv
train,0.1,368,-1,0.3376,93.67600010825304,66.31944444444444,72,9,0,0,574.7,23.47926199261993,598.17926199262,-1374.0,-57.47,-1431.4699999999998,212,13,19,21,23,final_dqn_seed123.csv
train,0.1,369,-1,0.3358,292.45047251190203,17.708333333333336,0,0,178,1,518.0,23.47926199261993,541.47926199262,-1847.0,-51.8,-1898.8,193,39,27,17,12,final_dqn_seed123.csv
train,0.1,370,-1,0.3339999999999999,144.54551680284806,90.2777777777778,0,0,0,0,523.0999999999999,23.47926199261993,546.5792619926199,204.0,-52.31,151.69,206,28,21,14,19,final_dqn_seed123.csv
train,0.1,371,-1,0.3321999999999999,121.9394749244411,61.80555555555556,73,5,0,0,637.8,23.47926199261993,661.2792619926199,-1404.0,-63.78,-1467.78,199,13,30,24,22,final_dqn_seed123.csv
train,0.1,372,-1,0.3304,219.9539977703316,19.444444444444446,0,0,1,1,570.0,23.47926199261993,593.47926199262,-416.0,-57.0,-473.0,210,17,21,16,24,final_dqn_seed123.csv
train,0.1,373,-1,0.3286,255.116474804022,8.333333333333332,0,0,8,5,651.6,23.47926199261993,675.07926199262,-568.0,-65.16,-633.16,179,45,21,23,20,final_dqn_seed123.csv
train,0.1,374,-1,0.3268,108.71695848301998,83.68055555555556,34,2,0,0,687.8,23.47926199261993,711.2792619926199,-504.0,-68.78,-572.78,184,31,22,29,22,final_dqn_seed123.csv
train,0.1,375,-1,0.3249999999999999,97.51202135430746,65.625,77,2,0,0,687.0,23.47926199261993,710.47926199262,-1458.0,-68.69999999999999,-1526.6999999999998,181,33,27,25,22,final_dqn_seed123.csv
train,0.1,376,-1,0.3231999999999999,120.38763783798429,82.29166666666666,26,5,0,0,985.3,23.47926199261993,1008.77926199262,-408.0,-98.53,-506.53,113,39,86,33,17,final_dqn_seed123.csv
train,0.1,377,-1,0.3214,128.00022485898538,88.88888888888889,6,2,0,0,1136.0,23.47926199261993,1159.47926199262,30.0,-113.6,-83.60000000000001,89,65,79,23,32,final_dqn_seed123.csv
train,0.1,378,-1,0.3196,231.9607390483804,27.77777777777778,0,0,68,3,1308.3000000000002,23.47926199261993,1331.77926199262,-880.0,-130.82999999999998,-1010.8300000000002,121,20,34,66,47,final_dqn_seed123.csv
train,0.1,379,-1,0.3177999999999999,217.37330416576623,30.20833333333333,0,0,10,5,1767.4999999999998,23.47926199261993,1790.9792619926195,-395.0,-176.75,-571.75,58,55,58,26,91,final_dqn_seed123.csv
train,0.1,380,-1,0.3159999999999999,67.42633283165293,29.166666666666668,168,9,0,0,1677.2,23.47926199261993,1700.67926199262,-3456.0,-167.72,-3623.72,66,47,63,32,80,final_dqn_seed123.csv
train,0.1,381,-1,0.3141999999999999,112.07225393803084,74.65277777777779,44,5,0,0,1785.6999999999998,23.47926199261993,1809.17926199262,-807.0,-178.57,-985.5700000000002,77,43,38,29,101,final_dqn_seed123.csv
train,0.1,382,-1,0.3124,283.8810876130294,14.23611111111111,0,0,158,1,1931.1,23.47926199261993,1954.57926199262,-1717.0,-193.11,-1910.11,74,30,34,39,111,final_dqn_seed123.csv
train,0.1,383,-1,0.3106,171.1179492572295,71.18055555555556,0,0,0,0,1053.5,23.47926199261993,1076.97926199262,39.0,-105.35,-66.35,130,46,42,31,39,final_dqn_seed123.csv
train,0.1,384,-1,0.3087999999999999,121.86611332416796,95.48611111111111,1,1,0,0,1454.1,23.47926199261993,1477.57926199262,204.0,-145.41,58.59,90,53,34,50,61,final_dqn_seed123.csv
train,0.1,385,-1,0.3069999999999999,170.84850930433052,60.06944444444444,0,0,0,0,1733.5,23.47926199261993,1756.97926199262,-57.0,-173.35000000000002,-230.35,52,57,55,49,75,final_dqn_seed123.csv
train,0.1,386,-1,0.3051999999999999,208.68271987728676,25.34722222222222,0,0,0,0,1330.1,23.47926199261993,1353.57926199262,-357.0,-133.01,-490.01,105,44,39,47,53,final_dqn_seed123.csv
train,0.1,387,-1,0.3034,89.83844762737596,61.80555555555556,66,7,0,0,980.1,23.47926199261993,1003.57926199262,-1362.0,-98.01,-1460.01,131,32,72,24,29,final_dqn_seed123.csv
train,0.1,388,-1,0.3016,119.68695947465784,42.36111111111111,71,10,0,0,1221.5,23.47926199261993,1244.97926199262,-1617.0,-122.15,-1739.1500000000003,93,62,62,28,43,final_dqn_seed123.csv
train,0.1,389,-1,0.2997999999999999,111.86764259808731,80.90277777777779,34,6,0,0,1138.7,23.47926199261993,1162.17926199262,-552.0,-113.87,-665.87,149,18,29,41,51,final_dqn_seed123.csv
train,0.1,390,-1,0.2979999999999999,206.6904643795176,34.72222222222222,0,0,4,2,1371.6,23.47926199261993,1395.07926199262,-308.0,-137.16,-445.16,88,63,36,49,52,final_dqn_seed123.csv
train,0.1,391,-1,0.2961999999999999,151.44074557044573,64.23611111111111,0,0,0,0,1094.0,23.47926199261993,1117.47926199262,-60.0,-109.4,-169.40000000000003,92,83,62,15,36,final_dqn_seed123.csv
train,0.1,392,-1,0.2944,150.52588924888383,74.65277777777779,0,0,0,0,1359.7999999999995,23.47926199261993,1383.2792619926197,69.0,-135.98,-66.97999999999999,91,40,61,50,46,final_dqn_seed123.csv
train,0.1,393,-1,0.2925999999999999,137.1424667069133,68.40277777777779,24,5,0,0,1081.6,23.47926199261993,1105.07926199262,-480.0,-108.16,-588.16,119,58,36,39,36,final_dqn_seed123.csv
train,0.1,394,-1,0.2907999999999999,106.14974338494385,73.26388888888889,47,8,0,0,1384.0,23.47926199261993,1407.47926199262,-846.0,-138.4,-984.4,106,29,62,27,64,final_dqn_seed123.csv
train,0.1,395,-1,0.2889999999999999,279.2368870831956,5.902777777777778,0,0,130,4,1705.6999999999998,23.47926199261993,1729.1792619926198,-1565.0,-170.57,-1735.5700000000002,47,85,41,34,81,final_dqn_seed123.csv
train,0.1,396,-1,0.2871999999999999,190.68004790273596,30.55555555555556,0,0,0,0,1160.6999999999998,23.47926199261993,1184.1792619926198,-312.0,-116.07,-428.0700000000001,76,94,54,33,31,final_dqn_seed123.csv
train,0.1,397,-1,0.2854,196.4014162722946,39.93055555555556,0,0,0,0,1844.4,23.47926199261993,1867.87926199262,-231.0,-184.44,-415.44,54,44,48,58,84,final_dqn_seed123.csv
train,0.1,398,-1,0.2835999999999999,110.4605545024174,55.208333333333336,50,4,0,0,1282.9,23.47926199261993,1306.37926199262,-1131.0,-128.29000000000002,-1259.2900000000002,126,27,42,32,61,final_dqn_seed123.csv
train,0.1,399,-1,0.2817999999999999,160.57987697328747,62.5,0,0,0,0,989.8,23.47926199261993,1013.27926199262,-36.0,-98.98,-134.98,109,67,49,45,18,final_dqn_seed123.csv
eval,0.1,399,0,0.0,143.94197543613203,100.0,0,0,0,0,300.00000000000006,23.47926199261993,323.47926199262,288.0,-30.0,258.0,186,99,0,3,0,final_dqn_seed123.csv
eval,0.1,399,1,0.0,230.86108783116697,9.027777777777777,0,0,13,3,432.80000000000007,23.47926199261993,456.27926199262,-602.0,-43.28,-645.28,141,142,1,4,0,final_dqn_seed123.csv
eval,0.1,399,2,0.0,169.5606909728923,69.79166666666666,0,0,0,0,408.4,23.47926199261993,431.8792619926199,27.0,-40.84,-13.839999999999996,149,135,0,4,0,final_dqn_seed123.csv
eval,0.1,399,3,0.0,194.1680680558398,34.375,0,0,0,0,167.2,23.47926199261993,190.67926199261996,-279.0,-16.72,-295.72,235,45,7,1,0,final_dqn_seed123.csv
eval,0.1,399,4,0.0,76.11904851581939,34.72222222222222,145,13,0,0,806.0,23.47926199261993,829.47926199262,-3009.0,-80.6,-3089.6000000000004,114,128,7,15,24,final_dqn_seed123.csv
train,0.1,400,-1,0.2799999999999999,116.91235370120178,72.56944444444444,56,6,0,0,986.7999999999998,23.47926199261993,1010.2792619926198,-1008.0,-98.68,-1106.68,108,80,48,24,28,final_dqn_seed123.csv
train,0.1,401,-1,0.2781999999999999,221.023459866761,38.19444444444444,0,0,44,6,1384.1,23.47926199261993,1407.57926199262,-598.0,-138.41000000000005,-736.4100000000001,104,18,74,35,57,final_dqn_seed123.csv
train,0.1,402,-1,0.2764,154.67408481943664,38.88888888888889,57,1,3,1,1619.9,23.47926199261993,1643.37926199262,-1308.0,-161.99,-1469.9899999999998,92,29,49,35,83,final_dqn_seed123.csv
train,0.1,403,-1,0.2745999999999999,232.3267891841914,24.305555555555557,0,0,56,8,1369.9,23.47926199261993,1393.3792619926198,-814.0,-136.98999999999998,-950.99,98,43,42,54,51,final_dqn_seed123.csv
train,0.1,404,-1,0.2727999999999999,101.0975886455988,75.34722222222221,60,2,0,0,1119.0,23.47926199261993,1142.47926199262,-1038.0,-111.9,-1149.9,111,41,49,65,22,final_dqn_seed123.csv
train,0.1,405,-1,0.2709999999999999,181.72527271500363,56.59722222222222,0,0,0,0,1375.9,23.47926199261993,1399.37926199262,-87.0,-137.59,-224.59000000000003,63,82,68,24,51,final_dqn_seed123.csv
train,0.1,406,-1,0.2691999999999999,255.1461096781125,8.333333333333332,0,0,102,10,1103.5,23.47926199261993,1126.97926199262,-1320.0,-110.35,-1430.35,111,61,57,16,43,final_dqn_seed123.csv
train,0.1,407,-1,0.2674000000000001,135.19532316070297,96.5277777777778,0,0,0,0,1148.0,23.47926199261993,1171.47926199262,237.0,-114.8,122.20000000000002,86,55,86,37,24,final_dqn_seed123.csv
train,0.1,408,-1,0.2656,161.1775453904579,64.93055555555556,10,2,0,0,1210.2,23.47926199261993,1233.67926199262,-216.0,-121.02,-337.02,116,38,50,38,46,final_dqn_seed123.csv
train,0.1,409,-1,0.2638,203.65456895958636,24.65277777777778,0,0,15,2,1351.9,23.47926199261993,1375.37926199262,-483.0,-135.19,-618.19,122,21,42,40,63,final_dqn_seed123.csv
train,0.1,410,-1,0.262,149.96056624351093,36.11111111111111,53,3,0,0,1323.7,23.47926199261993,1347.17926199262,-1242.0,-132.37,-1374.37,86,41,49,87,25,final_dqn_seed123.csv
train,0.1,411,-1,0.2602,89.21389118300141,65.625,47,6,0,0,1554.0,23.47926199261993,1577.47926199262,-1011.0,-155.4,-1166.4,68,31,59,90,40,final_dqn_seed123.csv
train,0.1,412,-1,0.2584000000000001,119.52546723958032,96.875,2,1,0,0,1190.4,23.47926199261993,1213.87926199262,204.0,-119.04,84.96000000000001,116,29,69,30,44,final_dqn_seed123.csv
train,0.1,413,-1,0.2566,68.052409079102,21.875,173,11,0,0,1831.5,23.47926199261993,1854.97926199262,-3657.0,-183.15,-3840.150000000001,51,44,17,117,59,final_dqn_seed123.csv
train,0.1,414,-1,0.2548,115.25968966172933,53.125,77,9,0,0,1456.5,23.47926199261993,1479.97926199262,-1569.0,-145.65,-1714.6500000000003,86,46,49,50,57,final_dqn_seed123.csv
train,0.1,415,-1,0.253,89.05050882451263,53.81944444444444,96,9,0,0,1141.1999999999998,23.47926199261993,1164.6792619926198,-1950.0,-114.12,-2064.1200000000003,109,62,21,68,28,final_dqn_seed123.csv
train,0.1,416,-1,0.2512,118.9114953693021,78.125,35,2,0,0,1063.0,23.47926199261993,1086.47926199262,-609.0,-106.3,-715.3,148,18,36,48,38,final_dqn_seed123.csv
train,0.1,417,-1,0.2494,101.96518802212984,49.30555555555556,105,5,0,0,1723.6999999999998,23.47926199261993,1747.1792619926198,-2106.0,-172.37,-2278.3699999999994,69,33,57,52,77,final_dqn_seed123.csv
train,0.1,418,-1,0.2476,183.26177746402468,43.75,0,0,0,0,456.3,23.47926199261993,479.7792619926199,-198.0,-45.63,-243.63,200,38,23,20,7,final_dqn_seed123.csv
train,0.1,419,-1,0.2458,91.64574886577736,63.54166666666666,66,5,0,0,749.7,23.47926199261993,773.17926199262,-1332.0,-74.97,-1406.97,167,51,17,28,25,final_dqn_seed123.csv
train,0.1,420,-1,0.244,158.71473375137776,63.19444444444444,0,0,0,0,909.8,23.47926199261993,933.27926199262,-30.0,-90.98,-120.98000000000005,178,17,32,11,50,final_dqn_seed123.csv
train,0.1,421,-1,0.2421999999999999,124.74871215131296,22.916666666666664,83,8,0,0,966.3,23.47926199261993,989.77926199262,-1971.0,-96.63,-2067.63,159,27,34,25,43,final_dqn_seed123.csv
train,0.1,422,-1,0.2404,131.96864553111234,47.56944444444444,54,5,0,0,493.7000000000001,23.47926199261993,517.17926199262,-1197.0,-49.36999999999999,-1246.37,220,14,14,23,17,final_dqn_seed123.csv
train,0.1,423,-1,0.2386,76.54060061575696,37.15277777777778,123,12,0,0,505.7,23.47926199261993,529.1792619926199,-2643.0,-50.57,-2693.57,213,22,15,21,17,final_dqn_seed123.csv
train,0.1,424,-1,0.2368,155.7691105481325,66.31944444444444,0,0,0,0,359.6,23.47926199261993,383.07926199261993,-6.0,-35.96,-41.96000000000001,223,21,26,10,8,final_dqn_seed123.csv
train,0.1,425,-1,0.235,287.7094639576045,12.152777777777777,0,0,154,4,482.5,23.47926199261993,505.9792619926199,-1703.0,-48.25,-1751.25,214,27,12,18,17,final_dqn_seed123.csv
train,0.1,426,-1,0.2331999999999999,112.00190407002988,84.02777777777779,27,3,0,0,476.5,23.47926199261993,499.9792619926199,-393.0,-47.650000000000006,-440.65,222,15,13,21,17,final_dqn_seed123.csv
train,0.1,427,-1,0.2314,101.65976206610938,56.94444444444444,52,6,0,0,429.3,23.47926199261993,452.7792619926199,-1191.0,-42.93,-1233.9299999999998,223,11,20,25,9,final_dqn_seed123.csv
train,0.1,428,-1,0.2296,181.76756585573204,34.72222222222222,3,2,0,0,547.5,23.47926199261993,570.97926199262,-354.0,-54.75,-408.75,220,13,14,14,27,final_dqn_seed123.csv
train,0.1,429,-1,0.2278,166.61819132295403,31.944444444444443,46,5,0,0,714.9000000000001,23.47926199261993,738.3792619926201,-1170.0,-71.49,-1241.4900000000002,176,16,58,17,21,final_dqn_seed123.csv
train,0.1,430,-1,0.2259999999999999,146.18775426338686,94.79166666666666,0,0,0,0,482.2000000000001,23.47926199261993,505.67926199262,243.0,-48.22,194.78,208,23,30,13,14,final_dqn_seed123.csv
train,0.1,431,-1,0.2241999999999999,119.64312528643028,74.30555555555556,23,6,0,0,330.5,23.47926199261993,353.9792619926199,-480.0,-33.05,-513.05,244,10,7,14,13,final_dqn_seed123.csv
train,0.1,432,-1,0.2224,237.30217812273168,26.041666666666668,0,0,64,6,467.2,23.47926199261993,490.6792619926199,-863.0,-46.72,-909.72,222,20,13,13,20,final_dqn_seed123.csv
train,0.1,433,-1,0.2206,173.263578849314,59.375,0,0,0,0,534.4,23.47926199261993,557.87926199262,-63.0,-53.44,-116.44,207,21,21,23,16,final_dqn_seed123.csv
train,0.1,434,-1,0.2188,165.91028118257816,63.19444444444444,1,1,0,0,384.5,23.47926199261993,407.9792619926199,-63.0,-38.45,-101.44999999999996,229,19,13,14,13,final_dqn_seed123.csv
train,0.1,435,-1,0.2169999999999999,228.2856494326281,12.84722222222222,0,0,2,2,607.4000000000001,23.47926199261993,630.8792619926201,-481.0,-60.74000000000001,-541.74,196,20,37,13,22,final_dqn_seed123.csv
train,0.1,436,-1,0.2151999999999999,148.696739844852,87.84722222222221,0,0,0,0,411.0,23.47926199261993,434.4792619926199,171.0,-41.1,129.9,214,26,27,11,10,final_dqn_seed123.csv
train,0.1,437,-1,0.2134,235.971411173936,12.152777777777777,0,0,40,4,463.19999999999993,23.47926199261993,486.67926199261984,-791.0,-46.32,-837.32,201,43,18,14,12,final_dqn_seed123.csv
train,0.1,438,-1,0.2116,157.42766393210826,56.59722222222222,4,3,1,1,381.6,23.47926199261993,405.07926199261993,-263.0,-38.16,-301.16,231,9,17,23,8,final_dqn_seed123.csv
train,0.1,439,-1,0.2098,166.29849750671548,61.80555555555556,0,0,0,0,456.5,23.47926199261993,479.9792619926199,-42.0,-45.650000000000006,-87.65,200,47,11,21,9,final_dqn_seed123.csv
train,0.1,440,-1,0.2079999999999999,189.1702962018624,39.58333333333333,0,0,0,0,974.9,23.47926199261993,998.37926199262,-234.0,-97.49,-331.49,135,53,13,66,21,final_dqn_seed123.csv
train,0.1,441,-1,0.2061999999999999,197.1521724517412,38.19444444444444,0,0,0,0,889.6999999999999,23.47926199261993,913.17926199262,-246.0,-88.97,-334.97,122,33,92,32,9,final_dqn_seed123.csv
train,0.1,442,-1,0.2044,185.1635212377912,54.16666666666666,0,0,0,0,981.4,23.47926199261993,1004.87926199262,-108.0,-98.14,-206.14,115,40,68,55,10,final_dqn_seed123.csv
train,0.1,443,-1,0.2026,190.9453641232436,55.55555555555556,0,0,12,2,809.2,23.47926199261993,832.67926199262,-192.0,-80.92,-272.92,137,53,58,24,16,final_dqn_seed123.csv
train,0.1,444,-1,0.2007999999999999,192.71004097788148,52.77777777777778,0,0,23,5,1668.6,23.47926199261993,1692.07926199262,-307.0,-166.86,-473.86,81,37,46,42,82,final_dqn_seed123.csv
train,0.1,445,-1,0.1989999999999999,129.82770577063815,52.77777777777778,57,7,0,0,870.9000000000001,23.47926199261993,894.3792619926201,-1224.0,-87.09,-1311.09,138,53,49,23,25,final_dqn_seed123.csv
train,0.1,446,-1,0.1971999999999999,214.54211467843615,16.666666666666664,0,0,0,0,1123.5,23.47926199261993,1146.97926199262,-432.0,-112.35,-544.3499999999999,97,79,57,12,43,final_dqn_seed123.csv
train,0.1,447,-1,0.1954,262.301234035094,27.43055555555556,0,0,112,5,628.8,23.47926199261993,652.2792619926199,-1235.0,-62.88,-1297.88,180,33,40,19,16,final_dqn_seed123.csv
train,0.1,448,-1,0.1936,104.42142509415014,65.27777777777779,55,6,0,0,761.7,23.47926199261993,785.17926199262,-1134.0,-76.17000000000002,-1210.1700000000003,167,38,42,12,29,final_dqn_seed123.csv
train,0.1,449,-1,0.1917999999999999,181.19598192801848,45.13888888888889,0,0,0,0,1748.9999999999998,23.47926199261993,1772.4792619926195,-186.0,-174.89999999999998,-360.9,37,59,85,33,74,final_dqn_seed123.csv
eval,0.1,449,0,0.0,125.44439052709498,42.70833333333333,94,2,0,0,1660.5,23.47926199261993,1683.97926199262,-1920.0,-166.05,-2086.05,39,33,147,0,69,final_dqn_seed123.csv
eval,0.1,449,1,0.0,128.41348218232008,97.91666666666666,0,0,0,0,1771.8999999999996,23.47926199261993,1795.3792619926196,261.0,-177.19,83.81,35,10,168,0,75,final_dqn_seed123.csv
eval,0.1,449,2,0.0,126.10352807136124,96.18055555555556,0,0,0,0,1853.7,23.47926199261993,1877.17926199262,249.0,-185.37,63.63,34,10,159,0,85,final_dqn_seed123.csv
eval,0.1,449,3,0.0,146.50074487116322,81.59722222222221,0,0,0,0,1844.8,23.47926199261993,1868.27926199262,123.0,-184.48,-61.48000000000001,4,21,195,0,68,final_dqn_seed123.csv
eval,0.1,449,4,0.0,74.04488778265733,49.30555555555556,122,6,0,0,570.4,23.47926199261993,593.87926199262,-2418.0,-57.04,-2475.0399999999995,207,17,36,0,28,final_dqn_seed123.csv
train,0.1,450,-1,0.1899999999999999,85.1940310049074,59.72222222222222,89,7,0,0,866.8,23.47926199261993,890.2792619926199,-1743.0,-86.68,-1829.68,155,30,49,26,28,final_dqn_seed123.csv
train,0.1,451,-1,0.1881999999999999,92.51167951960956,59.375,96,3,0,0,758.2,23.47926199261993,781.67926199262,-1854.0,-75.82,-1929.82,124,81,53,20,10,final_dqn_seed123.csv
train,0.1,452,-1,0.1864,189.371210136394,36.45833333333333,0,0,0,0,1136.8,23.47926199261993,1160.27926199262,-261.0,-113.68,-374.68,109,39,83,17,40,final_dqn_seed123.csv
train,0.1,453,-1,0.1846,152.7914922719243,62.15277777777778,0,0,0,0,1818.7,23.47926199261993,1842.17926199262,-63.0,-181.87,-244.87,71,22,47,65,83,final_dqn_seed123.csv
train,0.1,454,-1,0.1827999999999999,220.941981120851,26.041666666666668,0,0,3,3,880.5,23.47926199261993,903.97926199262,-375.0,-88.04999999999998,-463.05,141,27,68,35,17,final_dqn_seed123.csv
train,0.1,455,-1,0.1809999999999999,98.10077464250364,60.41666666666666,91,6,0,0,1352.0,23.47926199261993,1375.47926199262,-1761.0,-135.2,-1896.2000000000005,113,52,15,44,64,final_dqn_seed123.csv
train,0.1,456,-1,0.1791999999999999,91.9561910897112,51.04166666666666,86,10,0,0,1354.6999999999998,23.47926199261993,1378.1792619926198,-1848.0,-135.47,-1983.47,99,37,55,46,51,final_dqn_seed123.csv
train,0.1,457,-1,0.1774,145.07859510739956,79.51388888888889,0,0,0,0,1207.5,23.47926199261993,1230.97926199262,102.0,-120.75,-18.749999999999996,91,43,63,72,19,final_dqn_seed123.csv
train,0.1,458,-1,0.1755999999999999,114.83696077026244,90.9722222222222,14,2,0,0,1470.1,23.47926199261993,1493.57926199262,-72.0,-147.01,-219.01,50,43,63,123,9,final_dqn_seed123.csv
train,0.1,459,-1,0.1737999999999999,137.99068564712874,61.458333333333336,23,2,0,0,757.4000000000001,23.47926199261993,780.8792619926201,-522.0,-75.74000000000001,-597.74,171,26,34,39,18,final_dqn_seed123.csv
train,0.1,460,-1,0.1719999999999999,161.15063673848198,65.625,0,0,0,0,1345.0,23.47926199261993,1368.47926199262,-18.0,-134.5,-152.5,82,48,56,68,34,final_dqn_seed123.csv
train,0.1,461,-1,0.1701999999999999,152.9951576189184,79.16666666666666,0,0,0,0,1110.9,23.47926199261993,1134.37926199262,108.0,-111.09,-3.0900000000000176,86,62,82,37,21,final_dqn_seed123.csv
train,0.1,462,-1,0.1684,165.33078154887846,69.09722222222221,0,0,0,0,1302.5,23.47926199261993,1325.97926199262,21.0,-130.24999999999997,-109.25000000000004,80,38,99,34,37,final_dqn_seed123.csv
train,0.1,463,-1,0.1665999999999999,234.16193412148695,22.22222222222222,0,0,22,7,1127.4,23.47926199261993,1150.87926199262,-560.0,-112.74,-672.7399999999999,98,54,52,66,18,final_dqn_seed123.csv
train,0.1,464,-1,0.1647999999999999,94.55885316533649,55.55555555555556,83,7,0,0,1291.6,23.47926199261993,1315.07926199262,-1710.0,-129.16,-1839.16,83,31,63,99,12,final_dqn_seed123.csv
train,0.1,465,-1,0.1629999999999999,82.25964080269164,46.52777777777778,110,7,0,0,1326.9,23.47926199261993,1350.3792619926198,-2286.0,-132.69,-2418.69,83,34,68,78,25,final_dqn_seed123.csv
train,0.1,466,-1,0.1611999999999999,128.29460029784616,81.25,17,6,0,0,1203.9,23.47926199261993,1227.37926199262,-264.0,-120.39,-384.39,86,40,97,38,27,final_dqn_seed123.csv
train,0.1,467,-1,0.1594,160.94677974958137,69.09722222222221,0,0,0,0,787.4000000000001,23.47926199261993,810.8792619926201,21.0,-78.74,-57.74000000000001,129,60,65,24,10,final_dqn_seed123.csv
train,0.1,468,-1,0.1575999999999999,138.5372032273466,91.31944444444444,0,0,0,0,552.7,23.47926199261993,576.17926199262,192.0,-55.27,136.73,176,53,28,24,7,final_dqn_seed123.csv
train,0.1,469,-1,0.1558,81.16140041706433,48.26388888888889,104,10,0,0,728.1,23.47926199261993,751.57926199262,-2166.0,-72.81,-2238.8100000000004,157,41,41,40,9,final_dqn_seed123.csv
train,0.1,470,-1,0.154,152.01368769175147,86.80555555555556,0,0,0,0,935.9,23.47926199261993,959.37926199262,174.0,-93.59,80.40999999999998,117,80,40,24,27,final_dqn_seed123.csv
train,0.1,471,-1,0.1522,227.22422906770825,14.930555555555555,0,0,12,3,1450.9,23.47926199261993,1474.37926199262,-543.0,-145.09,-688.0899999999999,100,25,28,90,45,final_dqn_seed123.csv
train,0.1,472,-1,0.1503999999999999,319.6994514827921,3.8194444444444446,0,0,212,4,1869.4,23.47926199261993,1892.87926199262,-2239.0,-186.94,-2425.94,53,8,72,89,66,final_dqn_seed123.csv
train,0.1,473,-1,0.1486,206.39227287298112,28.125,0,0,7,5,1599.8999999999996,23.47926199261993,1623.3792619926196,-389.0,-159.99,-548.99,70,33,74,48,63,final_dqn_seed123.csv
train,0.1,474,-1,0.1468,78.18172310740037,39.93055555555556,119,9,0,0,1022.0,23.47926199261993,1045.47926199262,-2535.0,-102.2,-2637.2000000000003,110,73,49,24,32,final_dqn_seed123.csv
train,0.1,475,-1,0.145,84.76123913030581,46.875,104,16,0,0,1197.2,23.47926199261993,1220.67926199262,-2190.0,-119.72,-2309.7200000000003,102,62,34,54,36,final_dqn_seed123.csv
train,0.1,476,-1,0.1432,156.08068069457897,76.38888888888889,0,0,0,0,874.9,23.47926199261993,898.37926199262,84.0,-87.49000000000001,-3.489999999999995,138,37,61,35,17,final_dqn_seed123.csv
train,0.1,477,-1,0.1413999999999999,172.31009037631625,64.93055555555556,0,0,0,0,1301.9,23.47926199261993,1325.37926199262,-15.0,-130.19,-145.19000000000003,56,84,89,20,39,final_dqn_seed123.csv
train,0.1,478,-1,0.1396,71.48269614547196,28.819444444444443,165,11,0,0,1009.6,23.47926199261993,1033.07926199262,-3417.0,-100.96,-3517.9600000000005,104,67,73,16,28,final_dqn_seed123.csv
train,0.1,479,-1,0.1378,143.12185839969672,72.56944444444444,18,4,0,0,1514.8,23.47926199261993,1538.27926199262,-315.0,-151.48,-466.48,58,48,106,16,60,final_dqn_seed123.csv
train,0.1,480,-1,0.136,167.50100551066282,45.13888888888889,13,2,0,0,922.9,23.47926199261993,946.37926199262,-459.0,-92.29,-551.29,139,33,41,62,13,final_dqn_seed123.csv
train,0.1,481,-1,0.1341999999999999,219.08743152339116,37.84722222222222,0,0,62,5,1570.0,23.47926199261993,1593.47926199262,-745.0,-157.0,-902.0,81,59,33,39,76,final_dqn_seed123.csv
train,0.1,482,-1,0.1323999999999999,101.0287740723162,62.5,61,9,0,0,612.0,23.47926199261993,635.47926199262,-1239.0,-61.2,-1300.1999999999998,203,10,9,58,8,final_dqn_seed123.csv
train,0.1,483,-1,0.1306,76.0619536914574,35.41666666666667,167,5,0,0,680.0,23.47926199261993,703.47926199262,-3333.0,-68.0,-3401.0,149,51,54,30,4,final_dqn_seed123.csv
train,0.1,484,-1,0.1288,258.7801602028502,8.333333333333332,0,0,103,7,1499.6,23.47926199261993,1523.07926199262,-1328.0,-149.96,-1477.96,63,101,35,13,76,final_dqn_seed123.csv
train,0.1,485,-1,0.127,255.36317065021956,5.208333333333334,0,0,77,9,896.5,23.47926199261993,919.97926199262,-1147.0,-89.64999999999999,-1236.65,159,22,57,13,37,final_dqn_seed123.csv
train,0.1,486,-1,0.1251999999999999,297.07098156482283,20.13888888888889,0,0,177,1,920.2,23.47926199261993,943.67926199262,-1818.0,-92.02,-1910.02,187,14,9,28,50,final_dqn_seed123.csv
train,0.1,487,-1,0.1233999999999999,228.7391225300379,23.958333333333336,0,0,8,5,1964.7,23.47926199261993,1988.17926199262,-433.0,-196.47,-629.47,93,25,14,25,131,final_dqn_seed123.csv
train,0.1,488,-1,0.1216,273.5110731443104,7.638888888888889,0,0,109,15,2274.4,23.47926199261993,2297.8792619926194,-1382.0,-227.44,-1609.44,39,26,57,30,136,final_dqn_seed123.csv
train,0.1,489,-1,0.1198,126.99154291352322,87.84722222222221,16,1,0,0,839.6999999999999,23.47926199261993,863.1792619926199,-114.0,-83.97,-197.97000000000008,166,28,6,75,13,final_dqn_seed123.csv
train,0.1,490,-1,0.118,94.74683714200032,50.34722222222222,98,12,0,0,882.9000000000001,23.47926199261993,906.37926199262,-2031.0,-88.28999999999999,-2119.29,141,65,9,52,21,final_dqn_seed123.csv
train,0.1,491,-1,0.1161999999999999,82.90857295801662,43.75,120,10,0,0,879.1,23.47926199261993,902.57926199262,-2484.0,-87.91,-2571.9100000000003,137,66,23,39,23,final_dqn_seed123.csv
train,0.1,492,-1,0.1143999999999999,121.46339837768068,58.68055555555556,56,6,0,0,876.7,23.47926199261993,900.17926199262,-1140.0,-87.66999999999999,-1227.67,154,60,16,19,39,final_dqn_seed123.csv
train,0.1,493,-1,0.1126,139.81602908788676,83.68055555555556,0,0,0,0,433.0,23.47926199261993,456.4792619926199,144.0,-43.29999999999999,100.70000000000002,189,61,13,23,2,final_dqn_seed123.csv
train,0.1,494,-1,0.1108,138.51202365067772,81.59722222222221,0,0,0,0,681.8,23.47926199261993,705.2792619926199,93.0,-68.18,24.819999999999997,179,32,36,19,22,final_dqn_seed123.csv
train,0.1,495,-1,0.1089999999999999,103.89158071593762,68.40277777777779,61,4,0,0,724.1,23.47926199261993,747.57926199262,-1173.0,-72.41,-1245.41,187,6,42,32,21,final_dqn_seed123.csv
train,0.1,496,-1,0.1071999999999999,210.40032841370592,25.0,0,0,17,6,1391.3000000000002,23.47926199261993,1414.77926199262,-496.0,-139.13,-635.13,87,44,59,49,49,final_dqn_seed123.csv
train,0.1,497,-1,0.1053999999999999,86.79394623260931,61.11111111111112,58,9,0,0,1299.3,23.47926199261993,1322.77926199262,-1254.0,-129.93,-1383.93,154,16,7,34,77,final_dqn_seed123.csv
train,0.1,498,-1,0.1036,129.9026070929402,75.69444444444444,1,1,0,0,1278.1999999999998,23.47926199261993,1301.6792619926198,-12.0,-127.82,-139.82,117,59,22,24,66,final_dqn_seed123.csv
train,0.1,499,-1,0.1018,81.88942879803797,50.69444444444444,103,10,0,0,1038.1,23.47926199261993,1061.57926199262,-2109.0,-103.81,-2212.81,144,39,25,39,41,final_dqn_seed123.csv
eval,0.1,499,0,0.0,240.0066258696076,10.76388888888889,0,0,32,6,12.5,23.47926199261993,35.979261992619925,-739.0,-1.25,-740.25,287,0,0,0,1,final_dqn_seed123.csv
eval,0.1,499,1,0.0,196.40976401756927,35.76388888888889,0,0,0,0,25.0,23.47926199261993,48.479261992619925,-267.0,-2.5,-269.5,286,0,0,0,2,final_dqn_seed123.csv
eval,0.1,499,2,0.0,288.51130611639127,1.7361111111111112,0,0,133,5,12.5,23.47926199261993,35.979261992619925,-1625.0,-1.25,-1626.25,287,0,0,0,1,final_dqn_seed123.csv
eval,0.1,499,3,0.0,172.97935795844174,58.333333333333336,0,0,0,0,368.0,23.47926199261993,391.4792619926199,-72.0,-36.8,-108.8,237,0,35,0,16,final_dqn_seed123.csv
eval,0.1,499,4,0.0,71.12091077132693,28.47222222222222,162,15,0,0,862.0999999999999,23.47926199261993,885.5792619926199,-3378.0,-86.21000000000001,-3464.21,152,84,3,0,49,final_dqn_seed123.csv
train,0.1,0,-1,1.0,208.15558052482552,29.166666666666668,0,0,0,0,1640.8,23.47926199261993,1664.27926199262,-324.0,-164.07999999999998,-488.0799999999999,61,52,53,58,64,final_dqn_seed456.csv
train,0.1,1,-1,0.9982,101.5703798956714,58.68055555555556,65,11,0,0,1482.9,23.47926199261993,1506.3792619926198,-1392.0,-148.29,-1540.2900000000002,63,67,52,57,49,final_dqn_seed456.csv
train,0.1,2,-1,0.9964,109.49656084466127,80.90277777777779,10,3,0,0,1621.1,23.47926199261993,1644.57926199262,-192.0,-162.11,-354.11000000000007,62,57,54,48,67,final_dqn_seed456.csv
train,0.1,3,-1,0.9946,115.3479074674851,75.0,35,4,0,0,1612.3,23.47926199261993,1635.77926199262,-615.0,-161.23,-776.2300000000001,42,66,68,61,51,final_dqn_seed456.csv
train,0.1,4,-1,0.9928,85.92646233153694,56.59722222222222,63,13,0,0,1651.1,23.47926199261993,1674.57926199262,-1407.0,-165.11,-1572.11,55,49,69,52,63,final_dqn_seed456.csv
train,0.1,5,-1,0.991,95.71193030121889,36.80555555555556,127,9,0,0,1632.8,23.47926199261993,1656.27926199262,-2655.0,-163.28,-2818.28,56,47,71,54,60,final_dqn_seed456.csv
train,0.1,6,-1,0.9892,102.63092644883416,45.13888888888889,102,8,0,0,1704.1999999999998,23.47926199261993,1727.6792619926198,-2103.0,-170.42000000000002,-2273.42,53,50,59,60,66,final_dqn_seed456.csv
train,0.1,7,-1,0.9874,118.3916095562419,98.26388888888889,0,0,0,0,1562.9,23.47926199261993,1586.3792619926198,258.0,-156.29,101.71,50,61,69,59,49,final_dqn_seed456.csv
train,0.1,8,-1,0.9856,279.9409200882744,12.84722222222222,0,0,155,2,1507.1,23.47926199261993,1530.57926199262,-1705.0,-150.70999999999998,-1855.71,51,69,62,63,43,final_dqn_seed456.csv
train,0.1,9,-1,0.9838,99.5386664683678,64.58333333333334,71,5,0,0,1719.0,23.47926199261993,1742.47926199262,-1389.0,-171.89999999999998,-1560.9,54,50,65,45,74,final_dqn_seed456.csv
train,0.1,10,-1,0.982,122.00653254809576,38.19444444444444,66,6,0,0,1559.1,23.47926199261993,1582.57926199262,-1536.0,-155.91,-1691.91,51,71,61,50,55,final_dqn_seed456.csv
train,0.1,11,-1,0.9802,152.81346242969315,67.01388888888889,4,3,0,0,1566.6999999999998,23.47926199261993,1590.1792619926198,-96.0,-156.67,-252.67,68,46,62,53,59,final_dqn_seed456.csv
train,0.1,12,-1,0.9784,80.16283121973551,35.41666666666667,142,14,0,0,1684.8,23.47926199261993,1708.27926199262,-2955.0,-168.48,-3123.4800000000005,56,49,56,63,64,final_dqn_seed456.csv
train,0.1,13,-1,0.9766,185.28710408985464,45.13888888888889,0,0,0,0,1559.4,23.47926199261993,1582.8792619926198,-186.0,-155.94,-341.94000000000005,59,59,58,58,54,final_dqn_seed456.csv
train,0.1,14,-1,0.9748,142.17253968135867,57.638888888888886,38,6,0,0,1602.0,23.47926199261993,1625.47926199262,-822.0,-160.2,-982.2000000000002,57,60,50,65,56,final_dqn_seed456.csv
train,0.1,15,-1,0.973,204.05892265478644,36.45833333333333,0,0,1,1,1530.1,23.47926199261993,1553.57926199262,-269.0,-153.01,-422.00999999999993,62,57,55,65,49,final_dqn_seed456.csv
train,0.1,16,-1,0.9712,258.7236527528382,1.3888888888888888,0,0,71,5,1565.6999999999998,23.47926199261993,1589.1792619926198,-1132.0,-156.57,-1288.5700000000002,64,47,61,63,53,final_dqn_seed456.csv
train,0.1,17,-1,0.9694,70.8449219603195,25.0,175,14,0,0,1678.0,23.47926199261993,1701.47926199262,-3633.0,-167.8,-3800.8,53,54,58,59,64,final_dqn_seed456.csv
train,0.1,18,-1,0.9676,107.48407804010908,62.5,43,7,0,0,1639.8,23.47926199261993,1663.27926199262,-924.0,-163.98,-1087.98,61,49,55,61,62,final_dqn_seed456.csv
train,0.1,19,-1,0.9658,199.2128288733885,22.22222222222222,0,0,0,0,1560.6999999999998,23.47926199261993,1584.1792619926198,-384.0,-156.07,-540.07,65,66,45,49,63,final_dqn_seed456.csv
train,0.1,20,-1,0.964,204.8983377959945,27.08333333333333,0,0,0,0,1534.4,23.47926199261993,1557.8792619926198,-342.0,-153.44,-495.44,66,68,50,40,64,final_dqn_seed456.csv
train,0.1,21,-1,0.9622,77.78134927193962,45.13888888888889,147,4,0,0,1537.6999999999998,23.47926199261993,1561.1792619926198,-2865.0,-153.77,-3018.7700000000004,53,65,63,58,49,final_dqn_seed456.csv
train,0.1,22,-1,0.9604,139.53691582901592,28.819444444444443,76,4,0,0,1543.9,23.47926199261993,1567.37926199262,-1740.0,-154.39,-1894.39,57,67,57,52,55,final_dqn_seed456.csv
train,0.1,23,-1,0.9586,194.1016553186481,36.45833333333333,0,0,1,1,1699.4,23.47926199261993,1722.8792619926198,-269.0,-169.94,-438.94000000000005,53,65,42,58,70,final_dqn_seed456.csv
train,0.1,24,-1,0.9568,90.99819099025724,65.97222222222221,78,5,0,0,1525.1999999999998,23.47926199261993,1548.6792619926198,-1470.0,-152.52,-1622.5200000000002,64,62,55,51,56,final_dqn_seed456.csv
train,0.1,25,-1,0.955,227.1290314845796,15.27777777777778,0,0,37,1,1573.1,23.47926199261993,1596.57926199262,-740.0,-157.31,-897.3100000000001,66,56,48,59,59,final_dqn_seed456.csv
train,0.1,26,-1,0.9532,221.07960462180125,19.444444444444446,0,0,7,3,1518.9,23.47926199261993,1542.37926199262,-464.0,-151.89,-615.89,59,60,62,58,49,final_dqn_seed456.csv
train,0.1,27,-1,0.9514,191.6457434265752,41.31944444444444,0,0,0,0,1652.6999999999998,23.47926199261993,1676.1792619926198,-219.0,-165.26999999999998,-384.27,59,54,56,52,67,final_dqn_seed456.csv
train,0.1,28,-1,0.9496,81.54591561132972,52.083333333333336,77,5,0,0,1706.2999999999995,23.47926199261993,1729.7792619926197,-1695.0,-170.63,-1865.63,46,57,60,62,63,final_dqn_seed456.csv
train,0.1,29,-1,0.9478,130.28910626174445,55.90277777777778,61,2,0,0,1592.1,23.47926199261993,1615.57926199262,-1248.0,-159.20999999999998,-1407.2100000000005,66,50,62,45,65,final_dqn_seed456.csv
train,0.1,30,-1,0.946,188.1814891516824,40.97222222222222,0,0,0,0,1489.5,23.47926199261993,1512.97926199262,-234.0,-148.95,-382.9500000000001,66,53,62,60,47,final_dqn_seed456.csv
train,0.1,31,-1,0.9442,133.99119514084143,63.19444444444444,47,7,0,0,1685.1999999999998,23.47926199261993,1708.6792619926198,-933.0,-168.52,-1101.5200000000002,48,54,62,64,60,final_dqn_seed456.csv
train,0.1,32,-1,0.9424,151.04949404378473,47.56944444444444,14,3,0,0,1668.2999999999995,23.47926199261993,1691.7792619926197,-492.0,-166.83,-658.8299999999999,58,50,53,64,63,final_dqn_seed456.csv
train,0.1,33,-1,0.9406,179.88776645699457,48.95833333333333,0,0,0,0,1595.1999999999998,23.47926199261993,1618.6792619926198,-153.0,-159.52,-312.52,70,42,55,61,60,final_dqn_seed456.csv
train,0.1,34,-1,0.9388,170.44217845120042,67.01388888888889,0,0,0,0,1651.6,23.47926199261993,1675.07926199262,3.0,-165.16,-162.16,68,41,56,55,68,final_dqn_seed456.csv
train,0.1,35,-1,0.937,142.4413171388609,97.91666666666666,0,0,0,0,1699.7,23.47926199261993,1723.17926199262,267.0,-169.97000000000003,97.03,66,41,53,55,73,final_dqn_seed456.csv
train,0.1,36,-1,0.9352,79.81508292729924,48.61111111111111,119,5,0,0,1392.4,23.47926199261993,1415.87926199262,-2385.0,-139.23999999999998,-2524.24,63,72,60,53,40,final_dqn_seed456.csv
train,0.1,37,-1,0.9334,63.30053310141903,21.875,188,12,0,0,1656.8,23.47926199261993,1680.27926199262,-3882.0,-165.68,-4047.68,53,52,62,61,60,final_dqn_seed456.csv
train,0.1,38,-1,0.9316,72.57508735271206,30.55555555555556,144,16,0,0,1680.3,23.47926199261993,1703.77926199262,-3072.0,-168.02999999999997,-3240.03,55,54,57,55,67,final_dqn_seed456.csv
train,0.1,39,-1,0.9298,136.42575650461427,81.25,17,1,0,0,1724.3,23.47926199261993,1747.77926199262,-198.0,-172.43,-370.43,48,60,57,52,71,final_dqn_seed456.csv
train,0.1,40,-1,0.928,108.93192033840025,46.18055555555556,49,8,0,0,1561.1999999999998,23.47926199261993,1584.6792619926198,-1236.0,-156.12,-1392.12,57,58,61,60,52,final_dqn_seed456.csv
train,0.1,41,-1,0.9262,116.34103959597992,87.5,18,5,0,0,1560.9,23.47926199261993,1584.3792619926198,-198.0,-156.08999999999995,-354.09000000000003,62,57,58,54,57,final_dqn_seed456.csv
train,0.1,42,-1,0.9244,125.65248701108652,77.08333333333334,32,6,0,0,1425.6,23.47926199261993,1449.07926199262,-573.0,-142.56,-715.5600000000001,78,60,49,49,52,final_dqn_seed456.csv
train,0.1,43,-1,0.9226,143.19566777244052,74.30555555555556,0,0,0,0,1621.9,23.47926199261993,1645.37926199262,45.0,-162.19,-117.19,63,50,63,45,67,final_dqn_seed456.csv
train,0.1,44,-1,0.9208,132.3019108200131,42.70833333333333,61,7,0,0,1515.6999999999998,23.47926199261993,1539.1792619926198,-1386.0,-151.57,-1537.5700000000002,67,62,52,50,57,final_dqn_seed456.csv
train,0.1,45,-1,0.919,136.99567877430772,89.23611111111111,0,0,0,0,1517.5,23.47926199261993,1540.97926199262,174.0,-151.75,22.25,73,53,54,49,59,final_dqn_seed456.csv
train,0.1,46,-1,0.9172,148.0343093287011,68.05555555555556,7,2,0,0,1521.9999999999998,23.47926199261993,1545.4792619926195,-171.0,-152.2,-323.2,49,80,52,59,48,final_dqn_seed456.csv
train,0.1,47,-1,0.9154,159.53965651093995,79.16666666666666,0,0,0,0,1641.1999999999998,23.47926199261993,1664.6792619926198,108.0,-164.12,-56.119999999999976,58,52,61,53,64,final_dqn_seed456.csv
train,0.1,48,-1,0.9136,89.21887895339702,52.77777777777778,84,11,0,0,1602.0,23.47926199261993,1625.47926199262,-1770.0,-160.2,-1930.2000000000005,53,50,64,73,48,final_dqn_seed456.csv
train,0.1,49,-1,0.9118,261.4992917513808,15.27777777777778,0,0,112,8,1599.3,23.47926199261993,1622.77926199262,-1340.0,-159.92999999999998,-1499.9300000000003,55,63,60,49,61,final_dqn_seed456.csv
eval,0.1,49,0,0.0,163.85943386718358,56.59722222222222,0,0,0,0,233.5,23.47926199261993,256.9792619926199,-90.0,-23.35,-113.35000000000002,263,1,9,0,15,final_dqn_seed456.csv
eval,0.1,49,1,0.0,170.21515488616097,72.22222222222221,0,0,0,0,43.2,23.47926199261993,66.67926199261993,48.0,-4.32,43.67999999999998,279,0,9,0,0,final_dqn_seed456.csv
eval,0.1,49,2,0.0,129.40046357395744,88.54166666666666,0,0,0,0,851.5,23.47926199261993,874.97926199262,165.0,-85.15,79.85,202,5,17,9,55,final_dqn_seed456.csv
eval,0.1,49,3,0.0,77.31460113155819,43.05555555555556,148,3,0,0,1633.6999999999998,23.47926199261993,1657.1792619926198,-2916.0,-163.37,-3079.37,82,2,9,174,21,final_dqn_seed456.csv
eval,0.1,49,4,0.0,146.15680204692697,89.58333333333334,0,0,0,0,428.5,23.47926199261993,451.9792619926199,198.0,-42.85,155.14999999999998,245,2,11,1,29,final_dqn_seed456.csv
train,0.1,50,-1,0.91,125.19689251839412,82.98611111111111,25,2,0,0,1498.2,23.47926199261993,1521.67926199262,-369.0,-149.82,-518.8200000000002,63,66,57,48,54,final_dqn_seed456.csv
train,0.1,51,-1,0.9082,106.8000400445618,67.70833333333334,41,7,0,0,1531.4,23.47926199261993,1554.87926199262,-879.0,-153.14,-1032.14,67,51,53,67,50,final_dqn_seed456.csv
train,0.1,52,-1,0.9064,91.6449264921449,50.34722222222222,90,16,0,0,1570.1,23.47926199261993,1593.57926199262,-1911.0,-157.01,-2068.01,68,45,52,70,53,final_dqn_seed456.csv
train,0.1,53,-1,0.9046,68.86535789857278,24.65277777777778,177,11,0,0,1591.1,23.47926199261993,1614.57926199262,-3669.0,-159.11,-3828.1100000000006,62,51,54,66,55,final_dqn_seed456.csv
train,0.1,54,-1,0.9028,204.4414658554492,32.29166666666667,0,0,2,2,1600.6999999999998,23.47926199261993,1624.1792619926198,-313.0,-160.07,-473.07,49,55,72,61,51,final_dqn_seed456.csv
train,0.1,55,-1,0.901,164.316897544072,64.23611111111111,0,0,0,0,1643.0,23.47926199261993,1666.47926199262,-21.0,-164.3,-185.3,60,47,60,59,62,final_dqn_seed456.csv
train,0.1,56,-1,0.8992,119.70718264179936,83.33333333333334,30,7,0,0,1641.5,23.47926199261993,1664.97926199262,-450.0,-164.14999999999998,-614.1500000000002,54,59,44,76,55,final_dqn_seed456.csv
train,0.1,57,-1,0.8974,121.08973883992888,85.06944444444444,22,2,0,0,1653.4,23.47926199261993,1676.8792619926198,-300.0,-165.34,-465.34000000000015,53,60,53,60,62,final_dqn_seed456.csv
train,0.1,58,-1,0.8956,257.3270409303767,16.666666666666664,0,0,113,1,1536.6,23.47926199261993,1560.07926199262,-1336.0,-153.66,-1489.66,60,54,65,59,50,final_dqn_seed456.csv
train,0.1,59,-1,0.8938,83.77772964424398,47.22222222222222,122,7,0,0,1570.6999999999998,23.47926199261993,1594.1792619926198,-2454.0,-157.07,-2611.07,55,57,56,73,47,final_dqn_seed456.csv
train,0.1,60,-1,0.892,263.18172578394564,9.722222222222223,0,0,84,3,1766.2,23.47926199261993,1789.67926199262,-1164.0,-176.62,-1340.62,48,59,42,69,70,final_dqn_seed456.csv
train,0.1,61,-1,0.8902,107.13036283418708,64.23611111111111,86,4,0,0,1528.1,23.47926199261993,1551.57926199262,-1602.0,-152.81,-1754.81,57,63,59,60,49,final_dqn_seed456.csv
train,0.1,62,-1,0.8884,93.31828839888496,52.43055555555556,95,11,0,0,1724.4,23.47926199261993,1747.87926199262,-1959.0,-172.44,-2131.44,46,49,55,82,56,final_dqn_seed456.csv
train,0.1,63,-1,0.8866,125.88940296545545,78.125,23,1,0,0,1531.4,23.47926199261993,1554.87926199262,-324.0,-153.14,-477.14,63,62,52,57,54,final_dqn_seed456.csv
train,0.1,64,-1,0.8848,169.7999962784578,65.625,0,0,0,0,1614.0,23.47926199261993,1637.47926199262,-9.0,-161.4,-170.39999999999998,52,52,59,77,48,final_dqn_seed456.csv
train,0.1,65,-1,0.883,80.65464379451925,43.40277777777778,130,9,0,0,1287.1,23.47926199261993,1310.57926199262,-2640.0,-128.70999999999998,-2768.71,89,57,51,52,39,final_dqn_seed456.csv
train,0.1,66,-1,0.8812,181.5016250663925,54.513888888888886,0,0,0,0,1660.7999999999995,23.47926199261993,1684.2792619926197,-105.0,-166.07999999999998,-271.08000000000004,44,66,54,68,56,final_dqn_seed456.csv
train,0.1,67,-1,0.8794,184.68217980760443,43.05555555555556,0,0,0,0,1594.0,23.47926199261993,1617.47926199262,-204.0,-159.4,-363.4,55,59,60,58,56,final_dqn_seed456.csv
train,0.1,68,-1,0.8775999999999999,197.02560754437147,19.791666666666664,0,0,0,0,1604.1,23.47926199261993,1627.57926199262,-405.0,-160.41,-565.41,57,53,56,69,53,final_dqn_seed456.csv
train,0.1,69,-1,0.8758,84.3804732446435,50.34722222222222,101,9,0,0,1403.9,23.47926199261993,1427.37926199262,-2079.0,-140.39,-2219.3900000000003,59,86,55,41,47,final_dqn_seed456.csv
train,0.1,70,-1,0.874,129.42306149981883,69.44444444444444,22,2,0,0,1610.9,23.47926199261993,1634.37926199262,-420.0,-161.08999999999995,-581.0900000000001,58,50,56,71,53,final_dqn_seed456.csv
train,0.1,71,-1,0.8722,186.45464205668245,47.56944444444444,0,0,0,0,1714.7999999999995,23.47926199261993,1738.2792619926197,-165.0,-171.48,-336.48,62,49,50,51,76,final_dqn_seed456.csv
train,0.1,72,-1,0.8704000000000001,198.02540210098903,38.88888888888889,0,0,17,2,1527.1,23.47926199261993,1550.57926199262,-376.0,-152.70999999999998,-528.7099999999999,64,60,49,64,51,final_dqn_seed456.csv
train,0.1,73,-1,0.8686,86.44653026944323,35.06944444444444,104,7,0,0,1594.5,23.47926199261993,1617.97926199262,-2361.0,-159.45,-2520.45,65,54,50,58,61,final_dqn_seed456.csv
train,0.1,74,-1,0.8668,164.5501320181637,60.06944444444444,0,0,1,1,1587.2999999999995,23.47926199261993,1610.7792619926197,-104.0,-158.73000000000002,-262.73,60,64,42,65,57,final_dqn_seed456.csv
train,0.1,75,-1,0.865,92.96366867973178,49.65277777777778,94,8,0,0,1570.9,23.47926199261993,1594.37926199262,-1992.0,-157.08999999999995,-2149.09,56,58,62,59,53,final_dqn_seed456.csv
train,0.1,76,-1,0.8632,108.39847490510245,86.80555555555556,16,4,0,0,1502.4,23.47926199261993,1525.8792619926198,-174.0,-150.24,-324.2400000000001,72,43,60,65,48,final_dqn_seed456.csv
train,0.1,77,-1,0.8613999999999999,101.2492725984083,75.34722222222221,48,5,0,0,1425.3,23.47926199261993,1448.77926199262,-858.0,-142.53,-1000.5300000000002,69,66,51,57,45,final_dqn_seed456.csv
train,0.1,78,-1,0.8596,192.72627766603648,48.95833333333333,0,0,17,1,1821.8,23.47926199261993,1845.27926199262,-289.0,-182.18,-471.1800000000001,57,46,48,51,86,final_dqn_seed456.csv
train,0.1,79,-1,0.8578,100.7215661052602,60.06944444444444,69,12,0,0,1634.8,23.47926199261993,1658.27926199262,-1437.0,-163.48000000000002,-1600.48,50,73,49,52,64,final_dqn_seed456.csv
train,0.1,80,-1,0.856,91.187070877789,55.55555555555556,87,10,0,0,1553.0,23.47926199261993,1576.47926199262,-1785.0,-155.3,-1940.3,63,68,41,58,58,final_dqn_seed456.csv
train,0.1,81,-1,0.8542,82.85539967969797,35.41666666666667,150,10,0,0,1474.4,23.47926199261993,1497.8792619926198,-3078.0,-147.44,-3225.44,70,52,60,58,48,final_dqn_seed456.csv
train,0.1,82,-1,0.8524,144.08807283411485,96.18055555555556,0,0,0,0,1505.4,23.47926199261993,1528.8792619926198,252.0,-150.54000000000002,101.46,63,61,56,58,50,final_dqn_seed456.csv
train,0.1,83,-1,0.8506,167.63034461617383,59.02777777777778,0,0,0,0,1715.8,23.47926199261993,1739.27926199262,-66.0,-171.57999999999998,-237.58,61,53,49,47,78,final_dqn_seed456.csv
train,0.1,84,-1,0.8488,134.40050540969955,73.61111111111111,13,2,0,0,1483.4,23.47926199261993,1506.8792619926198,-210.0,-148.33999999999995,-358.34000000000003,49,79,57,61,42,final_dqn_seed456.csv
train,0.1,85,-1,0.847,203.07451582701253,33.68055555555556,0,0,2,2,1495.5,23.47926199261993,1518.97926199262,-301.0,-149.54999999999998,-450.55,73,57,48,55,55,final_dqn_seed456.csv
train,0.1,86,-1,0.8452,113.8338142676598,49.30555555555556,67,10,0,0,1627.3000000000002,23.47926199261993,1650.77926199262,-1485.0,-162.73,-1647.73,58,46,64,63,57,final_dqn_seed456.csv
train,0.1,87,-1,0.8434,142.67946814508284,82.63888888888889,0,0,0,0,1701.6,23.47926199261993,1725.07926199262,111.0,-170.16,-59.16,56,49,50,69,64,final_dqn_seed456.csv
train,0.1,88,-1,0.8416,85.31889863533696,40.625,129,11,0,0,1737.6999999999998,23.47926199261993,1761.1792619926198,-2655.0,-173.76999999999998,-2828.77,52,50,55,62,69,final_dqn_seed456.csv
train,0.1,89,-1,0.8398,93.22095741847797,58.333333333333336,98,6,0,0,1424.7,23.47926199261993,1448.17926199262,-1902.0,-142.46999999999997,-2044.4700000000005,81,62,36,58,51,final_dqn_seed456.csv
train,0.1,90,-1,0.838,244.17492770532468,13.88888888888889,0,0,72,4,1496.1999999999998,23.47926199261993,1519.6792619926198,-1032.0,-149.62,-1181.62,56,67,61,58,46,final_dqn_seed456.csv
train,0.1,91,-1,0.8362,287.4666683306267,6.25,0,0,137,3,1656.9999999999998,23.47926199261993,1680.4792619926195,-1618.0,-165.7,-1783.7000000000005,54,46,73,53,62,final_dqn_seed456.csv
train,0.1,92,-1,0.8344,122.2894779201749,67.01388888888889,27,6,0,0,1444.5,23.47926199261993,1467.97926199262,-600.0,-144.45,-744.45,73,65,49,48,53,final_dqn_seed456.csv
train,0.1,93,-1,0.8326,186.38098507292625,51.04166666666666,0,0,0,0,1534.2999999999995,23.47926199261993,1557.7792619926197,-135.0,-153.43,-288.42999999999995,60,59,59,59,51,final_dqn_seed456.csv
train,0.1,94,-1,0.8308,73.03887873019102,35.76388888888889,119,11,0,0,1396.8,23.47926199261993,1420.27926199262,-2607.0,-139.68,-2746.6800000000003,74,63,51,56,44,final_dqn_seed456.csv
train,0.1,95,-1,0.829,149.10212643077386,49.65277777777778,24,1,0,0,1673.4,23.47926199261993,1696.87926199262,-630.0,-167.33999999999995,-797.34,54,42,67,67,58,final_dqn_seed456.csv
train,0.1,96,-1,0.8271999999999999,103.84513868542098,49.30555555555556,98,12,0,0,1603.8000000000002,23.47926199261993,1627.27926199262,-2013.0,-160.38,-2173.38,60,61,36,77,54,final_dqn_seed456.csv
train,0.1,97,-1,0.8254,82.47957039576148,44.79166666666667,99,13,0,0,1573.4,23.47926199261993,1596.87926199262,-2151.0,-157.33999999999995,-2308.34,58,60,47,73,50,final_dqn_seed456.csv
train,0.1,98,-1,0.8236,86.31963906569058,41.66666666666667,131,9,0,0,1682.1,23.47926199261993,1705.57926199262,-2685.0,-168.20999999999998,-2853.21,50,56,56,65,61,final_dqn_seed456.csv
train,0.1,99,-1,0.8218,125.28751749677268,48.26388888888889,71,5,0,0,1450.8000000000002,23.47926199261993,1474.27926199262,-1506.0,-145.07999999999998,-1651.0800000000002,78,53,45,64,48,final_dqn_seed456.csv
eval,0.1,99,0,0.0,125.01651479396898,100.0,0,0,0,0,951.6,23.47926199261993,975.07926199262,288.0,-95.16,192.84000000000003,158,0,13,117,0,final_dqn_seed456.csv
eval,0.1,99,1,0.0,173.21405661700203,69.09722222222221,0,0,0,0,606.4,23.47926199261993,629.87926199262,21.0,-60.64,-39.63999999999998,206,0,6,76,0,final_dqn_seed456.csv
eval,0.1,99,2,0.0,241.55500962380088,28.125,0,0,74,4,316.4,23.47926199261993,339.8792619926199,-925.0,-31.64,-956.64,246,0,1,41,0,final_dqn_seed456.csv
eval,0.1,99,3,0.0,164.27625391111962,69.09722222222221,0,0,0,0,674.0,23.47926199261993,697.47926199262,21.0,-67.4,-46.4,196,0,9,83,0,final_dqn_seed456.csv
eval,0.1,99,4,0.0,130.91103382409833,76.73611111111111,12,5,0,0,798.8,23.47926199261993,822.2792619926199,-186.0,-79.88,-265.88,177,0,16,95,0,final_dqn_seed456.csv
train,0.1,100,-1,0.82,106.84564925708696,77.08333333333334,54,5,0,0,1386.6999999999998,23.47926199261993,1410.1792619926198,-918.0,-138.67,-1056.67,87,40,57,61,43,final_dqn_seed456.csv
train,0.1,101,-1,0.8182,182.6124428712674,39.23611111111111,0,0,0,0,1463.5,23.47926199261993,1486.97926199262,-237.0,-146.35,-383.3499999999999,77,55,45,60,51,final_dqn_seed456.csv
train,0.1,102,-1,0.8164,65.07207432916103,19.444444444444446,213,11,0,0,1430.7,23.47926199261993,1454.17926199262,-4299.0,-143.07,-4442.07,82,44,62,49,51,final_dqn_seed456.csv
train,0.1,103,-1,0.8146,124.92911641749204,98.61111111111111,0,0,0,0,1425.3,23.47926199261993,1448.77926199262,264.0,-142.53,121.47,78,50,54,61,45,final_dqn_seed456.csv
train,0.1,104,-1,0.8128,182.0107745410219,46.18055555555556,0,0,0,0,1605.1999999999998,23.47926199261993,1628.6792619926198,-177.0,-160.51999999999998,-337.52,65,63,43,49,68,final_dqn_seed456.csv
train,0.1,105,-1,0.8109999999999999,235.34397089812813,5.555555555555555,0,0,14,3,1532.4,23.47926199261993,1555.8792619926198,-640.0,-153.24,-793.24,54,67,57,62,48,final_dqn_seed456.csv
train,0.1,106,-1,0.8092,161.40348656177528,73.95833333333334,0,0,0,0,1536.6999999999998,23.47926199261993,1560.1792619926198,63.0,-153.67000000000002,-90.67,62,53,56,70,47,final_dqn_seed456.csv
train,0.1,107,-1,0.8074,325.97689751948684,8.680555555555555,0,0,217,5,1574.1,23.47926199261993,1597.57926199262,-2237.0,-157.41,-2394.41,60,58,57,56,57,final_dqn_seed456.csv
train,0.1,108,-1,0.8056,119.05828923454546,95.13888888888889,0,0,0,0,1636.9,23.47926199261993,1660.37926199262,204.0,-163.69,40.31,79,37,47,52,73,final_dqn_seed456.csv
train,0.1,109,-1,0.8038,112.09285173957954,50.69444444444444,91,2,0,0,1516.6,23.47926199261993,1540.07926199262,-1788.0,-151.66,-1939.66,60,64,48,70,46,final_dqn_seed456.csv
train,0.1,110,-1,0.802,96.97393977032029,57.29166666666666,88,9,0,0,1800.3,23.47926199261993,1823.77926199262,-1770.0,-180.02999999999997,-1950.03,46,45,47,87,63,final_dqn_seed456.csv
train,0.1,111,-1,0.8002,112.28256955027123,95.48611111111111,0,0,0,0,1308.7,23.47926199261993,1332.17926199262,210.0,-130.87,79.13,96,42,43,72,35,final_dqn_seed456.csv
train,0.1,112,-1,0.7984,173.97662014683462,56.59722222222222,0,0,0,0,1854.7,23.47926199261993,1878.17926199262,-87.0,-185.47,-272.47,53,43,47,62,83,final_dqn_seed456.csv
train,0.1,113,-1,0.7966,111.93938891980352,69.09722222222221,35,3,0,0,1412.0,23.47926199261993,1435.47926199262,-720.0,-141.2,-861.2000000000002,81,47,61,51,48,final_dqn_seed456.csv
train,0.1,114,-1,0.7948,84.82193800385218,51.04166666666666,76,12,0,0,1304.4,23.47926199261993,1327.8792619926198,-1698.0,-130.44,-1828.44,90,61,37,60,40,final_dqn_seed456.csv
train,0.1,115,-1,0.7929999999999999,62.516674783931485,15.97222222222222,198,14,0,0,1289.3000000000002,23.47926199261993,1312.77926199262,-4134.0,-128.93,-4262.93,86,68,43,50,41,final_dqn_seed456.csv
train,0.1,116,-1,0.7912,130.81406008586382,82.63888888888889,6,3,0,0,1574.7,23.47926199261993,1598.17926199262,-24.0,-157.46999999999997,-181.47000000000003,61,56,54,62,55,final_dqn_seed456.csv
train,0.1,117,-1,0.7894,92.80520829897382,60.41666666666666,91,6,0,0,1442.0,23.47926199261993,1465.47926199262,-1761.0,-144.2,-1905.2,68,59,65,48,48,final_dqn_seed456.csv
train,0.1,118,-1,0.7876,78.75625659775986,36.11111111111111,144,11,0,0,1359.9,23.47926199261993,1383.37926199262,-2964.0,-135.99,-3099.99,80,59,60,42,47,final_dqn_seed456.csv
train,0.1,119,-1,0.7858,133.46685407145392,66.31944444444444,33,2,0,0,1707.0,23.47926199261993,1730.47926199262,-651.0,-170.70000000000002,-821.7,48,55,56,67,62,final_dqn_seed456.csv
train,0.1,120,-1,0.784,76.93729889546469,44.79166666666667,93,10,0,0,1681.1,23.47926199261993,1704.57926199262,-2061.0,-168.11,-2229.11,48,48,58,83,51,final_dqn_seed456.csv
train,0.1,121,-1,0.7822,237.5040680334978,27.43055555555556,0,0,67,2,1564.6,23.47926199261993,1588.07926199262,-875.0,-156.46,-1031.46,61,53,61,59,54,final_dqn_seed456.csv
train,0.1,122,-1,0.7804,112.17251756785193,62.15277777777778,62,9,0,0,1512.0,23.47926199261993,1535.47926199262,-1212.0,-151.20000000000002,-1363.2,69,51,51,69,48,final_dqn_seed456.csv
train,0.1,123,-1,0.7786,203.51541856377884,33.33333333333333,0,0,18,1,1862.6,23.47926199261993,1886.07926199262,-432.0,-186.26,-618.26,42,56,50,58,82,final_dqn_seed456.csv
train,0.1,124,-1,0.7767999999999999,119.90016726432049,37.5,78,4,0,0,1481.8,23.47926199261993,1505.27926199262,-1773.0,-148.18,-1921.18,68,51,61,62,46,final_dqn_seed456.csv
train,0.1,125,-1,0.775,90.81467714393231,50.69444444444444,103,8,0,0,1575.5,23.47926199261993,1598.97926199262,-2109.0,-157.54999999999998,-2266.55,47,57,76,61,47,final_dqn_seed456.csv
train,0.1,126,-1,0.7732,244.8166176077181,36.45833333333333,0,0,120,6,1528.8,23.47926199261993,1552.27926199262,-1221.0,-152.88,-1373.88,71,63,40,54,60,final_dqn_seed456.csv
train,0.1,127,-1,0.7714,191.96032376367776,31.25,0,0,0,0,1550.1999999999998,23.47926199261993,1573.6792619926198,-306.0,-155.01999999999998,-461.02,52,51,87,48,50,final_dqn_seed456.csv
train,0.1,128,-1,0.7696,71.72397270765633,26.38888888888889,163,15,0,0,1758.4,23.47926199261993,1781.8792619926198,-3429.0,-175.83999999999995,-3604.84,38,54,49,95,52,final_dqn_seed456.csv
train,0.1,129,-1,0.7678,194.36060886142573,27.77777777777778,0,0,0,0,1466.1999999999998,23.47926199261993,1489.6792619926198,-336.0,-146.62,-482.62,60,71,61,46,50,final_dqn_seed456.csv
train,0.1,130,-1,0.766,133.4336946728939,87.5,2,1,0,0,1529.6,23.47926199261993,1553.07926199262,111.0,-152.96,-41.96000000000001,55,59,76,46,52,final_dqn_seed456.csv
train,0.1,131,-1,0.7642,155.644170065632,84.375,0,0,0,0,1621.0,23.47926199261993,1644.47926199262,153.0,-162.1,-9.099999999999987,53,58,68,47,62,final_dqn_seed456.csv
train,0.1,132,-1,0.7624,83.23176414569986,40.97222222222222,85,15,0,0,1769.9,23.47926199261993,1793.37926199262,-2007.0,-176.98999999999998,-2183.99,45,43,50,95,55,final_dqn_seed456.csv
train,0.1,133,-1,0.7605999999999999,215.5409886895753,8.680555555555555,0,0,0,0,1637.5,23.47926199261993,1660.97926199262,-501.0,-163.75,-664.75,60,48,55,66,59,final_dqn_seed456.csv
train,0.1,134,-1,0.7587999999999999,82.97521339960015,34.375,121,17,0,0,1795.6999999999998,23.47926199261993,1819.17926199262,-2631.0,-179.57,-2810.57,43,58,45,73,69,final_dqn_seed456.csv
train,0.1,135,-1,0.757,136.1992026893797,90.9722222222222,17,2,0,0,1784.0,23.47926199261993,1807.47926199262,-111.0,-178.39999999999998,-289.4,47,49,59,61,72,final_dqn_seed456.csv
train,0.1,136,-1,0.7552,91.52759545304473,38.19444444444444,135,5,0,0,1829.8,23.47926199261993,1853.27926199262,-2739.0,-182.98,-2921.9800000000005,44,55,37,82,70,final_dqn_seed456.csv
train,0.1,137,-1,0.7534,197.7543419384285,39.23611111111111,0,0,0,0,1578.0,23.47926199261993,1601.47926199262,-237.0,-157.8,-394.8,40,75,65,60,48,final_dqn_seed456.csv
train,0.1,138,-1,0.7515999999999999,303.452667422819,4.166666666666666,0,0,176,2,1309.0,23.47926199261993,1332.47926199262,-1948.0,-130.9,-2078.9,68,87,47,48,38,final_dqn_seed456.csv
train,0.1,139,-1,0.7498,101.52799551764195,50.34722222222222,73,9,0,0,1612.0,23.47926199261993,1635.47926199262,-1590.0,-161.2,-1751.2,41,78,52,65,52,final_dqn_seed456.csv
train,0.1,140,-1,0.748,99.5796075237673,65.27777777777779,68,6,0,0,1838.9,23.47926199261993,1862.37926199262,-1332.0,-183.89,-1515.89,42,57,55,53,81,final_dqn_seed456.csv
train,0.1,141,-1,0.7462,105.79365870019484,61.458333333333336,82,8,0,0,1673.5,23.47926199261993,1696.97926199262,-1593.0,-167.35,-1760.35,36,61,78,58,55,final_dqn_seed456.csv
train,0.1,142,-1,0.7444,138.39257927436495,91.31944444444444,4,1,0,0,1838.2,23.47926199261993,1861.67926199262,114.0,-183.82,-69.82000000000002,43,56,42,73,74,final_dqn_seed456.csv
train,0.1,143,-1,0.7426,85.63514242442868,31.25,115,12,0,0,1853.3,23.47926199261993,1876.77926199262,-2559.0,-185.33,-2744.3300000000004,46,43,56,66,77,final_dqn_seed456.csv
train,0.1,144,-1,0.7408,126.76338695404934,63.19444444444444,44,4,0,0,1534.2999999999995,23.47926199261993,1557.7792619926197,-861.0,-153.42999999999998,-1014.43,47,65,84,41,51,final_dqn_seed456.csv
train,0.1,145,-1,0.739,115.81478062701106,77.08333333333334,28,5,0,0,1479.1999999999998,23.47926199261993,1502.6792619926198,-516.0,-147.92000000000002,-663.9200000000002,59,76,47,58,48,final_dqn_seed456.csv
train,0.1,146,-1,0.7372000000000001,83.11628482706904,28.125,139,13,0,0,1353.9,23.47926199261993,1377.37926199262,-2982.0,-135.39,-3117.3900000000003,64,92,49,36,47,final_dqn_seed456.csv
train,0.1,147,-1,0.7354,89.08552752815284,67.01388888888889,54,6,0,0,1433.9,23.47926199261993,1457.3792619926198,-1092.0,-143.39,-1235.39,53,91,52,45,47,final_dqn_seed456.csv
train,0.1,148,-1,0.7336,165.00078179593817,37.84722222222222,19,1,0,0,1834.4,23.47926199261993,1857.87926199262,-624.0,-183.44,-807.44,48,48,54,58,80,final_dqn_seed456.csv
train,0.1,149,-1,0.7318,117.31893290558322,60.06944444444444,41,3,0,0,1610.9,23.47926199261993,1634.37926199262,-918.0,-161.09,-1079.09,57,44,76,54,57,final_dqn_seed456.csv
eval,0.1,149,0,0.0,84.78310178222058,50.34722222222222,108,9,0,0,1639.0,23.47926199261993,1662.47926199262,-2181.0,-163.9,-2344.9,21,130,53,6,78,final_dqn_seed456.csv
eval,0.1,149,1,0.0,74.93823487314805,32.29166666666667,160,9,0,0,2020.9,23.47926199261993,2044.37926199262,-3282.0,-202.09000000000003,-3484.09,13,93,56,17,109,final_dqn_seed456.csv
eval,0.1,149,2,0.0,108.54657181252418,76.38888888888889,39,4,0,0,1079.9,23.47926199261993,1103.3792619926198,-705.0,-107.98999999999998,-812.99,70,104,82,1,31,final_dqn_seed456.csv
eval,0.1,149,3,0.0,155.7401809173646,90.9722222222222,0,0,0,0,326.5,23.47926199261993,349.9792619926199,210.0,-32.65,177.35,217,11,59,0,1,final_dqn_seed456.csv
eval,0.1,149,4,0.0,224.37998641209708,22.569444444444446,0,0,24,6,172.8,23.47926199261993,196.27926199261995,-573.0,-17.28,-590.2800000000001,247,12,29,0,0,final_dqn_seed456.csv
train,0.1,150,-1,0.73,168.39615580307523,60.41666666666666,0,0,0,0,1599.9,23.47926199261993,1623.37926199262,-54.0,-159.99,-213.99,45,58,64,78,43,final_dqn_seed456.csv
train,0.1,151,-1,0.7282,213.49114504859315,32.63888888888889,0,0,5,1,1394.3,23.47926199261993,1417.77926199262,-334.0,-139.43,-473.43,69,64,69,39,47,final_dqn_seed456.csv
train,0.1,152,-1,0.7263999999999999,138.61848408107386,77.08333333333334,13,3,0,0,1642.1999999999998,23.47926199261993,1665.6792619926198,-192.0,-164.22,-356.22,54,52,61,63,58,final_dqn_seed456.csv
train,0.1,153,-1,0.7246,128.8783945856267,94.44444444444444,2,2,0,0,1634.1,23.47926199261993,1657.57926199262,177.0,-163.40999999999997,13.589999999999996,50,59,75,39,65,final_dqn_seed456.csv
train,0.1,154,-1,0.7228,125.31444409434938,80.90277777777779,14,2,0,0,1628.9,23.47926199261993,1652.3792619926198,-165.0,-162.89,-327.89,57,56,63,47,65,final_dqn_seed456.csv
train,0.1,155,-1,0.721,129.57319371253732,68.40277777777779,28,7,0,0,1510.1,23.47926199261993,1533.57926199262,-543.0,-151.01,-694.0100000000001,62,53,69,55,49,final_dqn_seed456.csv
train,0.1,156,-1,0.7192000000000001,232.76885095721653,33.33333333333333,0,0,85,8,1650.6,23.47926199261993,1674.07926199262,-968.0,-165.06,-1133.0600000000002,47,59,37,103,42,final_dqn_seed456.csv
train,0.1,157,-1,0.7174,256.1360857620968,9.375,0,0,30,8,1609.6,23.47926199261993,1633.07926199262,-735.0,-160.96,-895.96,62,61,39,66,60,final_dqn_seed456.csv
train,0.1,158,-1,0.7156,210.236359817538,5.555555555555555,0,0,0,0,1546.4,23.47926199261993,1569.87926199262,-528.0,-154.64,-682.64,72,49,62,41,64,final_dqn_seed456.csv
train,0.1,159,-1,0.7138,118.2872870214072,79.16666666666666,33,4,0,0,1507.9,23.47926199261993,1531.3792619926198,-558.0,-150.79000000000002,-708.7900000000002,52,55,90,44,47,final_dqn_seed456.csv
train,0.1,160,-1,0.712,230.9523671307053,20.13888888888889,0,0,49,2,1332.6,23.47926199261993,1356.07926199262,-794.0,-133.26,-927.26,94,52,56,32,54,final_dqn_seed456.csv
train,0.1,161,-1,0.7101999999999999,149.1822644767048,91.31944444444444,0,0,0,0,1249.1999999999998,23.47926199261993,1272.6792619926198,201.0,-124.92,76.08,109,36,62,33,48,final_dqn_seed456.csv
train,0.1,162,-1,0.7083999999999999,124.82507488883822,68.40277777777779,24,7,0,0,1674.1,23.47926199261993,1697.57926199262,-513.0,-167.40999999999997,-680.4100000000001,58,52,58,51,69,final_dqn_seed456.csv
train,0.1,163,-1,0.7066,167.589997780117,71.52777777777779,0,0,0,0,1332.4,23.47926199261993,1355.87926199262,42.0,-133.23999999999998,-91.24,88,49,60,47,44,final_dqn_seed456.csv
train,0.1,164,-1,0.7048,165.30507087129817,77.08333333333334,0,0,0,0,1162.4,23.47926199261993,1185.87926199262,90.0,-116.24,-26.239999999999995,108,51,56,33,40,final_dqn_seed456.csv
train,0.1,165,-1,0.703,109.73653694321696,70.83333333333334,59,3,0,0,1824.7,23.47926199261993,1848.17926199262,-1092.0,-182.47,-1274.47,48,49,68,36,87,final_dqn_seed456.csv
train,0.1,166,-1,0.7012,145.2162780228187,89.93055555555556,0,0,0,0,1571.1999999999998,23.47926199261993,1594.6792619926198,180.0,-157.12,22.88000000000001,68,49,64,43,64,final_dqn_seed456.csv
train,0.1,167,-1,0.6994,118.2182100879217,83.68055555555556,31,3,0,0,1512.9,23.47926199261993,1536.37926199262,-441.0,-151.29,-592.2900000000001,88,48,41,42,69,final_dqn_seed456.csv
train,0.1,168,-1,0.6976,104.7348532155201,67.01388888888889,59,10,0,0,1894.2,23.47926199261993,1917.67926199262,-1161.0,-189.42,-1350.42,58,48,44,36,102,final_dqn_seed456.csv
train,0.1,169,-1,0.6958,86.82141972939456,26.38888888888889,152,9,0,0,1989.2,23.47926199261993,2012.67926199262,-3198.0,-198.92,-3396.92,55,42,39,44,108,final_dqn_seed456.csv
train,0.1,170,-1,0.694,77.04023300196393,29.86111111111111,132,13,0,0,1533.6,23.47926199261993,1557.07926199262,-2898.0,-153.36,-3051.36,58,54,68,60,48,final_dqn_seed456.csv
train,0.1,171,-1,0.6921999999999999,201.42717924937995,26.38888888888889,0,0,0,0,1253.4,23.47926199261993,1276.87926199262,-348.0,-125.34,-473.34,122,30,32,58,46,final_dqn_seed456.csv
train,0.1,172,-1,0.6904,157.65173700535786,73.95833333333334,0,0,0,0,1378.6999999999998,23.47926199261993,1402.1792619926198,63.0,-137.87,-74.87,81,36,83,45,43,final_dqn_seed456.csv
train,0.1,173,-1,0.6886,128.8508105969514,87.5,8,2,0,0,1457.1999999999998,23.47926199261993,1480.6792619926198,-12.0,-145.72,-157.71999999999997,81,37,69,49,52,final_dqn_seed456.csv
train,0.1,174,-1,0.6868000000000001,100.550312446366,59.02777777777778,86,6,0,0,1202.8000000000002,23.47926199261993,1226.27926199262,-1686.0,-120.28,-1806.28,102,55,51,40,40,final_dqn_seed456.csv
train,0.1,175,-1,0.685,275.4034557732198,7.638888888888889,0,0,92,13,1207.1,23.47926199261993,1230.57926199262,-1246.0,-120.71,-1366.71,92,66,49,46,35,final_dqn_seed456.csv
train,0.1,176,-1,0.6832,115.26491240065728,96.18055555555556,1,1,0,0,1357.4,23.47926199261993,1380.87926199262,207.0,-135.74,71.26000000000002,69,45,92,48,34,final_dqn_seed456.csv
train,0.1,177,-1,0.6814,81.68771504317834,40.625,162,2,0,0,1484.9,23.47926199261993,1508.37926199262,-3168.0,-148.49,-3316.49,70,45,49,87,37,final_dqn_seed456.csv
train,0.1,178,-1,0.6796,198.1156749619691,36.80555555555556,0,0,0,0,1420.5,23.47926199261993,1443.97926199262,-258.0,-142.05,-400.05,89,54,47,37,61,final_dqn_seed456.csv
train,0.1,179,-1,0.6778,63.25083911546166,17.36111111111111,202,14,0,0,1863.5,23.47926199261993,1886.97926199262,-4170.0,-186.35,-4356.35,59,48,40,46,95,final_dqn_seed456.csv
train,0.1,180,-1,0.6759999999999999,178.11318683424832,25.34722222222222,41,4,53,2,1437.4,23.47926199261993,1460.87926199262,-1603.0,-143.74,-1746.7400000000002,84,46,49,59,50,final_dqn_seed456.csv
train,0.1,181,-1,0.6742,72.04304054424819,28.819444444444443,156,14,0,0,1473.6999999999998,23.47926199261993,1497.1792619926198,-3282.0,-147.36999999999998,-3429.3700000000003,49,80,64,50,45,final_dqn_seed456.csv
train,0.1,182,-1,0.6724,218.9551343506718,20.48611111111111,0,0,9,3,1133.6,23.47926199261993,1157.07926199262,-471.0,-113.36,-584.3599999999999,101,64,49,42,32,final_dqn_seed456.csv
train,0.1,183,-1,0.6706,116.1754177122148,69.09722222222221,40,6,0,0,1276.4,23.47926199261993,1299.87926199262,-822.0,-127.64,-949.64,88,56,68,32,44,final_dqn_seed456.csv
train,0.1,184,-1,0.6688000000000001,147.3595905261229,40.27777777777778,65,1,0,0,1362.1999999999998,23.47926199261993,1385.6792619926198,-1419.0,-136.21999999999997,-1555.22,82,73,42,37,54,final_dqn_seed456.csv
train,0.1,185,-1,0.667,272.68831097525816,0.3472222222222222,0,0,113,4,1139.8,23.47926199261993,1163.27926199262,-1477.0,-113.98,-1590.98,112,45,53,44,34,final_dqn_seed456.csv
train,0.1,186,-1,0.6652,84.65922670316513,51.73611111111112,66,9,0,0,1626.9,23.47926199261993,1650.3792619926198,-1536.0,-162.69,-1698.6900000000005,53,47,83,44,61,final_dqn_seed456.csv
train,0.1,187,-1,0.6634,220.72138524563175,29.51388888888889,0,0,19,4,1240.6,23.47926199261993,1264.07926199262,-473.0,-124.06,-597.06,114,36,34,66,38,final_dqn_seed456.csv
train,0.1,188,-1,0.6616,207.57226014024369,21.180555555555557,0,0,5,1,1064.5,23.47926199261993,1087.97926199262,-433.0,-106.45,-539.45,129,38,44,44,33,final_dqn_seed456.csv
train,0.1,189,-1,0.6597999999999999,100.1609233599689,61.11111111111112,85,8,0,0,1187.4,23.47926199261993,1210.8792619926198,-1647.0,-118.74,-1765.74,98,66,45,41,38,final_dqn_seed456.csv
train,0.1,190,-1,0.6579999999999999,110.57278591494097,70.48611111111111,58,5,0,0,1457.9,23.47926199261993,1481.37926199262,-1068.0,-145.79,-1213.79,102,37,38,44,67,final_dqn_seed456.csv
train,0.1,191,-1,0.6562,268.8649855573219,28.125,0,0,124,4,1194.6999999999998,23.47926199261993,1218.1792619926198,-1325.0,-119.47,-1444.4699999999998,117,36,44,52,39,final_dqn_seed456.csv
train,0.1,192,-1,0.6544,91.41470687027564,63.54166666666666,51,11,0,0,1102.3000000000002,23.47926199261993,1125.77926199262,-1107.0,-110.23,-1217.23,128,46,37,34,43,final_dqn_seed456.csv
train,0.1,193,-1,0.6526,98.7812016489658,49.65277777777778,118,3,0,0,1470.3,23.47926199261993,1493.77926199262,-2310.0,-147.03,-2457.03,88,49,51,33,67,final_dqn_seed456.csv
train,0.1,194,-1,0.6508,93.85448477471851,69.09722222222221,67,2,0,0,1174.5,23.47926199261993,1197.97926199262,-1251.0,-117.45,-1368.45,115,39,55,38,41,final_dqn_seed456.csv
train,0.1,195,-1,0.649,178.39627791197557,65.27777777777779,0,0,9,2,1043.9,23.47926199261993,1067.37926199262,-84.0,-104.39,-188.39,126,38,56,37,31,final_dqn_seed456.csv
train,0.1,196,-1,0.6472,111.27885057858636,56.25,89,3,0,0,1200.3000000000002,23.47926199261993,1223.77926199262,-1749.0,-120.03,-1869.03,91,41,90,35,31,final_dqn_seed456.csv
train,0.1,197,-1,0.6454,82.85163017676658,56.25,104,3,0,0,1117.7999999999995,23.47926199261993,1141.2792619926197,-2028.0,-111.78,-2139.78,121,47,47,31,42,final_dqn_seed456.csv
train,0.1,198,-1,0.6436,66.04572506035089,27.08333333333333,175,13,0,0,1302.2,23.47926199261993,1325.67926199262,-3597.0,-130.22,-3727.22,80,49,82,39,38,final_dqn_seed456.csv
train,0.1,199,-1,0.6417999999999999,85.3210263440841,47.91666666666667,88,11,0,0,1442.4,23.47926199261993,1465.8792619926198,-1932.0,-144.24,-2076.24,68,56,77,35,52,final_dqn_seed456.csv
eval,0.1,199,0,0.0,115.65747785591414,76.04166666666666,36,5,0,0,157.59999999999997,23.47926199261993,181.0792619926199,-606.0,-15.759999999999998,-621.76,249,26,5,8,0,final_dqn_seed456.csv
eval,0.1,199,1,0.0,220.651326063718,17.01388888888889,0,0,4,1,1099.6,23.47926199261993,1123.07926199262,-461.0,-109.96,-570.9599999999999,137,10,0,141,0,final_dqn_seed456.csv
eval,0.1,199,2,0.0,263.06600797264826,10.416666666666668,0,0,89,4,1683.2,23.47926199261993,1706.67926199262,-1198.0,-168.32,-1366.3200000000002,64,4,0,220,0,final_dqn_seed456.csv
eval,0.1,199,3,0.0,195.30093537343132,52.083333333333336,0,0,0,0,977.2,23.47926199261993,1000.67926199262,-126.0,-97.71999999999998,-223.71999999999997,150,12,5,121,0,final_dqn_seed456.csv
eval,0.1,199,4,0.0,142.83941662623593,77.43055555555556,22,2,0,0,135.59999999999997,23.47926199261993,159.0792619926199,-318.0,-13.56,-331.55999999999995,253,26,2,7,0,final_dqn_seed456.csv
train,0.1,200,-1,0.6399999999999999,91.09276323062488,48.95833333333333,112,8,0,0,1170.4,23.47926199261993,1193.87926199262,-2271.0,-117.04,-2388.0400000000004,118,37,50,43,40,final_dqn_seed456.csv
train,0.1,201,-1,0.6382,234.06408719946825,17.708333333333336,0,0,85,3,1031.3000000000002,23.47926199261993,1054.77926199262,-1103.0,-103.13,-1206.13,138,33,47,33,37,final_dqn_seed456.csv
train,0.1,202,-1,0.6364,219.15222572442292,32.29166666666667,0,0,15,6,1467.1,23.47926199261993,1490.57926199262,-417.0,-146.71,-563.71,71,48,65,57,47,final_dqn_seed456.csv
train,0.1,203,-1,0.6345999999999999,111.3964405262882,56.59722222222222,58,11,0,0,1448.6999999999998,23.47926199261993,1472.1792619926198,-1269.0,-144.87,-1413.87,51,52,98,52,35,final_dqn_seed456.csv
train,0.1,204,-1,0.6328,154.46979247802184,64.93055555555556,2,1,0,0,1265.9,23.47926199261993,1289.37926199262,-75.0,-126.59,-201.59,79,65,72,33,39,final_dqn_seed456.csv
train,0.1,205,-1,0.631,231.1700036478444,12.5,0,0,0,0,1261.4,23.47926199261993,1284.87926199262,-468.0,-126.14,-594.14,114,41,46,33,54,final_dqn_seed456.csv
train,0.1,206,-1,0.6292,164.43834013277447,57.29166666666666,0,0,0,0,1431.1999999999998,23.47926199261993,1454.6792619926198,-81.0,-143.12,-224.12,51,31,142,28,36,final_dqn_seed456.csv
train,0.1,207,-1,0.6274,150.13934816933013,77.43055555555556,0,0,0,0,1486.4,23.47926199261993,1509.8792619926198,93.0,-148.64,-55.64,41,40,134,37,36,final_dqn_seed456.csv
train,0.1,208,-1,0.6255999999999999,285.245787332975,23.958333333333336,0,0,175,2,1509.1,23.47926199261993,1532.57926199262,-1769.0,-150.91,-1919.91,82,37,53,61,55,final_dqn_seed456.csv
train,0.1,209,-1,0.6238,133.67003232226355,77.43055555555556,25,2,0,0,1402.3,23.47926199261993,1425.77926199262,-396.0,-140.23000000000002,-536.23,54,40,120,43,31,final_dqn_seed456.csv
train,0.1,210,-1,0.622,113.22759620158894,78.81944444444444,14,8,0,0,1308.8000000000002,23.47926199261993,1332.27926199262,-288.0,-130.88,-418.88,70,34,115,41,28,final_dqn_seed456.csv
train,0.1,211,-1,0.6202000000000001,135.26943309657094,65.625,45,2,0,0,1373.0,23.47926199261993,1396.47926199262,-828.0,-137.3,-965.3000000000002,72,65,65,40,46,final_dqn_seed456.csv
train,0.1,212,-1,0.6184000000000001,223.96445908713375,21.875,4,1,43,6,1432.4,23.47926199261993,1455.87926199262,-827.0,-143.23999999999998,-970.24,80,49,53,58,48,final_dqn_seed456.csv
train,0.1,213,-1,0.6166,102.14446609162158,74.65277777777779,51,6,0,0,1530.6999999999998,23.47926199261993,1554.1792619926198,-906.0,-153.07,-1059.0700000000002,47,36,128,30,47,final_dqn_seed456.csv
train,0.1,214,-1,0.6148,113.84038282344852,48.26388888888889,55,12,0,0,1469.4,23.47926199261993,1492.87926199262,-1278.0,-146.94,-1424.94,63,30,115,34,46,final_dqn_seed456.csv
train,0.1,215,-1,0.613,131.13389802253533,88.19444444444444,3,1,0,0,1259.5,23.47926199261993,1282.97926199262,87.0,-125.95,-38.95000000000001,91,45,76,37,39,final_dqn_seed456.csv
train,0.1,216,-1,0.6112,100.52089913180956,69.44444444444444,46,5,0,0,1464.6999999999998,23.47926199261993,1488.1792619926198,-924.0,-146.46999999999997,-1070.4700000000005,52,36,124,37,39,final_dqn_seed456.csv
train,0.1,217,-1,0.6093999999999999,124.44594254111674,97.91666666666666,0,0,0,0,1552.1,23.47926199261993,1575.57926199262,270.0,-155.20999999999998,114.79,38,28,148,33,41,final_dqn_seed456.csv
train,0.1,218,-1,0.6075999999999999,78.4436546099362,42.01388888888889,135,11,0,0,1550.4,23.47926199261993,1573.8792619926198,-2739.0,-155.04,-2894.04,44,40,117,43,44,final_dqn_seed456.csv
train,0.1,219,-1,0.6058,210.15612238853456,13.88888888888889,0,0,0,0,1840.9,23.47926199261993,1864.37926199262,-456.0,-184.09,-640.09,71,34,50,32,101,final_dqn_seed456.csv
train,0.1,220,-1,0.604,80.05991465658236,37.5,150,9,0,0,1379.3,23.47926199261993,1402.77926199262,-3042.0,-137.93,-3179.9300000000003,64,52,91,44,37,final_dqn_seed456.csv
train,0.1,221,-1,0.6022000000000001,208.31768688066435,9.027777777777777,0,0,0,0,1186.1999999999998,23.47926199261993,1209.6792619926198,-498.0,-118.62,-616.62,74,78,76,30,30,final_dqn_seed456.csv
train,0.1,222,-1,0.6004,107.9913464052293,60.41666666666666,67,11,0,0,1296.1,23.47926199261993,1319.57926199262,-1368.0,-129.61,-1497.61,87,44,79,37,41,final_dqn_seed456.csv
train,0.1,223,-1,0.5986,159.0409709688098,81.94444444444444,0,0,0,0,1230.9,23.47926199261993,1254.3792619926198,132.0,-123.09,8.909999999999997,114,44,43,38,49,final_dqn_seed456.csv
train,0.1,224,-1,0.5968,143.35767905113596,50.69444444444444,49,3,0,0,1191.5,23.47926199261993,1214.97926199262,-1044.0,-119.15,-1163.15,94,55,68,36,35,final_dqn_seed456.csv
train,0.1,225,-1,0.595,154.6337755239948,61.11111111111112,5,2,0,0,1071.6,23.47926199261993,1095.07926199262,-165.0,-107.16,-272.16,105,56,67,32,28,final_dqn_seed456.csv
train,0.1,226,-1,0.5932,153.18827588141735,84.72222222222221,0,0,0,0,1159.4,23.47926199261993,1182.87926199262,156.0,-115.94,40.06,91,80,50,29,38,final_dqn_seed456.csv
train,0.1,227,-1,0.5913999999999999,148.42142313378065,60.06944444444444,15,4,0,0,1225.4,23.47926199261993,1248.87926199262,-405.0,-122.54,-527.54,100,52,50,48,38,final_dqn_seed456.csv
train,0.1,228,-1,0.5895999999999999,102.3364979309529,51.388888888888886,111,2,0,0,1614.4,23.47926199261993,1637.8792619926198,-2169.0,-161.44,-2330.44,75,40,52,53,68,final_dqn_seed456.csv
train,0.1,229,-1,0.5878,96.96017033163298,61.458333333333336,64,8,0,0,1412.5,23.47926199261993,1435.97926199262,-1305.0,-141.25,-1446.25,73,32,96,46,41,final_dqn_seed456.csv
train,0.1,230,-1,0.586,108.11641577351271,52.083333333333336,70,7,0,0,1540.9,23.47926199261993,1564.37926199262,-1491.0,-154.08999999999995,-1645.09,85,30,63,45,65,final_dqn_seed456.csv
train,0.1,231,-1,0.5842,107.23673726359218,69.44444444444444,51,2,0,0,1456.1,23.47926199261993,1479.57926199262,-960.0,-145.61,-1105.61,80,27,70,70,41,final_dqn_seed456.csv
train,0.1,232,-1,0.5824,95.87916831258414,43.40277777777778,113,10,0,0,1746.3,23.47926199261993,1769.77926199262,-2343.0,-174.63,-2517.63,70,34,55,46,83,final_dqn_seed456.csv
train,0.1,233,-1,0.5806,87.82681067004754,56.94444444444444,89,10,0,0,1387.4,23.47926199261993,1410.87926199262,-1791.0,-138.74,-1929.74,92,28,69,53,46,final_dqn_seed456.csv
train,0.1,234,-1,0.5788,106.18824665666186,92.70833333333334,4,1,0,0,1191.1,23.47926199261993,1214.57926199262,102.0,-119.11,-17.110000000000014,106,39,70,34,39,final_dqn_seed456.csv
train,0.1,235,-1,0.577,166.04235232005533,55.90277777777778,0,0,0,0,1180.9,23.47926199261993,1204.37926199262,-102.0,-118.09,-220.09,102,67,47,27,45,final_dqn_seed456.csv
train,0.1,236,-1,0.5751999999999999,90.07258814435764,49.30555555555556,120,7,0,0,1283.0,23.47926199261993,1306.47926199262,-2388.0,-128.3,-2516.3,101,32,75,34,46,final_dqn_seed456.csv
train,0.1,237,-1,0.5734,156.14495611213363,74.30555555555556,0,0,0,0,1106.7,23.47926199261993,1130.17926199262,66.0,-110.67,-44.66999999999997,105,71,41,36,35,final_dqn_seed456.csv
train,0.1,238,-1,0.5716,223.663166432166,10.069444444444445,0,0,7,5,1321.1,23.47926199261993,1344.57926199262,-545.0,-132.11,-677.1099999999999,59,112,40,30,47,final_dqn_seed456.csv
train,0.1,239,-1,0.5698000000000001,92.0768717859874,52.083333333333336,66,11,0,0,1497.1,23.47926199261993,1520.57926199262,-1512.0,-149.70999999999998,-1661.7100000000005,88,37,48,56,59,final_dqn_seed456.csv
train,0.1,240,-1,0.5680000000000001,155.64590760234606,87.84722222222221,0,0,0,0,896.1000000000001,23.47926199261993,919.57926199262,183.0,-89.61,93.39,152,39,33,35,29,final_dqn_seed456.csv
train,0.1,241,-1,0.5662,268.37252139465465,27.43055555555556,0,0,144,1,1716.6,23.47926199261993,1740.07926199262,-1491.0,-171.66,-1662.66,46,76,22,82,62,final_dqn_seed456.csv
train,0.1,242,-1,0.5644,125.14655270601412,73.26388888888889,19,3,0,0,932.3,23.47926199261993,955.77926199262,-348.0,-93.23,-441.23,136,46,41,42,23,final_dqn_seed456.csv
train,0.1,243,-1,0.5626,204.11109714802595,13.88888888888889,0,0,0,0,1162.3,23.47926199261993,1185.77926199262,-456.0,-116.23,-572.23,92,73,53,35,35,final_dqn_seed456.csv
train,0.1,244,-1,0.5608,157.73878343203486,77.43055555555556,0,0,0,0,923.8,23.47926199261993,947.27926199262,93.0,-92.38,0.6199999999999974,146,28,53,35,26,final_dqn_seed456.csv
train,0.1,245,-1,0.5589999999999999,231.70029804279304,21.875,0,0,60,5,1149.2,23.47926199261993,1172.67926199262,-867.0,-114.92,-981.92,79,53,101,35,20,final_dqn_seed456.csv
train,0.1,246,-1,0.5571999999999999,88.52032230250785,45.13888888888889,139,5,0,0,1070.0,23.47926199261993,1093.47926199262,-2745.0,-107.0,-2851.9999999999995,129,44,44,31,40,final_dqn_seed456.csv
train,0.1,247,-1,0.5554,108.89613846541862,79.86111111111111,40,6,0,0,1037.7,23.47926199261993,1061.17926199262,-657.0,-103.77,-760.7700000000001,134,31,45,49,29,final_dqn_seed456.csv
train,0.1,248,-1,0.5536,75.7384196995331,40.97222222222222,118,14,0,0,1823.0,23.47926199261993,1846.47926199262,-2502.0,-182.3,-2684.3,66,35,56,37,94,final_dqn_seed456.csv
train,0.1,249,-1,0.5518000000000001,94.79744023672326,62.15277777777778,81,6,0,0,1157.1999999999998,23.47926199261993,1180.6792619926198,-1575.0,-115.72,-1690.7200000000005,107,35,67,51,28,final_dqn_seed456.csv
eval,0.1,249,0,0.0,236.29309915265185,2.430555555555556,0,0,22,8,148.39999999999998,23.47926199261993,171.87926199261992,-731.0,-14.84,-745.84,235,53,0,0,0,final_dqn_seed456.csv
eval,0.1,249,1,0.0,221.70740925071868,25.694444444444443,0,0,24,5,86.79999999999998,23.47926199261993,110.27926199261992,-546.0,-8.68,-554.6800000000001,257,31,0,0,0,final_dqn_seed456.csv
eval,0.1,249,2,0.0,215.23207880610468,25.34722222222222,0,0,1,1,165.2,23.47926199261993,188.67926199261996,-365.0,-16.52,-381.52,229,59,0,0,0,final_dqn_seed456.csv
eval,0.1,249,3,0.0,224.03494643015017,15.625,0,0,2,2,78.39999999999999,23.47926199261993,101.87926199261992,-457.0,-7.839999999999999,-464.84,260,28,0,0,0,final_dqn_seed456.csv
eval,0.1,249,4,0.0,241.796772786444,4.861111111111112,0,0,15,6,100.79999999999998,23.47926199261993,124.27926199261992,-654.0,-10.079999999999998,-664.08,252,36,0,0,0,final_dqn_seed456.csv
train,0.1,250,-1,0.55,71.02954153477397,33.68055555555556,151,8,0,0,1495.9,23.47926199261993,1519.37926199262,-3123.0,-149.58999999999995,-3272.59,74,39,62,66,47,final_dqn_seed456.csv
train,0.1,251,-1,0.5482,257.5280249569671,9.722222222222223,0,0,80,2,746.7,23.47926199261993,770.17926199262,-1132.0,-74.66999999999999,-1206.6699999999998,176,33,28,24,27,final_dqn_seed456.csv
train,0.1,252,-1,0.5464,182.82231295055504,29.86111111111111,12,1,0,0,1054.4,23.47926199261993,1077.87926199262,-540.0,-105.44,-645.4399999999999,126,45,42,43,32,final_dqn_seed456.csv
train,0.1,253,-1,0.5446,139.16471033284466,74.65277777777779,18,2,0,0,978.3,23.47926199261993,1001.77926199262,-282.0,-97.83,-379.8300000000001,146,34,39,34,35,final_dqn_seed456.csv
train,0.1,254,-1,0.5428,104.08159976879698,67.36111111111111,76,4,0,0,1000.8,23.47926199261993,1024.27926199262,-1416.0,-100.07999999999998,-1516.0800000000004,132,35,55,38,28,final_dqn_seed456.csv
train,0.1,255,-1,0.5409999999999999,113.66749551836776,57.29166666666666,74,6,0,0,1078.4,23.47926199261993,1101.8792619926198,-1500.0,-107.84,-1607.8400000000004,112,61,44,39,32,final_dqn_seed456.csv
train,0.1,256,-1,0.5391999999999999,107.01778484620728,42.01388888888889,88,9,0,0,1358.9,23.47926199261993,1382.3792619926198,-1929.0,-135.89,-2064.89,79,64,58,38,49,final_dqn_seed456.csv
train,0.1,257,-1,0.5374,186.30849562490616,36.11111111111111,0,0,0,0,848.6,23.47926199261993,872.07926199262,-264.0,-84.86,-348.86,161,38,29,30,30,final_dqn_seed456.csv
train,0.1,258,-1,0.5356,144.68131249368187,75.0,2,1,0,0,864.8,23.47926199261993,888.2792619926199,-9.0,-86.47999999999999,-95.48,147,53,32,28,28,final_dqn_seed456.csv
train,0.1,259,-1,0.5338,193.38551389078415,48.95833333333333,0,0,3,1,1614.6,23.47926199261993,1638.07926199262,-177.0,-161.45999999999998,-338.46000000000004,76,41,65,28,78,final_dqn_seed456.csv
train,0.1,260,-1,0.532,79.62110528540786,45.83333333333333,116,7,0,0,1407.6,23.47926199261993,1431.07926199262,-2388.0,-140.76,-2528.76,73,74,52,33,56,final_dqn_seed456.csv
train,0.1,261,-1,0.5302,135.3082986243855,65.625,9,4,0,0,1106.1,23.47926199261993,1129.57926199262,-234.0,-110.61,-344.61,98,86,38,29,37,final_dqn_seed456.csv
train,0.1,262,-1,0.5284,218.23355933508756,14.583333333333334,0,0,0,0,977.1,23.47926199261993,1000.57926199262,-450.0,-97.71,-547.71,118,71,38,34,27,final_dqn_seed456.csv
train,0.1,263,-1,0.5266,176.59130604747946,55.90277777777778,0,0,0,0,946.4,23.47926199261993,969.8792619926198,-93.0,-94.64,-187.64,150,33,43,26,36,final_dqn_seed456.csv
train,0.1,264,-1,0.5247999999999999,158.68889228450047,70.48611111111111,0,0,0,0,1006.3,23.47926199261993,1029.77926199262,33.0,-100.63,-67.63,141,39,34,39,35,final_dqn_seed456.csv
train,0.1,265,-1,0.5229999999999999,103.89284110347636,39.58333333333333,127,2,0,0,1159.1,23.47926199261993,1182.57926199262,-2532.0,-115.91,-2647.9100000000003,112,56,43,34,43,final_dqn_seed456.csv
train,0.1,266,-1,0.5211999999999999,157.48738286100158,54.513888888888886,6,2,0,0,951.5,23.47926199261993,974.97926199262,-258.0,-95.15,-353.15,137,48,49,19,35,final_dqn_seed456.csv
train,0.1,267,-1,0.5194,119.66231353668375,75.0,41,1,0,0,1085.0,23.47926199261993,1108.47926199262,-711.0,-108.5,-819.5,101,82,39,32,34,final_dqn_seed456.csv
train,0.1,268,-1,0.5176,114.11127301070782,88.88888888888889,5,3,0,0,1161.3,23.47926199261993,1184.77926199262,21.0,-116.13,-95.13000000000002,74,95,54,36,29,final_dqn_seed456.csv
train,0.1,269,-1,0.5158,259.323774205531,2.7777777777777777,0,0,42,11,923.0,23.47926199261993,946.47926199262,-888.0,-92.3,-980.3,138,42,51,31,26,final_dqn_seed456.csv
train,0.1,270,-1,0.514,168.8525866961903,67.36111111111111,0,0,0,0,841.9,23.47926199261993,865.37926199262,6.0,-84.19,-78.19000000000001,161,34,40,22,31,final_dqn_seed456.csv
train,0.1,271,-1,0.5122,114.41277785755352,50.34722222222222,53,8,0,0,1210.9,23.47926199261993,1234.3792619926198,-1233.0,-121.09,-1354.09,83,85,43,40,37,final_dqn_seed456.csv
train,0.1,272,-1,0.5104,88.99145620762346,68.05555555555556,64,4,0,0,1570.9999999999998,23.47926199261993,1594.4792619926195,-1224.0,-157.1,-1381.1,40,82,80,24,62,final_dqn_seed456.csv
train,0.1,273,-1,0.5085999999999999,84.42222520319866,30.55555555555556,177,4,0,0,1219.1999999999998,23.47926199261993,1242.6792619926198,-3534.0,-121.92,-3655.92,91,69,37,59,32,final_dqn_seed456.csv
train,0.1,274,-1,0.5067999999999999,235.35630422173625,6.25,0,0,15,4,959.1,23.47926199261993,982.57926199262,-642.0,-95.91,-737.9100000000001,100,98,40,27,23,final_dqn_seed456.csv
train,0.1,275,-1,0.5049999999999999,73.44551494724463,36.11111111111111,136,9,0,0,1807.3,23.47926199261993,1830.77926199262,-2856.0,-180.73,-3036.7300000000005,42,63,49,57,77,final_dqn_seed456.csv
train,0.1,276,-1,0.5031999999999999,146.2773255494197,60.06944444444444,3,3,0,0,1089.6999999999998,23.47926199261993,1113.1792619926198,-147.0,-108.97,-255.97000000000003,106,82,36,23,41,final_dqn_seed456.csv
train,0.1,277,-1,0.5014,77.82109309772369,45.13888888888889,111,6,0,0,1638.2999999999995,23.47926199261993,1661.7792619926197,-2325.0,-163.82999999999998,-2488.8300000000004,66,64,46,33,79,final_dqn_seed456.csv
train,0.1,278,-1,0.4995999999999999,213.48822715797272,38.88888888888889,0,0,17,3,755.5999999999999,23.47926199261993,779.0792619926199,-376.0,-75.56,-451.56,168,39,31,26,24,final_dqn_seed456.csv
train,0.1,279,-1,0.4977999999999999,171.34394981880783,62.84722222222222,0,0,0,0,1183.9,23.47926199261993,1207.37926199262,-33.0,-118.39,-151.39,124,33,27,69,35,final_dqn_seed456.csv
train,0.1,280,-1,0.4959999999999999,212.6634381593102,18.40277777777778,0,0,6,2,878.9000000000001,23.47926199261993,902.37926199262,-465.0,-87.88999999999999,-552.89,174,13,31,37,33,final_dqn_seed456.csv
train,0.1,281,-1,0.4942,155.4993510785027,87.5,0,0,0,0,996.1,23.47926199261993,1019.57926199262,180.0,-99.61,80.39,145,24,42,48,29,final_dqn_seed456.csv
train,0.1,282,-1,0.4924,194.2738113960937,32.63888888888889,0,0,0,0,979.8,23.47926199261993,1003.27926199262,-294.0,-97.98,-391.98,154,27,20,57,30,final_dqn_seed456.csv
train,0.1,283,-1,0.4906,66.77743853436024,17.01388888888889,194,14,0,0,1627.3,23.47926199261993,1650.77926199262,-4056.0,-162.73,-4218.73,56,48,80,39,65,final_dqn_seed456.csv
train,0.1,284,-1,0.4888,254.3502482772536,7.986111111111111,0,0,23,7,1014.9,23.47926199261993,1038.37926199262,-691.0,-101.49,-792.49,113,76,33,37,29,final_dqn_seed456.csv
train,0.1,285,-1,0.487,162.4950976714492,69.09722222222221,0,0,0,0,901.6,23.47926199261993,925.07926199262,21.0,-90.16,-69.16,152,31,36,45,24,final_dqn_seed456.csv
train,0.1,286,-1,0.4852000000000001,96.939338908985,45.13888888888889,119,6,0,0,1367.5,23.47926199261993,1390.97926199262,-2418.0,-136.75,-2554.7500000000005,89,42,69,37,51,final_dqn_seed456.csv
train,0.1,287,-1,0.4834,118.65902263922553,44.79166666666667,97,2,0,0,1509.1999999999998,23.47926199261993,1532.6792619926198,-1965.0,-150.92000000000002,-2115.92,80,40,41,79,48,final_dqn_seed456.csv
train,0.1,288,-1,0.4816,178.69536878305655,49.30555555555556,0,0,0,0,983.0,23.47926199261993,1006.47926199262,-150.0,-98.3,-248.3,154,24,38,34,38,final_dqn_seed456.csv
train,0.1,289,-1,0.4798,242.178845825544,28.819444444444443,0,0,81,3,1376.0,23.47926199261993,1399.47926199262,-975.0,-137.6,-1112.6,71,61,28,108,20,final_dqn_seed456.csv
train,0.1,290,-1,0.478,109.75537870183685,65.97222222222221,61,5,0,0,1418.6,23.47926199261993,1442.07926199262,-1200.0,-141.86,-1341.86,87,30,89,24,58,final_dqn_seed456.csv
train,0.1,291,-1,0.4762,210.18573997883925,33.33333333333333,0,0,36,1,806.9000000000001,23.47926199261993,830.3792619926201,-576.0,-80.69,-656.6899999999998,172,23,31,37,25,final_dqn_seed456.csv
train,0.1,292,-1,0.4744,77.10786718757286,41.31944444444444,133,8,0,0,1849.2,23.47926199261993,1872.67926199262,-2721.0,-184.92,-2905.92,28,55,98,23,84,final_dqn_seed456.csv
train,0.1,293,-1,0.4726,134.8087940598302,63.54166666666666,23,2,0,0,1160.4,23.47926199261993,1183.87926199262,-525.0,-116.04,-641.04,113,33,74,28,40,final_dqn_seed456.csv
train,0.1,294,-1,0.4708,80.36204453375997,33.68055555555556,161,12,0,0,1259.2,23.47926199261993,1282.67926199262,-3270.0,-125.92000000000002,-3395.92,82,51,85,34,36,final_dqn_seed456.csv
train,0.1,295,-1,0.469,109.77873775995184,78.47222222222221,45,1,0,0,1237.7,23.47926199261993,1261.17926199262,-756.0,-123.76999999999998,-879.7700000000001,104,31,76,36,41,final_dqn_seed456.csv
train,0.1,296,-1,0.4672,69.84035678366708,31.944444444444443,161,6,0,0,1374.5,23.47926199261993,1397.97926199262,-3303.0,-137.45,-3440.4500000000007,61,77,72,33,45,final_dqn_seed456.csv
train,0.1,297,-1,0.4654,106.13757374196284,71.52777777777779,39,4,0,0,1358.6,23.47926199261993,1382.07926199262,-786.0,-135.86,-921.86,77,63,60,42,46,final_dqn_seed456.csv
train,0.1,298,-1,0.4636,145.37673720269987,67.36111111111111,22,1,0,0,838.3,23.47926199261993,861.7792619926199,-408.0,-83.83,-491.83,166,28,31,36,27,final_dqn_seed456.csv
train,0.1,299,-1,0.4618,117.22569241122096,67.01388888888889,35,2,0,0,1210.3,23.47926199261993,1233.77926199262,-693.0,-121.03,-814.03,110,31,66,42,39,final_dqn_seed456.csv
eval,0.1,299,0,0.0,255.26935475327613,5.208333333333334,0,0,71,3,2150.3,23.47926199261993,2173.77926199262,-1099.0,-215.03,-1314.03,7,0,0,278,3,final_dqn_seed456.csv
eval,0.1,299,1,0.0,103.85620634493884,70.48611111111111,30,6,0,0,693.2,23.47926199261993,716.67926199262,-669.0,-69.32000000000001,-738.3199999999999,181,25,35,27,20,final_dqn_seed456.csv
eval,0.1,299,2,0.0,117.17451983542648,82.29166666666666,16,1,0,0,684.3,23.47926199261993,707.7792619926199,-216.0,-68.43,-284.43000000000006,182,19,30,46,11,final_dqn_seed456.csv
eval,0.1,299,3,0.0,143.22442896653487,99.6527777777778,0,0,0,0,833.1999999999999,23.47926199261993,856.6792619926199,285.0,-83.32,201.68,171,7,8,102,0,final_dqn_seed456.csv
eval,0.1,299,4,0.0,119.18045738058905,52.083333333333336,54,8,0,0,998.8,23.47926199261993,1022.27926199262,-1230.0,-99.88,-1329.88,132,29,24,99,4,final_dqn_seed456.csv
train,0.1,300,-1,0.4599999999999999,111.50859778598917,53.81944444444444,67,6,0,0,1637.6,23.47926199261993,1661.07926199262,-1392.0,-163.76,-1555.76,72,30,55,71,60,final_dqn_seed456.csv
train,0.1,301,-1,0.4582,149.1214545517547,80.55555555555556,0,0,0,0,841.8,23.47926199261993,865.2792619926199,120.0,-84.18,35.82,138,63,37,28,22,final_dqn_seed456.csv
train,0.1,302,-1,0.4564,121.81224982540036,58.333333333333336,51,2,0,0,1130.1999999999998,23.47926199261993,1153.6792619926198,-1071.0,-113.02,-1184.02,98,75,50,27,38,final_dqn_seed456.csv
train,0.1,303,-1,0.4546,80.60234596551459,45.13888888888889,124,8,0,0,1151.3000000000002,23.47926199261993,1174.77926199262,-2490.0,-115.13,-2605.13,107,46,66,32,37,final_dqn_seed456.csv
train,0.1,304,-1,0.4528,224.51792243038292,16.666666666666664,0,0,5,2,1321.1,23.47926199261993,1344.57926199262,-472.0,-132.11,-604.11,76,60,69,44,39,final_dqn_seed456.csv
train,0.1,305,-1,0.4509999999999999,153.5831309297265,67.36111111111111,0,0,0,0,1369.2999999999995,23.47926199261993,1392.7792619926197,-3.0,-136.93,-139.93,55,94,68,22,49,final_dqn_seed456.csv
train,0.1,306,-1,0.4492,167.34953673106853,65.625,0,0,0,0,853.9,23.47926199261993,877.37926199262,-9.0,-85.38999999999999,-94.39,127,83,37,14,27,final_dqn_seed456.csv
train,0.1,307,-1,0.4474,143.10747115075117,87.84722222222221,0,0,0,0,1246.6999999999998,23.47926199261993,1270.1792619926198,183.0,-124.67,58.330000000000005,81,53,87,32,35,final_dqn_seed456.csv
train,0.1,308,-1,0.4456,190.32046732174072,38.54166666666667,0,0,0,0,1162.1999999999998,23.47926199261993,1185.6792619926198,-243.0,-116.22,-359.22,70,115,25,52,26,final_dqn_seed456.csv
train,0.1,309,-1,0.4438,76.59987249207413,39.93055555555556,133,10,0,0,1268.9,23.47926199261993,1292.37926199262,-2742.0,-126.89,-2868.8900000000003,83,42,96,30,37,final_dqn_seed456.csv
train,0.1,310,-1,0.4419999999999999,97.16035073546296,75.0,63,2,0,0,1055.5,23.47926199261993,1078.97926199262,-1089.0,-105.55,-1194.55,137,24,60,28,39,final_dqn_seed456.csv
train,0.1,311,-1,0.4402,121.7024295644203,60.06944444444444,71,4,0,0,1175.5,23.47926199261993,1198.97926199262,-1380.0,-117.55,-1497.5500000000002,105,66,32,46,39,final_dqn_seed456.csv
train,0.1,312,-1,0.4384,85.78210957286387,57.638888888888886,93,10,0,0,844.3,23.47926199261993,867.7792619926199,-1839.0,-84.43,-1923.4300000000003,167,31,28,31,31,final_dqn_seed456.csv
train,0.1,313,-1,0.4366,137.94165266959598,96.18055555555556,0,0,0,0,986.7,23.47926199261993,1010.17926199262,255.0,-98.67,156.32999999999998,127,67,24,39,31,final_dqn_seed456.csv
train,0.1,314,-1,0.4347999999999999,106.45560740530397,62.84722222222222,75,4,0,0,929.2,23.47926199261993,952.67926199262,-1473.0,-92.92,-1565.92,152,41,30,29,36,final_dqn_seed456.csv
train,0.1,315,-1,0.4329999999999999,171.5228680221705,62.84722222222222,0,0,0,0,1614.5,23.47926199261993,1637.97926199262,-33.0,-161.45,-194.45,60,28,31,148,21,final_dqn_seed456.csv
train,0.1,316,-1,0.4312,114.48884676195593,72.56944444444444,31,5,0,0,884.8,23.47926199261993,908.27926199262,-624.0,-88.47999999999999,-712.48,170,27,28,23,40,final_dqn_seed456.csv
train,0.1,317,-1,0.4294,275.15599828332023,4.861111111111112,0,0,141,1,1326.5,23.47926199261993,1349.97926199262,-1662.0,-132.65,-1794.65,126,29,37,27,69,final_dqn_seed456.csv
train,0.1,318,-1,0.4276,108.73626985064205,64.23611111111111,81,2,0,0,706.6,23.47926199261993,730.07926199262,-1506.0,-70.66,-1576.6600000000003,176,38,25,27,22,final_dqn_seed456.csv
train,0.1,319,-1,0.4257999999999999,125.72635305183977,50.0,60,6,0,0,979.9,23.47926199261993,1003.37926199262,-1260.0,-97.99,-1357.99,122,74,28,33,31,final_dqn_seed456.csv
train,0.1,320,-1,0.4239999999999999,226.3965116079665,4.166666666666666,0,0,3,2,1256.9,23.47926199261993,1280.37926199262,-564.0,-125.68999999999998,-689.69,81,57,66,55,29,final_dqn_seed456.csv
train,0.1,321,-1,0.4222,232.4309496686492,35.41666666666667,0,0,89,2,972.4,23.47926199261993,995.87926199262,-982.0,-97.24,-1079.24,73,139,33,23,20,final_dqn_seed456.csv
train,0.1,322,-1,0.4204,208.1272186898974,25.34722222222222,0,0,0,0,739.0,23.47926199261993,762.47926199262,-357.0,-73.9,-430.9,147,69,32,22,18,final_dqn_seed456.csv
train,0.1,323,-1,0.4185999999999999,147.87258889184653,82.98611111111111,0,0,0,0,923.6,23.47926199261993,947.07926199262,129.0,-92.36,36.640000000000015,120,80,38,22,28,final_dqn_seed456.csv
train,0.1,324,-1,0.4167999999999999,175.48369235770463,62.15277777777778,0,0,0,0,950.4,23.47926199261993,973.8792619926198,-39.0,-95.04,-134.04,129,59,47,21,32,final_dqn_seed456.csv
train,0.1,325,-1,0.4149999999999999,116.0214912196395,76.04166666666666,38,5,0,0,666.2,23.47926199261993,689.67926199262,-669.0,-66.62,-735.62,172,37,38,27,14,final_dqn_seed456.csv
train,0.1,326,-1,0.4132,106.4735956037584,70.48611111111111,47,6,0,0,718.3,23.47926199261993,741.7792619926199,-927.0,-71.82999999999998,-998.83,177,35,25,28,23,final_dqn_seed456.csv
train,0.1,327,-1,0.4114,120.91577667990558,58.333333333333336,57,5,0,0,934.8,23.47926199261993,958.27926199262,-1155.0,-93.48,-1248.48,162,31,25,30,40,final_dqn_seed456.csv
train,0.1,328,-1,0.4095999999999999,131.81209165710345,95.48611111111111,0,0,0,0,1035.6,23.47926199261993,1059.07926199262,237.0,-103.56,133.44,151,28,31,34,44,final_dqn_seed456.csv
train,0.1,329,-1,0.4077999999999999,183.5449203678737,51.04166666666666,0,0,7,4,1786.6999999999998,23.47926199261993,1810.17926199262,-191.0,-178.67000000000002,-369.67,63,60,22,56,87,final_dqn_seed456.csv
train,0.1,330,-1,0.4059999999999999,154.2051897797587,80.90277777777779,0,0,0,0,1798.9,23.47926199261993,1822.37926199262,123.0,-179.89,-56.88999999999999,63,70,25,29,101,final_dqn_seed456.csv
train,0.1,331,-1,0.4042,120.79351365079856,75.69444444444444,20,6,0,0,1044.1999999999998,23.47926199261993,1067.6792619926198,-375.0,-104.42,-479.4200000000001,134,54,26,32,42,final_dqn_seed456.csv
train,0.1,332,-1,0.4024,154.86500303542164,42.36111111111111,36,1,0,0,1023.7,23.47926199261993,1047.17926199262,-876.0,-102.37,-978.37,106,45,88,28,21,final_dqn_seed456.csv
train,0.1,333,-1,0.4005999999999999,112.62321891678016,79.16666666666666,55,2,0,0,1220.1,23.47926199261993,1243.57926199262,-897.0,-122.01,-1019.0100000000002,133,29,35,34,57,final_dqn_seed456.csv
train,0.1,334,-1,0.3987999999999999,149.4274904278398,72.56944444444444,0,0,0,0,1090.2,23.47926199261993,1113.67926199262,36.0,-109.02,-73.02,132,33,44,41,38,final_dqn_seed456.csv
train,0.1,335,-1,0.3969999999999999,203.9699466881028,13.194444444444445,0,0,0,0,1150.9,23.47926199261993,1174.37926199262,-462.0,-115.08999999999996,-577.09,84,86,32,65,21,final_dqn_seed456.csv
train,0.1,336,-1,0.3952,210.8580394601153,33.33333333333333,0,0,28,5,1217.3000000000002,23.47926199261993,1240.77926199262,-512.0,-121.73,-633.73,114,34,23,92,25,final_dqn_seed456.csv
train,0.1,337,-1,0.3933999999999999,86.07170243331127,55.208333333333336,66,8,0,0,1312.5,23.47926199261993,1335.97926199262,-1476.0,-131.25,-1607.2500000000002,118,51,19,35,65,final_dqn_seed456.csv
train,0.1,338,-1,0.3915999999999999,187.84313082863704,45.13888888888889,0,0,1,1,1100.1999999999998,23.47926199261993,1123.6792619926198,-194.0,-110.02,-304.02000000000004,104,77,34,39,34,final_dqn_seed456.csv
train,0.1,339,-1,0.3897999999999999,150.73922303252934,89.23611111111111,0,0,0,0,967.1,23.47926199261993,990.57926199262,195.0,-96.71,98.29,118,27,103,21,19,final_dqn_seed456.csv
train,0.1,340,-1,0.3879999999999999,174.6135629874599,58.68055555555556,0,0,3,2,1385.2,23.47926199261993,1408.67926199262,-93.0,-138.51999999999998,-231.52,72,47,60,81,28,final_dqn_seed456.csv
train,0.1,341,-1,0.3862,101.078393713342,63.888888888888886,68,10,0,0,701.3,23.47926199261993,724.7792619926199,-1356.0,-70.13,-1426.13,174,36,34,23,21,final_dqn_seed456.csv
train,0.1,342,-1,0.3843999999999999,194.8371873854855,30.90277777777778,0,0,0,0,1223.6,23.47926199261993,1247.07926199262,-309.0,-122.36,-431.36,57,84,81,46,20,final_dqn_seed456.csv
train,0.1,343,-1,0.3825999999999999,192.7208346858987,38.54166666666667,0,0,1,1,1065.3,23.47926199261993,1088.77926199262,-251.0,-106.53,-357.53000000000003,117,37,50,67,17,final_dqn_seed456.csv
train,0.1,344,-1,0.3808,101.2265453662003,61.80555555555556,75,7,0,0,867.0,23.47926199261993,890.47926199262,-1491.0,-86.69999999999999,-1577.6999999999998,143,37,59,27,22,final_dqn_seed456.csv
train,0.1,345,-1,0.379,241.8450199549489,45.83333333333333,0,0,119,2,1456.4,23.47926199261993,1479.87926199262,-1132.0,-145.64,-1277.64,50,46,82,90,20,final_dqn_seed456.csv
train,0.1,346,-1,0.3772,231.96987993311143,18.75,0,0,52,3,1200.2,23.47926199261993,1223.67926199262,-830.0,-120.02,-950.02,36,137,52,45,18,final_dqn_seed456.csv
train,0.1,347,-1,0.3754,329.253220792011,2.083333333333333,0,0,187,5,1280.4,23.47926199261993,1303.87926199262,-2054.0,-128.03999999999996,-2182.0400000000004,47,130,16,71,24,final_dqn_seed456.csv
train,0.1,348,-1,0.3736,162.67052761982507,47.22222222222222,8,5,0,0,1624.2999999999995,23.47926199261993,1647.7792619926197,-342.0,-162.43,-504.43000000000006,22,80,101,30,55,final_dqn_seed456.csv
train,0.1,349,-1,0.3718,167.6526791257274,57.98611111111112,0,0,0,0,1803.6,23.47926199261993,1827.07926199262,-75.0,-180.36,-255.36,35,33,105,47,68,final_dqn_seed456.csv
eval,0.1,349,0,0.0,137.64690346284144,50.69444444444444,31,3,0,0,1965.0,23.47926199261993,1988.47926199262,-789.0,-196.5,-985.5,10,62,118,0,98,final_dqn_seed456.csv
eval,0.1,349,1,0.0,101.60026136741163,78.81944444444444,26,6,0,0,2552.7,23.47926199261993,2576.17926199262,-468.0,-255.27,-723.27,1,40,84,0,163,final_dqn_seed456.csv
eval,0.1,349,2,0.0,93.69893385054309,47.56944444444444,130,6,0,0,1813.1,23.47926199261993,1836.57926199262,-2541.0,-181.31,-2722.3100000000004,20,87,90,0,91,final_dqn_seed456.csv
eval,0.1,349,3,0.0,105.76262923339353,78.125,35,1,0,0,2387.0,23.47926199261993,2410.47926199262,-615.0,-238.7,-853.6999999999999,2,41,102,1,142,final_dqn_seed456.csv
eval,0.1,349,4,0.0,66.25941063463176,20.833333333333336,200,11,0,0,1732.1999999999998,23.47926199261993,1755.6792619926198,-4080.0,-173.22000000000003,-4253.22,25,134,30,5,94,final_dqn_seed456.csv
train,0.1,350,-1,0.37,96.28786822230036,32.98611111111111,124,11,0,0,2013.8,23.47926199261993,2037.27926199262,-2658.0,-201.38,-2859.38,41,43,49,57,98,final_dqn_seed456.csv
train,0.1,351,-1,0.3681999999999999,81.88259849210715,36.11111111111111,90,19,0,0,2142.0999999999995,23.47926199261993,2165.579261992619,-2166.0,-214.21,-2380.21,28,51,44,56,109,final_dqn_seed456.csv
train,0.1,352,-1,0.3664,110.69886840957338,62.84722222222222,85,5,0,0,1381.0,23.47926199261993,1404.47926199262,-1629.0,-138.10000000000002,-1767.1,62,29,116,55,26,final_dqn_seed456.csv
train,0.1,353,-1,0.3646,169.40992971225447,38.88888888888889,4,1,0,0,1230.6,23.47926199261993,1254.07926199262,-375.0,-123.06,-498.06,128,20,48,42,50,final_dqn_seed456.csv
train,0.1,354,-1,0.3628,242.96707961270351,4.513888888888888,0,0,41,2,925.8,23.47926199261993,949.27926199262,-865.0,-92.57999999999998,-957.58,128,66,29,43,22,final_dqn_seed456.csv
train,0.1,355,-1,0.361,186.36877451730075,58.68055555555556,0,0,0,0,1216.4,23.47926199261993,1239.8792619926198,-69.0,-121.64,-190.64,96,50,57,53,32,final_dqn_seed456.csv
train,0.1,356,-1,0.3591999999999999,253.31254837781216,26.73611111111111,0,0,109,2,1254.6999999999998,23.47926199261993,1278.1792619926198,-1217.0,-125.47,-1342.47,78,24,121,42,23,final_dqn_seed456.csv
train,0.1,357,-1,0.3574,111.93102110031327,73.95833333333334,25,8,0,0,1267.4,23.47926199261993,1290.87926199262,-525.0,-126.74,-651.74,108,44,55,27,54,final_dqn_seed456.csv
train,0.1,358,-1,0.3556,110.6371323232495,72.22222222222221,57,3,0,0,894.8,23.47926199261993,918.27926199262,-1041.0,-89.48,-1130.48,146,32,53,33,24,final_dqn_seed456.csv
train,0.1,359,-1,0.3538,278.8852351144104,12.84722222222222,0,0,169,5,1549.8,23.47926199261993,1573.27926199262,-1817.0,-154.98,-1971.98,51,62,50,87,38,final_dqn_seed456.csv
train,0.1,360,-1,0.352,248.4665195215833,11.11111111111111,0,0,38,10,804.9,23.47926199261993,828.37926199262,-784.0,-80.49,-864.49,140,56,48,27,17,final_dqn_seed456.csv
train,0.1,361,-1,0.3501999999999999,76.50366729107861,31.25,121,17,0,0,1247.1999999999998,23.47926199261993,1270.6792619926198,-2715.0,-124.72,-2839.7200000000003,117,29,39,63,40,final_dqn_seed456.csv
train,0.1,362,-1,0.3484,272.0117590201505,6.944444444444445,0,0,83,6,1805.6,23.47926199261993,1829.07926199262,-1180.0,-180.56,-1360.56,52,22,105,25,84,final_dqn_seed456.csv
train,0.1,363,-1,0.3466,108.59277351055508,54.513888888888886,107,2,0,0,1216.6999999999998,23.47926199261993,1240.1792619926198,-2049.0,-121.67,-2170.67,89,39,79,58,23,final_dqn_seed456.csv
train,0.1,364,-1,0.3448,152.63804927558073,86.45833333333334,0,0,0,0,979.6,23.47926199261993,1003.07926199262,171.0,-97.96,73.03999999999999,127,38,71,24,28,final_dqn_seed456.csv
train,0.1,365,-1,0.3429999999999999,230.2918255785856,28.47222222222222,0,0,71,2,1439.9,23.47926199261993,1463.37926199262,-898.0,-143.99,-1041.99,66,75,56,36,55,final_dqn_seed456.csv
train,0.1,366,-1,0.3411999999999999,164.40688928635427,58.333333333333336,0,0,0,0,997.6,23.47926199261993,1021.07926199262,-72.0,-99.76,-171.76,95,82,62,29,20,final_dqn_seed456.csv
train,0.1,367,-1,0.3394,242.99421133338225,3.4722222222222223,0,0,9,2,1183.6999999999998,23.47926199261993,1207.1792619926198,-618.0,-118.37,-736.37,72,62,94,39,21,final_dqn_seed456.csv
train,0.1,368,-1,0.3376,164.2718481077494,74.65277777777779,0,0,0,0,1118.1,23.47926199261993,1141.57926199262,69.0,-111.81,-42.81,67,118,49,25,29,final_dqn_seed456.csv
train,0.1,369,-1,0.3358,311.340017790958,0.6944444444444444,0,0,151,1,801.3999999999999,23.47926199261993,824.8792619926198,-1778.0,-80.14,-1858.14,149,47,42,32,18,final_dqn_seed456.csv
train,0.1,370,-1,0.3339999999999999,115.7957019661428,72.22222222222221,48,5,0,0,803.4,23.47926199261993,826.87926199262,-864.0,-80.33999999999999,-944.34,171,17,26,60,14,final_dqn_seed456.csv
train,0.1,371,-1,0.3321999999999999,123.17842796269488,97.2222222222222,1,1,0,0,1101.1,23.47926199261993,1124.57926199262,225.0,-110.11,114.89,128,34,23,80,23,final_dqn_seed456.csv
train,0.1,372,-1,0.3304,194.36515790897343,32.98611111111111,0,0,0,0,1559.1,23.47926199261993,1582.57926199262,-291.0,-155.91,-446.91,38,77,51,87,35,final_dqn_seed456.csv
train,0.1,373,-1,0.3286,121.30555029766045,76.38888888888889,39,8,0,0,629.4,23.47926199261993,652.87926199262,-690.0,-62.94,-752.9400000000002,182,30,36,26,14,final_dqn_seed456.csv
train,0.1,374,-1,0.3268,241.46451388494344,28.125,0,0,89,3,1565.1999999999998,23.47926199261993,1588.6792619926198,-1045.0,-156.52,-1201.52,76,37,79,24,72,final_dqn_seed456.csv
train,0.1,375,-1,0.3249999999999999,227.31634568762195,27.43055555555556,0,0,61,4,1412.6999999999998,23.47926199261993,1436.1792619926198,-827.0,-141.26999999999998,-968.27,42,65,78,88,15,final_dqn_seed456.csv
train,0.1,376,-1,0.3231999999999999,107.41501563738844,68.40277777777779,71,3,0,0,1145.7,23.47926199261993,1169.17926199262,-1296.0,-114.57,-1410.57,134,26,15,84,29,final_dqn_seed456.csv
train,0.1,377,-1,0.3214,231.54022085137908,24.305555555555557,0,0,32,3,1069.6,23.47926199261993,1093.07926199262,-622.0,-106.96,-728.96,97,37,108,26,20,final_dqn_seed456.csv
train,0.1,378,-1,0.3196,182.3155784501712,44.79166666666667,0,0,0,0,790.6,23.47926199261993,814.07926199262,-189.0,-79.06,-268.06,152,34,60,24,18,final_dqn_seed456.csv
train,0.1,379,-1,0.3177999999999999,215.69088535421093,31.25,0,0,12,6,915.6,23.47926199261993,939.07926199262,-402.0,-91.56,-493.56000000000006,125,79,22,38,24,final_dqn_seed456.csv
train,0.1,380,-1,0.3159999999999999,186.4273234081577,39.23611111111111,0,0,0,0,450.0,23.47926199261993,473.4792619926199,-237.0,-45.0,-282.0,221,17,20,14,16,final_dqn_seed456.csv
train,0.1,381,-1,0.3141999999999999,99.6013993548303,52.43055555555556,111,3,0,0,1241.4,23.47926199261993,1264.87926199262,-2148.0,-124.14,-2272.14,123,35,18,70,42,final_dqn_seed456.csv
train,0.1,382,-1,0.3124,116.04413443991544,69.09722222222221,55,4,0,0,553.1999999999999,23.47926199261993,576.6792619926199,-1029.0,-55.31999999999999,-1084.32,200,27,23,22,16,final_dqn_seed456.csv
train,0.1,383,-1,0.3106,107.7680457921042,85.06944444444444,13,1,0,0,561.1999999999999,23.47926199261993,584.6792619926199,-159.0,-56.12,-215.12,209,14,18,31,16,final_dqn_seed456.csv
train,0.1,384,-1,0.3087999999999999,96.13331051294853,62.84722222222222,59,8,0,0,765.8,23.47926199261993,789.2792619926199,-1239.0,-76.58,-1315.5800000000002,182,22,15,47,22,final_dqn_seed456.csv
train,0.1,385,-1,0.3069999999999999,114.34789654597692,80.55555555555556,32,3,0,0,670.6,23.47926199261993,694.07926199262,-519.0,-67.06,-586.0600000000001,188,16,36,30,18,final_dqn_seed456.csv
train,0.1,386,-1,0.3051999999999999,80.2961373276737,43.75,117,7,0,0,1461.7,23.47926199261993,1485.17926199262,-2439.0,-146.17,-2585.17,95,26,50,64,53,final_dqn_seed456.csv
train,0.1,387,-1,0.3034,92.20442277180088,22.916666666666664,140,11,0,0,1512.7999999999995,23.47926199261993,1536.2792619926197,-3018.0,-151.28,-3169.28,96,46,28,46,72,final_dqn_seed456.csv
train,0.1,388,-1,0.3016,111.06867776453004,71.875,62,5,0,0,834.8,23.47926199261993,858.2792619926199,-1125.0,-83.47999999999999,-1208.4799999999998,162,25,50,23,28,final_dqn_seed456.csv
train,0.1,389,-1,0.2997999999999999,199.21362837811117,18.055555555555557,0,0,0,0,549.4,23.47926199261993,572.87926199262,-420.0,-54.94,-474.94,214,17,14,21,22,final_dqn_seed456.csv
train,0.1,390,-1,0.2979999999999999,96.53592934592751,70.83333333333334,49,7,0,0,1302.6,23.47926199261993,1326.07926199262,-951.0,-130.26,-1081.2600000000002,134,20,41,23,70,final_dqn_seed456.csv
train,0.1,391,-1,0.2961999999999999,116.08192854047888,78.81944444444444,42,1,0,0,1077.4,23.47926199261993,1100.87926199262,-696.0,-107.74,-803.7400000000001,164,20,19,27,58,final_dqn_seed456.csv
train,0.1,392,-1,0.2944,190.49110011713952,33.68055555555556,0,0,0,0,533.5,23.47926199261993,556.97926199262,-285.0,-53.35,-338.35,201,39,12,17,19,final_dqn_seed456.csv
train,0.1,393,-1,0.2925999999999999,100.17140244027104,70.13888888888889,70,5,0,0,879.2,23.47926199261993,902.67926199262,-1278.0,-87.91999999999999,-1365.9199999999998,163,20,47,26,32,final_dqn_seed456.csv
train,0.1,394,-1,0.2907999999999999,175.65388526949786,60.763888888888886,0,0,0,0,545.4000000000001,23.47926199261993,568.8792619926201,-51.0,-54.53999999999999,-105.54,203,23,28,16,18,final_dqn_seed456.csv
train,0.1,395,-1,0.2889999999999999,99.75988196494536,58.68055555555556,96,8,0,0,1262.1999999999998,23.47926199261993,1285.6792619926198,-1866.0,-126.22,-1992.2200000000005,123,40,44,15,66,final_dqn_seed456.csv
train,0.1,396,-1,0.2871999999999999,209.0158597829933,42.01388888888889,0,0,51,4,496.9,23.47926199261993,520.37926199262,-621.0,-49.69,-670.6899999999999,199,32,25,23,9,final_dqn_seed456.csv
train,0.1,397,-1,0.2854,104.1325855242082,49.30555555555556,88,8,0,0,1063.1,23.47926199261993,1086.57926199262,-1854.0,-106.31,-1960.31,97,21,136,15,19,final_dqn_seed456.csv
train,0.1,398,-1,0.2835999999999999,161.38921047771814,70.83333333333334,0,0,0,0,648.6,23.47926199261993,672.07926199262,36.0,-64.85999999999999,-28.859999999999992,174,48,27,21,18,final_dqn_seed456.csv
train,0.1,399,-1,0.2817999999999999,81.90143483763038,51.73611111111112,117,8,0,0,1068.0,23.47926199261993,1091.47926199262,-2301.0,-106.8,-2407.8,127,33,62,30,36,final_dqn_seed456.csv
eval,0.1,399,0,0.0,144.6405422760527,74.65277777777779,0,0,0,0,541.7,23.47926199261993,565.17926199262,57.0,-54.17,2.829999999999984,196,0,79,0,13,final_dqn_seed456.csv
eval,0.1,399,1,0.0,256.55324568816314,4.513888888888888,0,0,74,5,636.5,23.47926199261993,659.97926199262,-1129.0,-63.650000000000006,-1192.65,157,0,130,0,1,final_dqn_seed456.csv
eval,0.1,399,2,0.0,73.81524346510712,27.77777777777778,99,22,0,0,1625.7,23.47926199261993,1649.17926199262,-2445.0,-162.57,-2607.57,102,7,82,0,97,final_dqn_seed456.csv
eval,0.1,399,3,0.0,92.66077199539436,54.513888888888886,77,7,0,0,1399.2999999999995,23.47926199261993,1422.7792619926197,-1623.0,-139.93,-1762.93,109,11,95,0,73,final_dqn_seed456.csv
eval,0.1,399,4,0.0,99.50700951039376,71.875,32,5,0,0,1382.6,23.47926199261993,1406.07926199262,-678.0,-138.26,-816.2600000000001,111,3,104,0,70,final_dqn_seed456.csv
train,0.1,400,-1,0.2799999999999999,157.79756341354656,69.79166666666666,0,0,0,0,799.5,23.47926199261993,822.97926199262,-6.0,-79.95,-85.94999999999999,155,29,66,15,23,final_dqn_seed456.csv
train,0.1,401,-1,0.2781999999999999,89.63491893678452,63.888888888888886,64,3,0,0,1621.7999999999995,23.47926199261993,1645.2792619926197,-1296.0,-162.18,-1458.18,48,57,83,38,62,final_dqn_seed456.csv
train,0.1,402,-1,0.2764,244.479910574474,10.416666666666668,0,0,40,1,1010.1,23.47926199261993,1033.57926199262,-806.0,-101.00999999999998,-907.01,94,96,31,50,17,final_dqn_seed456.csv
train,0.1,403,-1,0.2745999999999999,137.53666639497592,90.9722222222222,0,0,0,0,864.5,23.47926199261993,887.97926199262,180.0,-86.44999999999999,93.55,167,16,50,22,33,final_dqn_seed456.csv
train,0.1,404,-1,0.2727999999999999,183.8882443971195,36.80555555555556,0,0,0,0,772.3,23.47926199261993,795.7792619926199,-258.0,-77.22999999999999,-335.23,154,52,32,31,19,final_dqn_seed456.csv
train,0.1,405,-1,0.2709999999999999,157.6232860982378,78.81944444444444,0,0,0,0,597.8,23.47926199261993,621.2792619926199,105.0,-59.78,45.220000000000006,197,21,36,12,22,final_dqn_seed456.csv
train,0.1,406,-1,0.2691999999999999,125.05813535838752,82.63888888888889,0,0,0,0,1200.6,23.47926199261993,1224.07926199262,87.0,-120.06,-33.06000000000001,111,38,60,37,42,final_dqn_seed456.csv
train,0.1,407,-1,0.2674000000000001,194.3627093523976,33.68055555555556,0,0,0,0,437.1,23.47926199261993,460.5792619926199,-285.0,-43.71,-328.71000000000004,213,29,17,18,11,final_dqn_seed456.csv
train,0.1,408,-1,0.2656,284.7266445982118,9.722222222222223,0,0,170,7,653.7,23.47926199261993,677.17926199262,-1852.0,-65.36999999999999,-1917.37,166,37,57,15,13,final_dqn_seed456.csv
train,0.1,409,-1,0.2638,100.036048327547,60.41666666666666,89,2,0,0,836.9,23.47926199261993,860.37926199262,-1731.0,-83.69,-1814.69,159,35,28,45,21,final_dqn_seed456.csv
train,0.1,410,-1,0.262,181.49048534005615,42.01388888888889,0,0,0,0,474.9,23.47926199261993,498.37926199262,-213.0,-47.49,-260.49,205,30,27,13,13,final_dqn_seed456.csv
train,0.1,411,-1,0.2602,209.8487925866517,20.48611111111111,0,0,1,1,1302.6999999999998,23.47926199261993,1326.1792619926198,-407.0,-130.26999999999998,-537.27,130,11,27,73,47,final_dqn_seed456.csv
train,0.1,412,-1,0.2584000000000001,135.4385961148715,88.19444444444444,5,1,0,0,1051.6,23.47926199261993,1075.07926199262,69.0,-105.16,-36.16,147,17,34,58,32,final_dqn_seed456.csv
train,0.1,413,-1,0.2566,294.0028315342913,21.180555555555557,0,0,159,1,1705.1,23.47926199261993,1728.57926199262,-1665.0,-170.51,-1835.51,87,46,10,58,87,final_dqn_seed456.csv
train,0.1,414,-1,0.2548,175.13328602488744,51.388888888888886,0,0,0,0,569.5,23.47926199261993,592.97926199262,-132.0,-56.95,-188.95,212,10,26,17,23,final_dqn_seed456.csv
train,0.1,415,-1,0.253,117.42642224223238,77.08333333333334,28,5,0,0,971.6,23.47926199261993,995.07926199262,-519.0,-97.16,-616.1600000000001,156,27,35,30,40,final_dqn_seed456.csv
train,0.1,416,-1,0.2512,68.08634553811423,26.38888888888889,182,12,0,0,2038.2,23.47926199261993,2061.67926199262,-3714.0,-203.82,-3917.82,39,65,8,78,98,final_dqn_seed456.csv
train,0.1,417,-1,0.2494,126.16045379666886,96.18055555555556,5,1,0,0,1052.6,23.47926199261993,1076.07926199262,150.0,-105.26,44.73999999999996,140,27,46,37,38,final_dqn_seed456.csv
train,0.1,418,-1,0.2476,248.6010900483959,13.88888888888889,0,0,63,6,581.9,23.47926199261993,605.37926199262,-960.0,-58.19,-1018.19,189,24,46,14,15,final_dqn_seed456.csv
train,0.1,419,-1,0.2458,177.64534214884705,40.97222222222222,2,1,0,0,557.1000000000001,23.47926199261993,580.5792619926201,-270.0,-55.71,-325.71000000000004,209,15,23,22,19,final_dqn_seed456.csv
train,0.1,420,-1,0.244,235.5920772173239,8.333333333333332,0,0,63,7,617.3,23.47926199261993,640.7792619926199,-1008.0,-61.73,-1069.73,200,24,21,18,25,final_dqn_seed456.csv
train,0.1,421,-1,0.2421999999999999,246.65006766292024,15.625,0,0,72,10,916.3,23.47926199261993,939.77926199262,-1017.0,-91.63,-1108.63,130,46,63,26,23,final_dqn_seed456.csv
train,0.1,422,-1,0.2404,85.03330468228448,40.625,119,8,0,0,1290.1999999999998,23.47926199261993,1313.6792619926198,-2511.0,-129.01999999999998,-2640.0200000000004,66,104,16,72,30,final_dqn_seed456.csv
train,0.1,423,-1,0.2386,82.34110830608155,40.27777777777778,135,7,0,0,1875.2,23.47926199261993,1898.67926199262,-2769.0,-187.52,-2956.5200000000004,73,25,11,99,80,final_dqn_seed456.csv
train,0.1,424,-1,0.2368,255.55690124171625,7.291666666666667,0,0,45,11,1544.9,23.47926199261993,1568.3792619926198,-873.0,-154.49,-1027.49,99,28,62,14,85,final_dqn_seed456.csv
train,0.1,425,-1,0.235,210.53635031118773,33.33333333333333,0,0,3,1,559.9000000000001,23.47926199261993,583.3792619926201,-312.0,-55.99,-367.99,215,9,16,29,19,final_dqn_seed456.csv
train,0.1,426,-1,0.2331999999999999,310.6257894054181,4.166666666666666,0,0,194,3,1218.0,23.47926199261993,1241.47926199262,-2092.0,-121.8,-2213.8,132,16,45,47,48,final_dqn_seed456.csv
train,0.1,427,-1,0.2314,84.66063149305877,60.763888888888886,88,4,0,0,1362.6,23.47926199261993,1386.07926199262,-1710.0,-136.26,-1846.26,43,67,95,65,18,final_dqn_seed456.csv
train,0.1,428,-1,0.2296,145.51697098020938,72.56944444444444,26,1,0,0,1071.8,23.47926199261993,1095.27926199262,-429.0,-107.18,-536.1800000000002,97,66,47,64,14,final_dqn_seed456.csv
train,0.1,429,-1,0.2278,205.8674273696421,28.819444444444443,0,0,19,2,657.0999999999999,23.47926199261993,680.5792619926199,-479.0,-65.71,-544.71,175,41,21,40,11,final_dqn_seed456.csv
train,0.1,430,-1,0.2259999999999999,153.14453787162412,62.5,16,1,0,0,662.9,23.47926199261993,686.37926199262,-336.0,-66.28999999999999,-402.29,153,58,53,11,13,final_dqn_seed456.csv
train,0.1,431,-1,0.2241999999999999,79.94490638362991,44.44444444444444,97,14,0,0,1488.5999999999997,23.47926199261993,1512.0792619926196,-2127.0,-148.86,-2275.86,31,79,55,109,14,final_dqn_seed456.csv
train,0.1,432,-1,0.2224,180.63705761926437,56.25,0,0,0,0,506.9,23.47926199261993,530.37926199262,-90.0,-50.69,-140.69,175,79,13,8,13,final_dqn_seed456.csv
train,0.1,433,-1,0.2206,135.5062961800977,98.26388888888889,0,0,0,0,338.6,23.47926199261993,362.0792619926199,273.0,-33.86,239.14,218,40,11,13,6,final_dqn_seed456.csv
train,0.1,434,-1,0.2188,139.8285919895271,93.4027777777778,7,1,0,0,785.3,23.47926199261993,808.7792619926199,93.0,-78.53,14.46999999999997,150,53,19,57,9,final_dqn_seed456.csv
train,0.1,435,-1,0.2169999999999999,142.09947099924076,73.26388888888889,13,1,0,0,659.8,23.47926199261993,683.2792619926199,-201.0,-65.97999999999999,-266.98,150,72,33,23,10,final_dqn_seed456.csv
train,0.1,436,-1,0.2151999999999999,83.95545829304696,45.13888888888889,76,14,0,0,1278.9,23.47926199261993,1302.37926199262,-1800.0,-127.89,-1927.89,71,84,32,76,25,final_dqn_seed456.csv
train,0.1,437,-1,0.2134,181.9758616776704,54.16666666666666,0,0,0,0,635.7,23.47926199261993,659.17926199262,-108.0,-63.57,-171.57,197,29,14,23,25,final_dqn_seed456.csv
train,0.1,438,-1,0.2116,72.85581124760863,29.51388888888889,139,19,0,0,1103.8,23.47926199261993,1127.27926199262,-3015.0,-110.38,-3125.38,117,44,26,83,18,final_dqn_seed456.csv
train,0.1,439,-1,0.2098,105.67221579658602,67.36111111111111,63,9,0,0,1029.8000000000002,23.47926199261993,1053.27926199262,-1221.0,-102.98,-1323.98,161,30,13,34,50,final_dqn_seed456.csv
train,0.1,440,-1,0.2079999999999999,81.07135576272282,36.45833333333333,107,12,0,0,1448.6999999999998,23.47926199261993,1472.1792619926198,-2415.0,-144.87,-2559.8700000000003,78,60,39,60,51,final_dqn_seed456.csv
train,0.1,441,-1,0.2061999999999999,207.347433447484,22.569444444444446,0,0,11,4,1406.7,23.47926199261993,1430.17926199262,-469.0,-140.67,-609.67,67,71,23,100,27,final_dqn_seed456.csv
train,0.1,442,-1,0.2044,129.11287600922395,76.04166666666666,4,1,0,0,963.7,23.47926199261993,987.17926199262,-60.0,-96.37,-156.37000000000003,112,27,117,15,17,final_dqn_seed456.csv
train,0.1,443,-1,0.2026,76.74204721133157,39.93055555555556,132,11,0,0,800.4,23.47926199261993,823.87926199262,-2730.0,-80.03999999999999,-2810.04,153,12,81,30,12,final_dqn_seed456.csv
train,0.1,444,-1,0.2007999999999999,197.55783499200317,53.125,0,0,44,4,562.7,23.47926199261993,586.17926199262,-475.0,-56.27,-531.27,185,32,43,17,11,final_dqn_seed456.csv
train,0.1,445,-1,0.1989999999999999,220.8345419515106,19.09722222222222,0,0,1,1,1387.1999999999998,23.47926199261993,1410.6792619926198,-419.0,-138.71999999999997,-557.72,137,9,11,67,64,final_dqn_seed456.csv
train,0.1,446,-1,0.1971999999999999,122.10689712857584,47.22222222222222,65,6,0,0,524.3,23.47926199261993,547.7792619926199,-1410.0,-52.42999999999999,-1462.4300000000003,204,28,19,22,15,final_dqn_seed456.csv
train,0.1,447,-1,0.1954,108.3370199881328,89.93055555555556,3,2,0,0,510.0,23.47926199261993,533.47926199262,69.0,-51.0,17.99999999999997,168,82,17,13,8,final_dqn_seed456.csv
train,0.1,448,-1,0.1936,68.22052949685035,20.833333333333336,160,19,0,0,1039.7,23.47926199261993,1063.17926199262,-3480.0,-103.97,-3583.9700000000003,131,33,56,35,33,final_dqn_seed456.csv
train,0.1,449,-1,0.1917999999999999,112.32518071499004,78.81944444444444,39,5,0,0,646.5999999999999,23.47926199261993,670.0792619926199,-648.0,-64.66,-712.6600000000002,167,28,60,27,6,final_dqn_seed456.csv
eval,0.1,449,0,0.0,138.27294467422743,45.48611111111111,64,5,0,0,0.0,23.47926199261993,23.47926199261993,-1371.0,0.0,-1371.0,288,0,0,0,0,final_dqn_seed456.csv
eval,0.1,449,1,0.0,245.25845875972567,8.680555555555555,0,0,25,3,0.0,23.47926199261993,23.47926199261993,-701.0,0.0,-701.0,288,0,0,0,0,final_dqn_seed456.csv
eval,0.1,449,2,0.0,138.92802074181802,57.29166666666666,25,8,0,0,0.0,23.47926199261993,23.47926199261993,-615.0,0.0,-615.0,288,0,0,0,0,final_dqn_seed456.csv
eval,0.1,449,3,0.0,328.26082069551063,5.208333333333334,0,0,215,1,0.0,23.47926199261993,23.47926199261993,-2251.0,0.0,-2251.0,288,0,0,0,0,final_dqn_seed456.csv
eval,0.1,449,4,0.0,152.39595484566982,80.20833333333334,0,0,0,0,7.6,23.47926199261993,31.079261992619927,117.0,-0.76,116.24,287,0,0,1,0,final_dqn_seed456.csv
train,0.1,450,-1,0.1899999999999999,160.92092896416,68.05555555555556,0,0,0,0,817.2,23.47926199261993,840.67926199262,12.0,-81.72,-69.72000000000003,204,10,10,12,52,final_dqn_seed456.csv
train,0.1,451,-1,0.1881999999999999,119.4221807839512,85.41666666666666,23,2,0,0,988.9,23.47926199261993,1012.3792619926198,-297.0,-98.89,-395.8900000000001,118,14,100,47,9,final_dqn_seed456.csv
train,0.1,452,-1,0.1864,72.2491574672603,28.819444444444443,170,13,0,0,1089.9,23.47926199261993,1113.37926199262,-3492.0,-108.99,-3600.99,98,78,47,34,31,final_dqn_seed456.csv
train,0.1,453,-1,0.1846,112.8924601589239,74.65277777777779,57,4,0,0,1060.2,23.47926199261993,1083.67926199262,-990.0,-106.02,-1096.0199999999998,177,17,16,8,70,final_dqn_seed456.csv
train,0.1,454,-1,0.1827999999999999,168.7198725230833,68.05555555555556,0,0,0,0,736.0999999999999,23.47926199261993,759.5792619926199,12.0,-73.61,-61.60999999999999,206,9,9,27,37,final_dqn_seed456.csv
train,0.1,455,-1,0.1809999999999999,98.35874056445954,53.125,97,9,0,0,693.5999999999999,23.47926199261993,717.0792619926199,-1959.0,-69.35999999999999,-2028.36,200,24,13,15,36,final_dqn_seed456.csv
train,0.1,456,-1,0.1791999999999999,85.36095792994398,43.75,74,17,0,0,1000.8,23.47926199261993,1024.27926199262,-1791.0,-100.08,-1891.08,139,21,53,51,24,final_dqn_seed456.csv
train,0.1,457,-1,0.1774,96.5720432499198,74.30555555555556,35,4,0,0,799.0999999999999,23.47926199261993,822.5792619926199,-681.0,-79.91,-760.9100000000001,179,15,32,35,27,final_dqn_seed456.csv
train,0.1,458,-1,0.1755999999999999,108.16141284003524,84.72222222222221,14,3,0,0,899.5,23.47926199261993,922.97926199262,-186.0,-89.94999999999999,-275.95,169,7,51,26,35,final_dqn_seed456.csv
train,0.1,459,-1,0.1737999999999999,229.1079243432436,44.79166666666667,0,0,101,1,1108.4,23.47926199261993,1131.87926199262,-997.0,-110.83999999999996,-1107.84,40,97,132,7,12,final_dqn_seed456.csv
train,0.1,460,-1,0.1719999999999999,145.2436871166557,92.01388888888889,0,0,0,0,708.7,23.47926199261993,732.17926199262,219.0,-70.87,148.13,166,13,82,12,15,final_dqn_seed456.csv
train,0.1,461,-1,0.1701999999999999,130.3565035238173,86.80555555555556,7,2,0,0,1041.8,23.47926199261993,1065.27926199262,6.0,-104.18,-98.18000000000002,167,18,27,18,58,final_dqn_seed456.csv
train,0.1,462,-1,0.1684,77.79762924833742,22.569444444444446,163,15,0,0,1208.2999999999995,23.47926199261993,1231.7792619926197,-3456.0,-120.83,-3576.83,94,34,105,16,39,final_dqn_seed456.csv
train,0.1,463,-1,0.1665999999999999,89.42329921960923,63.888888888888886,83,7,0,0,734.3,23.47926199261993,757.7792619926199,-1581.0,-73.43,-1654.43,200,4,31,18,35,final_dqn_seed456.csv
train,0.1,464,-1,0.1647999999999999,82.21960713500101,51.04166666666666,86,7,0,0,1458.4,23.47926199261993,1481.8792619926198,-1848.0,-145.84,-1993.84,106,10,68,40,64,final_dqn_seed456.csv
train,0.1,465,-1,0.1629999999999999,162.86907202300796,60.763888888888886,0,0,0,0,418.0,23.47926199261993,441.4792619926199,-54.0,-41.8,-95.8,239,8,12,5,24,final_dqn_seed456.csv
train,0.1,466,-1,0.1611999999999999,253.4172664020956,34.72222222222222,0,0,101,1,945.7,23.47926199261993,969.17926199262,-1084.0,-94.57,-1178.5700000000002,163,13,30,53,29,final_dqn_seed456.csv
train,0.1,467,-1,0.1594,150.54966212569784,52.083333333333336,32,2,0,0,577.5,23.47926199261993,600.97926199262,-723.0,-57.75,-780.75,226,6,13,8,35,final_dqn_seed456.csv
train,0.1,468,-1,0.1575999999999999,156.24348506094668,65.27777777777779,0,0,0,0,373.1,23.47926199261993,396.57926199261993,-75.0,-37.31,-112.31000000000002,237,9,16,11,15,final_dqn_seed456.csv
train,0.1,469,-1,0.1558,162.50892572656622,38.54166666666667,28,6,0,0,562.9000000000001,23.47926199261993,586.3792619926201,-819.0,-56.29,-875.29,203,16,39,9,21,final_dqn_seed456.csv
train,0.1,470,-1,0.154,115.24760075811088,59.375,20,4,0,0,191.6,23.47926199261993,215.07926199261996,-576.0,-19.16,-595.16,259,6,7,12,4,final_dqn_seed456.csv
train,0.1,471,-1,0.1522,146.49150018159668,92.70833333333334,0,0,0,0,269.8,23.47926199261993,293.2792619926199,225.0,-26.98,198.02,253,10,6,5,14,final_dqn_seed456.csv
train,0.1,472,-1,0.1503999999999999,121.81070148034038,82.98611111111111,18,6,0,0,260.5,23.47926199261993,283.9792619926199,-270.0,-26.05,-296.04999999999995,250,11,7,11,9,final_dqn_seed456.csv
train,0.1,473,-1,0.1486,116.79826344399424,73.26388888888889,20,7,0,0,215.4,23.47926199261993,238.87926199261992,-429.0,-21.54,-450.5400000000001,254,11,7,10,6,final_dqn_seed456.csv
train,0.1,474,-1,0.1468,205.36211885177397,31.59722222222222,0,0,3,1,435.19999999999993,23.47926199261993,458.67926199261984,-327.0,-43.52,-370.52,238,6,12,8,24,final_dqn_seed456.csv
train,0.1,475,-1,0.145,74.22871005565825,34.72222222222222,139,8,0,0,738.2,23.47926199261993,761.67926199262,-2916.0,-73.82,-2989.82,191,17,23,27,30,final_dqn_seed456.csv
train,0.1,476,-1,0.1432,112.31946851795188,26.73611111111111,105,7,0,0,273.6,23.47926199261993,297.0792619926199,-2361.0,-27.36,-2388.36,255,4,6,11,12,final_dqn_seed456.csv
train,0.1,477,-1,0.1413999999999999,154.49777986915203,85.06944444444444,0,0,0,0,233.0,23.47926199261993,256.4792619926199,156.0,-23.3,132.7,253,6,12,11,6,final_dqn_seed456.csv
train,0.1,478,-1,0.1396,134.8786674689918,73.95833333333334,11,1,0,0,283.0,23.47926199261993,306.4792619926199,-186.0,-28.3,-214.3,249,6,12,11,10,final_dqn_seed456.csv
train,0.1,479,-1,0.1378,199.60222533908285,24.65277777777778,0,0,0,0,222.90000000000003,23.47926199261993,246.37926199262,-363.0,-22.29,-385.29,254,9,6,14,5,final_dqn_seed456.csv
train,0.1,480,-1,0.136,129.81092958388706,89.58333333333334,17,1,0,0,167.0,23.47926199261993,190.47926199261997,-138.0,-16.7,-154.70000000000005,263,8,5,6,6,final_dqn_seed456.csv
train,0.1,481,-1,0.1341999999999999,116.11522321725322,70.13888888888889,34,3,0,0,270.0,23.47926199261993,293.4792619926199,-645.0,-27.0,-672.0,248,10,9,13,8,final_dqn_seed456.csv
train,0.1,482,-1,0.1323999999999999,124.80949247248262,95.13888888888889,6,2,0,0,325.79999999999995,23.47926199261993,349.27926199261987,117.0,-32.58,84.41999999999999,244,12,7,11,14,final_dqn_seed456.csv
train,0.1,483,-1,0.1306,84.85605676286482,56.59722222222222,76,10,0,0,323.7,23.47926199261993,347.1792619926199,-1602.0,-32.370000000000005,-1634.37,250,6,7,8,17,final_dqn_seed456.csv
train,0.1,484,-1,0.1288,127.85694128185636,82.29166666666666,3,1,0,0,262.1,23.47926199261993,285.57926199261993,27.0,-26.21,0.789999999999992,250,6,15,8,9,final_dqn_seed456.csv
train,0.1,485,-1,0.127,166.90743945403372,73.61111111111111,0,0,0,0,368.5,23.47926199261993,391.9792619926199,60.0,-36.85,23.150000000000013,218,10,50,5,5,final_dqn_seed456.csv
train,0.1,486,-1,0.1251999999999999,67.00576543908802,27.77777777777778,182,7,0,0,240.1,23.47926199261993,263.57926199261993,-3690.0,-24.01,-3714.01,255,5,11,8,9,final_dqn_seed456.csv
train,0.1,487,-1,0.1233999999999999,168.52330179748358,60.41666666666666,0,0,0,0,300.5,23.47926199261993,323.9792619926199,-54.0,-30.05,-84.05000000000001,244,4,21,10,9,final_dqn_seed456.csv
train,0.1,488,-1,0.1216,101.75966719846932,58.68055555555556,60,10,0,0,173.8,23.47926199261993,197.27926199261995,-1266.0,-17.38,-1283.38,261,8,8,5,6,final_dqn_seed456.csv
train,0.1,489,-1,0.1198,195.86191504514488,34.72222222222222,0,0,0,0,284.3,23.47926199261993,307.7792619926199,-276.0,-28.43,-304.43,247,7,17,6,11,final_dqn_seed456.csv
train,0.1,490,-1,0.118,170.6695219143853,68.05555555555556,0,0,0,0,224.8,23.47926199261993,248.27926199261992,12.0,-22.48,-10.480000000000004,259,2,9,10,8,final_dqn_seed456.csv
train,0.1,491,-1,0.1161999999999999,288.0173719139377,3.4722222222222223,0,0,129,4,225.4,23.47926199261993,248.87926199261997,-1578.0,-22.54,-1600.54,257,10,4,7,10,final_dqn_seed456.csv
train,0.1,492,-1,0.1143999999999999,145.0047578162172,89.58333333333334,0,0,0,0,332.6,23.47926199261993,356.07926199261993,186.0,-33.26,152.73999999999998,246,8,6,14,14,final_dqn_seed456.csv
train,0.1,493,-1,0.1126,179.89171175160175,45.83333333333333,11,2,0,0,182.3,23.47926199261993,205.77926199261992,-396.0,-18.23,-414.23,261,9,5,6,7,final_dqn_seed456.csv
train,0.1,494,-1,0.1108,192.74028835257477,31.944444444444443,0,0,0,0,205.4,23.47926199261993,228.87926199261997,-300.0,-20.54,-320.54,259,11,4,4,10,final_dqn_seed456.csv
train,0.1,495,-1,0.1089999999999999,156.71797029311483,85.41666666666666,0,0,0,0,336.1,23.47926199261993,359.57926199261993,162.0,-33.61,128.39,249,5,7,10,17,final_dqn_seed456.csv
train,0.1,496,-1,0.1071999999999999,179.04786420520455,59.02777777777778,0,0,0,0,325.0,23.47926199261993,348.4792619926199,-66.0,-32.5,-98.5,248,7,12,3,18,final_dqn_seed456.csv
train,0.1,497,-1,0.1053999999999999,174.87712898418727,36.45833333333333,52,1,21,5,135.0,23.47926199261993,158.47926199261994,-1371.0,-13.5,-1384.4999999999998,261,12,8,5,2,final_dqn_seed456.csv
train,0.1,498,-1,0.1036,308.58350685902354,2.430555555555556,0,0,160,4,211.4,23.47926199261993,234.87926199261997,-1835.0,-21.14,-1856.14,254,6,17,5,6,final_dqn_seed456.csv
train,0.1,499,-1,0.1018,170.09690965304054,52.43055555555556,0,0,0,0,131.79999999999998,23.47926199261993,155.27926199261992,-123.0,-13.18,-136.18,270,6,2,4,6,final_dqn_seed456.csv
eval,0.1,499,0,0.0,260.0458839386406,14.23611111111111,0,0,113,3,0.0,23.47926199261993,23.47926199261993,-1357.0,0.0,-1357.0,288,0,0,0,0,final_dqn_seed456.csv
eval,0.1,499,1,0.0,78.25525475006458,40.97222222222222,115,10,0,0,0.0,23.47926199261993,23.47926199261993,-2457.0,0.0,-2457.0,288,0,0,0,0,final_dqn_seed456.csv
eval,0.1,499,2,0.0,118.75408455047096,87.84722222222221,11,3,0,0,0.0,23.47926199261993,23.47926199261993,-87.0,0.0,-87.0,288,0,0,0,0,final_dqn_seed456.csv
eval,0.1,499,3,0.0,138.2536021104586,93.05555555555556,0,0,0,0,0.0,23.47926199261993,23.47926199261993,195.0,0.0,195.0,288,0,0,0,0,final_dqn_seed456.csv
eval,0.1,499,4,0.0,271.9832926585457,5.208333333333334,0,0,92,10,0.0,23.47926199261993,23.47926199261993,-1267.0,0.0,-1267.0,288,0,0,0,0,final_dqn_seed456.csv
train,0.1,0,-1,1.0,141.97179556381104,88.54166666666666,0,0,0,0,1481.3,23.47926199261993,1504.77926199262,183.0,-148.13,34.870000000000005,65,63,54,57,49,final_dqn_seed789.csv
train,0.1,1,-1,0.9982,175.05478424418672,56.94444444444444,0,0,0,0,1543.6,23.47926199261993,1567.07926199262,-93.0,-154.36,-247.36,56,58,70,52,52,final_dqn_seed789.csv
train,0.1,2,-1,0.9964,105.1541709194118,48.95833333333333,99,6,0,0,1621.8,23.47926199261993,1645.27926199262,-2016.0,-162.18,-2178.18,59,60,55,48,66,final_dqn_seed789.csv
train,0.1,3,-1,0.9946,93.2101765806357,24.65277777777778,160,3,0,0,1636.6,23.47926199261993,1660.07926199262,-3264.0,-163.66,-3427.66,60,53,59,50,66,final_dqn_seed789.csv
train,0.1,4,-1,0.9928,125.86194599695288,84.375,15,3,0,0,1722.7,23.47926199261993,1746.17926199262,-165.0,-172.26999999999998,-337.27000000000004,48,51,59,67,63,final_dqn_seed789.csv
train,0.1,5,-1,0.991,138.31411920897733,97.2222222222222,0,0,0,0,1658.8000000000002,23.47926199261993,1682.27926199262,264.0,-165.88,98.12,59,59,47,55,68,final_dqn_seed789.csv
train,0.1,6,-1,0.9892,202.18915449520944,33.68055555555556,0,0,9,1,1627.1,23.47926199261993,1650.57926199262,-357.0,-162.70999999999998,-519.71,53,56,57,67,55,final_dqn_seed789.csv
train,0.1,7,-1,0.9874,133.5064609833054,65.27777777777779,32,3,0,0,1559.1,23.47926199261993,1582.57926199262,-633.0,-155.91,-788.9100000000002,68,54,51,56,59,final_dqn_seed789.csv
train,0.1,8,-1,0.9856,84.87473411500653,48.61111111111111,108,10,0,0,1560.6,23.47926199261993,1584.07926199262,-2220.0,-156.06,-2376.06,56,67,59,48,58,final_dqn_seed789.csv
train,0.1,9,-1,0.9838,123.76024061057176,95.83333333333334,1,1,0,0,1649.4,23.47926199261993,1672.8792619926198,201.0,-164.94,36.05999999999999,58,57,53,54,66,final_dqn_seed789.csv
train,0.1,10,-1,0.982,176.86980026225493,47.56944444444444,0,0,0,0,1595.4,23.47926199261993,1618.8792619926198,-165.0,-159.54000000000002,-324.54,54,60,64,52,58,final_dqn_seed789.csv
train,0.1,11,-1,0.9802,260.760956303467,2.430555555555556,0,0,2,1,1609.6999999999998,23.47926199261993,1633.1792619926198,-571.0,-160.96999999999997,-731.97,60,57,53,57,61,final_dqn_seed789.csv
train,0.1,12,-1,0.9784,117.04399725299426,92.01388888888889,4,2,0,0,1668.6,23.47926199261993,1692.07926199262,90.0,-166.86,-76.86000000000001,59,52,52,59,66,final_dqn_seed789.csv
train,0.1,13,-1,0.9766,135.37062630526148,75.0,31,3,0,0,1561.4,23.47926199261993,1584.8792619926198,-504.0,-156.14,-660.14,60,57,65,48,58,final_dqn_seed789.csv
train,0.1,14,-1,0.9748,137.42595241508417,90.9722222222222,0,0,0,0,1602.9,23.47926199261993,1626.37926199262,210.0,-160.29,49.71000000000001,66,53,53,51,65,final_dqn_seed789.csv
train,0.1,15,-1,0.973,98.59206715398558,76.73611111111111,12,6,0,0,1507.6,23.47926199261993,1531.07926199262,-294.0,-150.76,-444.7600000000001,72,46,60,58,52,final_dqn_seed789.csv
train,0.1,16,-1,0.9712,81.60668446180654,39.93055555555556,137,4,0,0,1592.6,23.47926199261993,1616.07926199262,-2805.0,-159.26,-2964.26,63,51,56,60,58,final_dqn_seed789.csv
train,0.1,17,-1,0.9694,88.47933398753328,54.86111111111112,75,7,0,0,1622.6,23.47926199261993,1646.07926199262,-1617.0,-162.26,-1779.2600000000002,58,55,59,54,62,final_dqn_seed789.csv
train,0.1,18,-1,0.9676,203.5065314429812,22.916666666666664,0,0,0,0,1699.0,23.47926199261993,1722.47926199262,-378.0,-169.9,-547.9,51,49,61,65,62,final_dqn_seed789.csv
train,0.1,19,-1,0.9658,118.65223222193788,64.58333333333334,31,7,0,0,1721.1999999999998,23.47926199261993,1744.6792619926198,-678.0,-172.12,-850.12,51,54,55,60,68,final_dqn_seed789.csv
train,0.1,20,-1,0.964,128.52168789186032,69.09722222222221,38,3,0,0,1498.8,23.47926199261993,1522.27926199262,-723.0,-149.88,-872.8799999999999,57,64,66,53,48,final_dqn_seed789.csv
train,0.1,21,-1,0.9622,112.69782043841089,72.56944444444444,28,8,0,0,1690.6,23.47926199261993,1714.07926199262,-606.0,-169.06,-775.0600000000001,49,58,54,65,62,final_dqn_seed789.csv
train,0.1,22,-1,0.9604,97.5127156971767,57.98611111111112,80,6,0,0,1691.6,23.47926199261993,1715.07926199262,-1638.0,-169.16000000000005,-1807.16,48,48,77,51,64,final_dqn_seed789.csv
train,0.1,23,-1,0.9586,154.04435698796948,39.93055555555556,36,3,0,0,1575.0,23.47926199261993,1598.47926199262,-912.0,-157.5,-1069.5,48,58,70,66,46,final_dqn_seed789.csv
train,0.1,24,-1,0.9568,125.26737527445792,37.84722222222222,75,6,0,0,1653.7999999999995,23.47926199261993,1677.2792619926197,-1668.0,-165.38,-1833.38,51,59,67,45,66,final_dqn_seed789.csv
train,0.1,25,-1,0.955,129.86566153309266,99.30555555555556,0,0,0,0,1608.0,23.47926199261993,1631.47926199262,279.0,-160.8,118.2,61,53,56,58,60,final_dqn_seed789.csv
train,0.1,26,-1,0.9532,101.93245505600775,75.0,33,6,0,0,1709.2,23.47926199261993,1732.67926199262,-639.0,-170.92,-809.9200000000001,51,53,61,55,68,final_dqn_seed789.csv
train,0.1,27,-1,0.9514,150.43927953390113,87.84722222222221,0,0,0,0,1551.2,23.47926199261993,1574.67926199262,174.0,-155.12,18.88,58,55,60,67,48,final_dqn_seed789.csv
train,0.1,28,-1,0.9496,94.37353448924802,57.98611111111112,85,4,0,0,1451.5,23.47926199261993,1474.97926199262,-1713.0,-145.15,-1858.15,81,50,54,48,55,final_dqn_seed789.csv
train,0.1,29,-1,0.9478,158.30073663059844,67.70833333333334,0,0,0,0,1566.6,23.47926199261993,1590.07926199262,9.0,-156.66,-147.66,61,59,57,53,58,final_dqn_seed789.csv
train,0.1,30,-1,0.946,194.60030341825257,46.18055555555556,0,0,0,0,1560.3,23.47926199261993,1583.77926199262,-177.0,-156.03,-333.03,58,55,62,62,51,final_dqn_seed789.csv
train,0.1,31,-1,0.9442,202.9431140975768,42.70833333333333,0,0,1,1,1506.9,23.47926199261993,1530.3792619926198,-218.0,-150.69,-368.69,53,72,55,63,45,final_dqn_seed789.csv
train,0.1,32,-1,0.9424,263.61900555357784,4.166666666666666,0,0,82,12,1535.7,23.47926199261993,1559.17926199262,-1196.0,-153.57,-1349.57,68,51,61,51,57,final_dqn_seed789.csv
train,0.1,33,-1,0.9406,115.40578051771848,64.58333333333334,61,4,0,0,1502.2999999999995,23.47926199261993,1525.7792619926197,-1185.0,-150.23,-1335.23,64,64,58,47,55,final_dqn_seed789.csv
train,0.1,34,-1,0.9388,108.30296382959236,92.01388888888889,1,1,0,0,1546.0,23.47926199261993,1569.47926199262,135.0,-154.6,-19.600000000000016,61,56,66,49,56,final_dqn_seed789.csv
train,0.1,35,-1,0.937,130.516660052913,100.0,0,0,0,0,1588.3,23.47926199261993,1611.77926199262,288.0,-158.82999999999998,129.17,59,61,60,45,63,final_dqn_seed789.csv
train,0.1,36,-1,0.9352,280.761904126018,9.722222222222223,0,0,117,6,1721.8,23.47926199261993,1745.27926199262,-1428.0,-172.18,-1600.18,49,62,50,57,70,final_dqn_seed789.csv
train,0.1,37,-1,0.9334,217.63101239434857,18.75,0,0,3,1,1439.6999999999998,23.47926199261993,1463.1792619926198,-438.0,-143.97,-581.97,71,61,56,51,49,final_dqn_seed789.csv
train,0.1,38,-1,0.9316,159.92014876479527,74.65277777777779,0,0,0,0,1592.2999999999995,23.47926199261993,1615.7792619926197,69.0,-159.23000000000002,-90.23,58,60,56,55,59,final_dqn_seed789.csv
train,0.1,39,-1,0.9298,131.67527576924692,89.58333333333334,4,4,0,0,1426.9,23.47926199261993,1450.37926199262,96.0,-142.69,-46.690000000000005,64,66,71,38,49,final_dqn_seed789.csv
train,0.1,40,-1,0.928,245.17221386571532,33.33333333333333,0,0,102,2,1445.6999999999998,23.47926199261993,1469.1792619926198,-1104.0,-144.57,-1248.5700000000002,69,60,54,60,45,final_dqn_seed789.csv
train,0.1,41,-1,0.9262,92.45246158475588,54.86111111111112,94,6,0,0,1548.1,23.47926199261993,1571.57926199262,-1902.0,-154.81,-2056.81,53,71,49,66,49,final_dqn_seed789.csv
train,0.1,42,-1,0.9244,57.45965323672645,12.152777777777777,231,11,0,0,1448.4,23.47926199261993,1471.8792619926198,-4695.0,-144.84,-4839.84,64,64,58,58,44,final_dqn_seed789.csv
train,0.1,43,-1,0.9226,221.26158610181028,4.861111111111112,0,0,0,0,1451.2999999999995,23.47926199261993,1474.7792619926197,-534.0,-145.13,-679.13,67,69,56,43,53,final_dqn_seed789.csv
train,0.1,44,-1,0.9208,141.66739805100204,88.88888888888889,1,1,0,0,1578.6,23.47926199261993,1602.07926199262,159.0,-157.86,1.1399999999999937,63,51,54,66,54,final_dqn_seed789.csv
train,0.1,45,-1,0.919,200.1534491589088,28.819444444444443,0,0,0,0,1620.3,23.47926199261993,1643.77926199262,-327.0,-162.03,-489.03,57,54,66,48,63,final_dqn_seed789.csv
train,0.1,46,-1,0.9172,273.96365487075855,3.4722222222222223,0,0,118,7,1548.3,23.47926199261993,1571.77926199262,-1490.0,-154.82999999999998,-1644.83,66,60,50,53,59,final_dqn_seed789.csv
train,0.1,47,-1,0.9154,81.31493297213748,47.91666666666667,84,8,0,0,1556.1,23.47926199261993,1579.57926199262,-1872.0,-155.61,-2027.61,53,60,72,50,53,final_dqn_seed789.csv
train,0.1,48,-1,0.9136,222.2209650685502,8.333333333333332,0,0,5,2,1503.7,23.47926199261993,1527.17926199262,-544.0,-150.37,-694.3699999999999,65,56,65,49,53,final_dqn_seed789.csv
train,0.1,49,-1,0.9118,279.9642188704842,15.625,0,0,144,7,1619.4999999999998,23.47926199261993,1642.9792619926195,-1593.0,-161.95,-1754.9499999999998,50,67,49,67,55,final_dqn_seed789.csv
eval,0.1,49,0,0.0,225.23318609879425,15.625,0,0,15,4,209.2,23.47926199261993,232.67926199261996,-561.0,-20.92,-581.9200000000001,227,53,0,8,0,final_dqn_seed789.csv
eval,0.1,49,1,0.0,199.046383758869,30.55555555555556,0,0,0,0,32.8,23.47926199261993,56.27926199261992,-312.0,-3.28,-315.28,278,9,0,1,0,final_dqn_seed789.csv
eval,0.1,49,2,0.0,111.23841640526176,67.01388888888889,57,6,0,0,1424.1,23.47926199261993,1447.57926199262,-1077.0,-142.41,-1219.41,137,28,23,3,97,final_dqn_seed789.csv
eval,0.1,49,3,0.0,220.6446077350954,18.055555555555557,0,0,9,3,55.99999999999999,23.47926199261993,79.47926199261993,-492.0,-5.6,-497.6,268,20,0,0,0,final_dqn_seed789.csv
eval,0.1,49,4,0.0,124.78224688392848,81.25,8,4,0,0,1166.8000000000002,23.47926199261993,1190.27926199262,-111.0,-116.68,-227.68,148,34,31,3,72,final_dqn_seed789.csv
train,0.1,50,-1,0.91,163.6416270128308,63.54166666666666,0,0,0,0,1591.6,23.47926199261993,1615.07926199262,-36.0,-159.15999999999997,-195.16,56,55,65,56,56,final_dqn_seed789.csv
train,0.1,51,-1,0.9082,91.54262833863451,46.18055555555556,113,8,0,0,1629.6,23.47926199261993,1653.07926199262,-2319.0,-162.96,-2481.96,55,51,61,65,56,final_dqn_seed789.csv
train,0.1,52,-1,0.9064,177.1619777082021,44.09722222222222,0,0,0,0,1648.4,23.47926199261993,1671.8792619926198,-195.0,-164.84,-359.84000000000003,50,62,56,60,60,final_dqn_seed789.csv
train,0.1,53,-1,0.9046,133.63782687074078,84.72222222222221,0,0,0,0,1567.0,23.47926199261993,1590.47926199262,129.0,-156.7,-27.700000000000003,56,61,60,57,54,final_dqn_seed789.csv
train,0.1,54,-1,0.9028,216.432849537437,7.638888888888889,0,0,2,1,1640.5,23.47926199261993,1663.97926199262,-526.0,-164.05,-690.05,56,54,58,59,61,final_dqn_seed789.csv
train,0.1,55,-1,0.901,218.2169660491276,10.76388888888889,0,0,0,0,1568.0,23.47926199261993,1591.47926199262,-483.0,-156.8,-639.8,66,61,43,58,60,final_dqn_seed789.csv
train,0.1,56,-1,0.8992,228.117678996112,16.666666666666664,0,0,9,2,1589.1999999999998,23.47926199261993,1612.6792619926198,-504.0,-158.92,-662.92,53,62,62,55,56,final_dqn_seed789.csv
train,0.1,57,-1,0.8974,135.227063897384,99.30555555555556,0,0,0,0,1451.7,23.47926199261993,1475.17926199262,282.0,-145.17,136.82999999999998,69,57,64,49,49,final_dqn_seed789.csv
train,0.1,58,-1,0.8956,163.0986568214222,70.48611111111111,0,0,0,0,1664.5,23.47926199261993,1687.97926199262,33.0,-166.45,-133.45000000000002,46,59,54,76,53,final_dqn_seed789.csv
train,0.1,59,-1,0.8938,193.85977551368103,50.69444444444444,0,0,35,2,1615.7999999999995,23.47926199261993,1639.2792619926197,-418.0,-161.57999999999998,-579.58,51,57,70,52,58,final_dqn_seed789.csv
train,0.1,60,-1,0.892,184.6933561928657,52.083333333333336,0,0,5,2,1492.4,23.47926199261993,1515.8792619926198,-166.0,-149.24,-315.24,63,64,59,50,52,final_dqn_seed789.csv
train,0.1,61,-1,0.8902,158.8157107912675,78.47222222222221,0,0,0,0,1641.0,23.47926199261993,1664.47926199262,102.0,-164.10000000000002,-62.1,50,65,57,54,62,final_dqn_seed789.csv
train,0.1,62,-1,0.8884,243.038868428617,0.6944444444444444,0,0,33,2,1627.5,23.47926199261993,1650.97926199262,-834.0,-162.75,-996.75,57,63,55,46,67,final_dqn_seed789.csv
train,0.1,63,-1,0.8866,195.1859797110505,31.944444444444443,0,0,0,0,1532.2999999999995,23.47926199261993,1555.7792619926197,-300.0,-153.23,-453.23,64,63,56,46,59,final_dqn_seed789.csv
train,0.1,64,-1,0.8848,103.48604214425065,51.04166666666666,90,10,0,0,1539.4999999999998,23.47926199261993,1562.9792619926195,-1833.0,-153.95,-1986.9500000000005,64,58,48,67,51,final_dqn_seed789.csv
train,0.1,65,-1,0.883,83.61108045379063,48.61111111111111,82,13,0,0,1579.6,23.47926199261993,1603.07926199262,-1830.0,-157.95999999999998,-1987.96,70,47,52,59,60,final_dqn_seed789.csv
train,0.1,66,-1,0.8812,86.31952366754496,35.06944444444444,135,13,0,0,1531.5,23.47926199261993,1554.97926199262,-2841.0,-153.14999999999998,-2994.15,65,61,50,57,55,final_dqn_seed789.csv
train,0.1,67,-1,0.8794,109.26280553065163,67.70833333333334,76,6,0,0,1639.0,23.47926199261993,1662.47926199262,-1404.0,-163.89999999999998,-1567.9,63,46,55,62,62,final_dqn_seed789.csv
train,0.1,68,-1,0.8775999999999999,142.93908829096597,64.93055555555556,8,1,0,0,1568.6999999999998,23.47926199261993,1592.1792619926198,-213.0,-156.87,-369.87,64,56,55,54,59,final_dqn_seed789.csv
train,0.1,69,-1,0.8758,210.85868465314957,36.11111111111111,0,0,40,5,1570.8999999999996,23.47926199261993,1594.3792619926196,-584.0,-157.08999999999995,-741.0899999999999,55,59,56,69,49,final_dqn_seed789.csv
train,0.1,70,-1,0.874,199.7547908156294,44.09722222222222,0,0,1,1,1635.9,23.47926199261993,1659.37926199262,-203.0,-163.58999999999995,-366.59,60,60,49,52,67,final_dqn_seed789.csv
train,0.1,71,-1,0.8722,254.44719331188227,13.194444444444445,0,0,83,8,1889.4,23.47926199261993,1912.87926199262,-1126.0,-188.94,-1314.94,50,43,48,61,86,final_dqn_seed789.csv
train,0.1,72,-1,0.8704000000000001,93.84092084849637,44.79166666666667,110,13,0,0,1612.0,23.47926199261993,1635.47926199262,-2304.0,-161.2,-2465.2000000000003,55,64,45,68,56,final_dqn_seed789.csv
train,0.1,73,-1,0.8686,158.9445609834713,46.52777777777778,26,1,1,1,1503.8,23.47926199261993,1527.27926199262,-695.0,-150.38,-845.3800000000001,61,47,72,66,42,final_dqn_seed789.csv
train,0.1,74,-1,0.8668,93.91015515580304,65.625,55,8,0,0,1621.7,23.47926199261993,1645.17926199262,-1131.0,-162.17000000000002,-1293.1700000000003,65,46,61,51,65,final_dqn_seed789.csv
train,0.1,75,-1,0.865,124.35745957380236,85.06944444444444,36,3,0,0,1542.3000000000002,23.47926199261993,1565.77926199262,-510.0,-154.23000000000002,-664.23,59,63,59,52,55,final_dqn_seed789.csv
train,0.1,76,-1,0.8632,131.30770447595702,79.51388888888889,9,3,0,0,1691.2,23.47926199261993,1714.67926199262,-120.0,-169.12,-289.11999999999995,53,46,53,80,56,final_dqn_seed789.csv
train,0.1,77,-1,0.8613999999999999,141.75965365813954,44.09722222222222,49,2,0,0,1532.2,23.47926199261993,1555.67926199262,-1101.0,-153.22,-1254.22,62,57,63,52,54,final_dqn_seed789.csv
train,0.1,78,-1,0.8596,97.04287214572372,59.72222222222222,97,1,0,0,1556.0,23.47926199261993,1579.47926199262,-1857.0,-155.6,-2012.6,57,62,63,50,56,final_dqn_seed789.csv
train,0.1,79,-1,0.8578,179.24549948685194,55.208333333333336,0,0,0,0,1480.6,23.47926199261993,1504.07926199262,-99.0,-148.06,-247.06,71,64,52,43,58,final_dqn_seed789.csv
train,0.1,80,-1,0.856,228.72321285033988,9.375,0,0,0,0,1583.1999999999998,23.47926199261993,1606.6792619926198,-495.0,-158.32,-653.32,55,63,64,46,60,final_dqn_seed789.csv
train,0.1,81,-1,0.8542,251.04067973558972,9.027777777777777,0,0,68,3,1694.1999999999998,23.47926199261993,1717.6792619926198,-1042.0,-169.42,-1211.4199999999998,42,66,58,60,62,final_dqn_seed789.csv
train,0.1,82,-1,0.8524,117.3279653780448,54.86111111111112,87,6,0,0,1633.6,23.47926199261993,1657.07926199262,-1725.0,-163.36,-1888.36,58,53,55,62,60,final_dqn_seed789.csv
train,0.1,83,-1,0.8506,152.5883584812469,46.875,19,6,0,0,1613.6999999999998,23.47926199261993,1637.1792619926198,-594.0,-161.37,-755.37,61,61,42,63,61,final_dqn_seed789.csv
train,0.1,84,-1,0.8488,78.26152266502156,42.70833333333333,127,10,0,0,1937.3,23.47926199261993,1960.77926199262,-2607.0,-193.73,-2800.7300000000005,39,43,52,73,81,final_dqn_seed789.csv
train,0.1,85,-1,0.847,115.88562252960983,50.0,78,6,0,0,1546.9,23.47926199261993,1570.3792619926198,-1644.0,-154.69,-1798.6899999999998,67,52,51,65,53,final_dqn_seed789.csv
train,0.1,86,-1,0.8452,179.69353331752083,54.16666666666666,0,0,0,0,1632.8,23.47926199261993,1656.27926199262,-108.0,-163.27999999999997,-271.28,57,53,58,60,60,final_dqn_seed789.csv
train,0.1,87,-1,0.8434,129.8679020922474,57.638888888888886,46,1,0,0,1676.8,23.47926199261993,1700.27926199262,-933.0,-167.68,-1100.68,50,59,58,57,64,final_dqn_seed789.csv
train,0.1,88,-1,0.8416,96.70233342875916,64.58333333333334,61,7,0,0,1541.6999999999998,23.47926199261993,1565.1792619926198,-1221.0,-154.17,-1375.17,66,43,64,66,49,final_dqn_seed789.csv
train,0.1,89,-1,0.8398,123.20725511059322,97.56944444444444,0,0,0,0,1672.6,23.47926199261993,1696.07926199262,252.0,-167.26,84.74,69,54,41,46,78,final_dqn_seed789.csv
train,0.1,90,-1,0.838,147.03004129029557,84.72222222222221,0,0,0,0,1625.6,23.47926199261993,1649.07926199262,132.0,-162.56,-30.56,58,57,51,62,60,final_dqn_seed789.csv
train,0.1,91,-1,0.8362,127.56518167345304,48.61111111111111,51,5,0,0,1508.6,23.47926199261993,1532.07926199262,-1161.0,-150.86,-1311.86,69,52,61,52,54,final_dqn_seed789.csv
train,0.1,92,-1,0.8344,108.4598143607589,55.55555555555556,67,8,0,0,1884.3,23.47926199261993,1907.77926199262,-1401.0,-188.43,-1589.4300000000003,42,49,56,58,83,final_dqn_seed789.csv
train,0.1,93,-1,0.8326,208.99468690137516,46.52777777777778,0,0,52,4,1519.8,23.47926199261993,1543.27926199262,-590.0,-151.98000000000002,-741.98,72,56,49,53,58,final_dqn_seed789.csv
train,0.1,94,-1,0.8308,108.4338167153938,71.52777777777779,58,2,0,0,1584.6,23.47926199261993,1608.07926199262,-1071.0,-158.45999999999998,-1229.46,59,52,54,73,50,final_dqn_seed789.csv
train,0.1,95,-1,0.829,144.75402776309167,99.6527777777778,0,0,0,0,1535.7999999999995,23.47926199261993,1559.2792619926197,285.0,-153.57999999999998,131.42000000000002,65,62,52,51,58,final_dqn_seed789.csv
train,0.1,96,-1,0.8271999999999999,141.16539001008186,89.23611111111111,0,0,0,0,1634.9,23.47926199261993,1658.3792619926198,177.0,-163.49,13.509999999999998,52,58,57,64,57,final_dqn_seed789.csv
train,0.1,97,-1,0.8254,115.12095678844696,69.44444444444444,60,4,0,0,1748.6999999999998,23.47926199261993,1772.1792619926198,-1086.0,-174.87,-1260.8700000000003,49,51,54,67,67,final_dqn_seed789.csv
train,0.1,98,-1,0.8236,95.78202715410606,62.84722222222222,55,8,0,0,1728.1999999999998,23.47926199261993,1751.6792619926198,-1176.0,-172.82,-1348.8200000000002,40,58,51,85,54,final_dqn_seed789.csv
train,0.1,99,-1,0.8218,248.3818957911736,7.291666666666667,0,0,63,4,1500.1999999999998,23.47926199261993,1523.6792619926198,-1017.0,-150.01999999999998,-1167.02,58,77,51,48,54,final_dqn_seed789.csv
eval,0.1,99,0,0.0,231.76083124460212,20.48611111111111,0,0,58,2,25.0,23.47926199261993,48.479261992619925,-863.0,-2.5,-865.5,286,0,0,0,2,final_dqn_seed789.csv
eval,0.1,99,1,0.0,166.04927644496,60.06944444444444,0,0,0,0,427.3,23.47926199261993,450.7792619926199,-57.0,-42.73,-99.73,235,0,0,48,5,final_dqn_seed789.csv
eval,0.1,99,2,0.0,112.37625179841484,62.5,78,3,0,0,1207.9,23.47926199261993,1231.37926199262,-1476.0,-120.79,-1596.7900000000002,131,0,0,154,3,final_dqn_seed789.csv
eval,0.1,99,3,0.0,98.9352397015451,75.34722222222221,54,3,0,0,1769.8000000000002,23.47926199261993,1793.27926199262,-948.0,-176.97999999999996,-1124.9800000000002,59,0,0,223,6,final_dqn_seed789.csv
eval,0.1,99,4,0.0,131.4725735770833,67.01388888888889,48,3,0,0,760.0,23.47926199261993,783.47926199262,-888.0,-76.0,-964.0,188,0,0,100,0,final_dqn_seed789.csv
train,0.1,100,-1,0.82,80.30959717269526,49.65277777777778,119,5,0,0,1758.5,23.47926199261993,1781.97926199262,-2367.0,-175.85,-2542.85,50,50,46,77,65,final_dqn_seed789.csv
train,0.1,101,-1,0.8182,193.28551858511295,46.875,0,0,28,2,1458.2,23.47926199261993,1481.67926199262,-395.0,-145.82,-540.82,75,53,61,45,54,final_dqn_seed789.csv
train,0.1,102,-1,0.8164,246.36140861833343,18.055555555555557,0,0,72,5,1512.5,23.47926199261993,1535.97926199262,-996.0,-151.25,-1147.25,53,65,65,60,45,final_dqn_seed789.csv
train,0.1,103,-1,0.8146,87.06395491831155,47.56944444444444,100,8,0,0,1661.6,23.47926199261993,1685.07926199262,-2100.0,-166.16,-2266.16,48,63,48,73,56,final_dqn_seed789.csv
train,0.1,104,-1,0.8128,88.629789886202,61.458333333333336,76,7,0,0,1864.6,23.47926199261993,1888.07926199262,-1518.0,-186.46,-1704.46,45,38,65,62,78,final_dqn_seed789.csv
train,0.1,105,-1,0.8109999999999999,116.21685793978877,64.23611111111111,55,6,0,0,1545.7,23.47926199261993,1569.17926199262,-1083.0,-154.57,-1237.5700000000002,67,47,60,61,53,final_dqn_seed789.csv
train,0.1,106,-1,0.8092,121.21411827142704,84.72222222222221,13,1,0,0,1778.0,23.47926199261993,1801.47926199262,-129.0,-177.8,-306.8,54,52,51,51,80,final_dqn_seed789.csv
train,0.1,107,-1,0.8074,135.464008893427,90.625,0,0,0,0,1902.4,23.47926199261993,1925.87926199262,183.0,-190.24,-7.239999999999998,56,34,53,53,92,final_dqn_seed789.csv
train,0.1,108,-1,0.8056,298.6878907616105,8.680555555555555,0,0,159,5,1642.0,23.47926199261993,1665.47926199262,-1773.0,-164.2,-1937.2,60,51,50,67,60,final_dqn_seed789.csv
train,0.1,109,-1,0.8038,114.5476409527204,81.94444444444444,25,8,0,0,1595.6999999999998,23.47926199261993,1619.1792619926198,-384.0,-159.57,-543.5699999999999,64,46,52,73,53,final_dqn_seed789.csv
train,0.1,110,-1,0.802,220.72204898886105,6.597222222222222,0,0,2,1,1846.5,23.47926199261993,1869.97926199262,-535.0,-184.65,-719.65,47,58,37,65,81,final_dqn_seed789.csv
train,0.1,111,-1,0.8002,145.95989400493687,57.29166666666666,25,3,0,0,1635.7,23.47926199261993,1659.17926199262,-591.0,-163.57,-754.57,46,65,54,70,53,final_dqn_seed789.csv
train,0.1,112,-1,0.7984,277.6886339121824,6.597222222222222,0,0,117,4,1514.4,23.47926199261993,1537.8792619926198,-1455.0,-151.44,-1606.44,59,85,40,44,60,final_dqn_seed789.csv
train,0.1,113,-1,0.7966,74.81083897291923,32.29166666666667,172,6,0,0,1580.0,23.47926199261993,1603.47926199262,-3462.0,-158.0,-3620.000000000001,42,79,52,67,48,final_dqn_seed789.csv
train,0.1,114,-1,0.7948,155.80579676706935,68.05555555555556,2,1,0,0,1441.1,23.47926199261993,1464.57926199262,-48.0,-144.11,-192.11,64,68,52,61,43,final_dqn_seed789.csv
train,0.1,115,-1,0.7929999999999999,121.7243446071476,73.26388888888889,4,3,0,0,1588.9,23.47926199261993,1612.37926199262,-117.0,-158.89,-275.89000000000004,48,57,58,84,41,final_dqn_seed789.csv
train,0.1,116,-1,0.7912,66.29043966363767,22.916666666666664,168,14,0,0,1664.5,23.47926199261993,1687.97926199262,-3564.0,-166.45,-3730.45,51,54,42,92,49,final_dqn_seed789.csv
train,0.1,117,-1,0.7894,160.76432058746343,84.72222222222221,0,0,0,0,1449.6,23.47926199261993,1473.07926199262,156.0,-144.96,11.040000000000004,83,57,39,53,56,final_dqn_seed789.csv
train,0.1,118,-1,0.7876,160.73382824251073,76.38888888888889,0,0,0,0,1291.0,23.47926199261993,1314.47926199262,84.0,-129.1,-45.1,73,70,62,49,34,final_dqn_seed789.csv
train,0.1,119,-1,0.7858,83.68687659919354,50.34722222222222,93,6,0,0,1664.6,23.47926199261993,1688.07926199262,-1965.0,-166.46,-2131.46,40,73,48,73,54,final_dqn_seed789.csv
train,0.1,120,-1,0.784,191.62632612014545,32.63888888888889,0,0,0,0,1361.6999999999998,23.47926199261993,1385.1792619926198,-294.0,-136.17000000000002,-430.17,71,58,75,43,41,final_dqn_seed789.csv
train,0.1,121,-1,0.7822,169.0361645452838,57.29166666666666,0,0,0,0,1294.0,23.47926199261993,1317.47926199262,-90.0,-129.39999999999998,-219.4,93,52,48,55,40,final_dqn_seed789.csv
train,0.1,122,-1,0.7804,208.42425259932,22.569444444444446,0,0,0,0,1345.5,23.47926199261993,1368.97926199262,-381.0,-134.55,-515.55,82,60,44,63,39,final_dqn_seed789.csv
train,0.1,123,-1,0.7786,225.0778773841014,31.59722222222222,0,0,13,5,1598.2,23.47926199261993,1621.67926199262,-407.0,-159.82,-566.8199999999999,69,45,62,46,66,final_dqn_seed789.csv
train,0.1,124,-1,0.7767999999999999,192.41569287774516,47.22222222222222,0,0,0,0,1616.2,23.47926199261993,1639.67926199262,-168.0,-161.62,-329.62,68,51,48,55,66,final_dqn_seed789.csv
train,0.1,125,-1,0.775,85.68033196998141,45.13888888888889,126,9,0,0,1643.1,23.47926199261993,1666.57926199262,-2538.0,-164.31,-2702.3100000000004,48,53,70,62,55,final_dqn_seed789.csv
train,0.1,126,-1,0.7732,191.0862424018811,38.88888888888889,0,0,0,0,1419.6999999999998,23.47926199261993,1443.1792619926198,-240.0,-141.96999999999997,-381.97,93,35,48,63,49,final_dqn_seed789.csv
train,0.1,127,-1,0.7714,210.70139657582772,23.26388888888889,0,0,0,0,1451.7999999999995,23.47926199261993,1475.2792619926197,-375.0,-145.18,-520.18,87,47,48,48,58,final_dqn_seed789.csv
train,0.1,128,-1,0.7696,170.65117396542922,68.40277777777779,0,0,0,0,1451.9,23.47926199261993,1475.37926199262,9.0,-145.19,-136.19,67,68,47,59,47,final_dqn_seed789.csv
train,0.1,129,-1,0.7678,104.177394053672,71.875,42,4,0,0,1661.7,23.47926199261993,1685.17926199262,-828.0,-166.17000000000002,-994.17,56,42,64,69,57,final_dqn_seed789.csv
train,0.1,130,-1,0.766,188.91651505270568,36.11111111111111,0,0,0,0,1728.7999999999995,23.47926199261993,1752.2792619926197,-264.0,-172.88,-436.88,52,52,67,41,76,final_dqn_seed789.csv
train,0.1,131,-1,0.7642,149.68370608008811,56.94444444444444,16,2,0,0,1734.4,23.47926199261993,1757.87926199262,-399.0,-173.43999999999997,-572.44,50,47,72,47,72,final_dqn_seed789.csv
train,0.1,132,-1,0.7624,147.67220993018165,85.06944444444444,0,0,0,0,1422.3,23.47926199261993,1445.77926199262,159.0,-142.23,16.769999999999982,58,75,63,49,43,final_dqn_seed789.csv
train,0.1,133,-1,0.7605999999999999,149.3915612639679,85.41666666666666,0,0,0,0,1431.6999999999998,23.47926199261993,1455.1792619926198,162.0,-143.17000000000002,18.83,50,93,54,46,45,final_dqn_seed789.csv
train,0.1,134,-1,0.7587999999999999,167.96254037022229,60.763888888888886,0,0,0,0,1346.1,23.47926199261993,1369.57926199262,-60.0,-134.61,-194.61,73,68,58,48,41,final_dqn_seed789.csv
train,0.1,135,-1,0.757,103.15406306728435,68.40277777777779,55,12,0,0,1697.8,23.47926199261993,1721.27926199262,-1083.0,-169.78,-1252.7800000000002,46,63,44,77,58,final_dqn_seed789.csv
train,0.1,136,-1,0.7552,123.56253263465302,86.80555555555556,21,2,0,0,1584.1999999999998,23.47926199261993,1607.6792619926198,-243.0,-158.42000000000002,-401.42,51,63,71,45,58,final_dqn_seed789.csv
train,0.1,137,-1,0.7534,224.4369941064991,10.76388888888889,0,0,8,2,1666.3,23.47926199261993,1689.77926199262,-547.0,-166.63,-713.63,57,52,46,74,59,final_dqn_seed789.csv
train,0.1,138,-1,0.7515999999999999,95.82686310802112,59.72222222222222,82,8,0,0,1537.4,23.47926199261993,1560.8792619926198,-1638.0,-153.74,-1791.7400000000002,74,48,58,46,62,final_dqn_seed789.csv
train,0.1,139,-1,0.7498,111.66822463075192,82.98611111111111,26,3,0,0,1427.6,23.47926199261993,1451.07926199262,-396.0,-142.76,-538.76,58,79,63,40,48,final_dqn_seed789.csv
train,0.1,140,-1,0.748,119.0793385967926,57.98611111111112,52,7,0,0,1592.7,23.47926199261993,1616.17926199262,-1116.0,-159.26999999999998,-1275.27,45,63,65,68,47,final_dqn_seed789.csv
train,0.1,141,-1,0.7462,76.80140660971432,32.29166666666667,143,11,0,0,1761.6,23.47926199261993,1785.07926199262,-3027.0,-176.16,-3203.16,55,48,54,55,76,final_dqn_seed789.csv
train,0.1,142,-1,0.7444,139.69205530687265,79.16666666666666,0,0,0,0,1469.0,23.47926199261993,1492.47926199262,69.0,-146.9,-77.9,47,77,78,40,46,final_dqn_seed789.csv
train,0.1,143,-1,0.7426,216.77254531019483,9.375,0,0,0,0,1251.8,23.47926199261993,1275.27926199262,-495.0,-125.18,-620.18,94,49,62,45,38,final_dqn_seed789.csv
train,0.1,144,-1,0.7408,120.0896433792882,61.11111111111112,53,4,0,0,1570.7999999999995,23.47926199261993,1594.2792619926197,-1056.0,-157.08,-1213.08,56,71,59,38,64,final_dqn_seed789.csv
train,0.1,145,-1,0.739,147.2340174826146,53.125,25,2,0,0,1440.2,23.47926199261993,1463.67926199262,-594.0,-144.01999999999998,-738.0200000000001,56,81,57,48,46,final_dqn_seed789.csv
train,0.1,146,-1,0.7372000000000001,122.64904413853002,92.70833333333334,5,4,0,0,1665.1,23.47926199261993,1688.57926199262,87.0,-166.51,-79.51000000000002,43,68,64,50,63,final_dqn_seed789.csv
train,0.1,147,-1,0.7354,77.72496715911524,37.5,142,10,0,0,1666.3,23.47926199261993,1689.77926199262,-2922.0,-166.63,-3088.63,53,63,59,42,71,final_dqn_seed789.csv
train,0.1,148,-1,0.7336,137.26030333898527,45.13888888888889,50,3,0,0,1718.6999999999998,23.47926199261993,1742.1792619926198,-1143.0,-171.87,-1314.8700000000003,50,65,59,35,79,final_dqn_seed789.csv
train,0.1,149,-1,0.7318,115.7233446480858,85.76388888888889,8,3,0,0,1425.9,23.47926199261993,1449.37926199262,-78.0,-142.58999999999995,-220.59,76,58,56,47,51,final_dqn_seed789.csv
eval,0.1,149,0,0.0,176.5026196305721,57.98611111111112,0,0,0,0,0.0,23.47926199261993,23.47926199261993,-75.0,0.0,-75.0,288,0,0,0,0,final_dqn_seed789.csv
eval,0.1,149,1,0.0,222.9494333343268,46.18055555555556,0,0,71,1,0.0,23.47926199261993,23.47926199261993,-745.0,0.0,-745.0,288,0,0,0,0,final_dqn_seed789.csv
eval,0.1,149,2,0.0,81.90711120804492,51.73611111111112,98,9,0,0,793.5999999999999,23.47926199261993,817.0792619926199,-2016.0,-79.35999999999999,-2095.36,86,88,114,0,0,final_dqn_seed789.csv
eval,0.1,149,3,0.0,104.0335098864434,48.26388888888889,72,5,0,0,0.0,23.47926199261993,23.47926199261993,-1596.0,0.0,-1596.0,288,0,0,0,0,final_dqn_seed789.csv
eval,0.1,149,4,0.0,161.83299035715416,78.47222222222221,0,0,0,0,13.2,23.47926199261993,36.67926199261993,102.0,-1.32,100.68,284,3,1,0,0,final_dqn_seed789.csv
train,0.1,150,-1,0.73,275.46369498314465,7.638888888888889,0,0,133,4,1458.9,23.47926199261993,1482.37926199262,-1574.0,-145.89,-1719.89,79,35,58,75,41,final_dqn_seed789.csv
train,0.1,151,-1,0.7282,301.5494403505133,7.638888888888889,0,0,165,4,1499.8000000000002,23.47926199261993,1523.27926199262,-1830.0,-149.98000000000002,-1979.98,60,50,78,54,46,final_dqn_seed789.csv
train,0.1,152,-1,0.7263999999999999,148.23864415521672,93.4027777777778,0,0,0,0,1809.9,23.47926199261993,1833.37926199262,231.0,-180.99,50.00999999999999,41,55,61,56,75,final_dqn_seed789.csv
train,0.1,153,-1,0.7246,191.7604449798665,48.26388888888889,0,0,0,0,1637.9,23.47926199261993,1661.3792619926198,-159.0,-163.79,-322.79,50,69,46,64,59,final_dqn_seed789.csv
train,0.1,154,-1,0.7228,72.58782829127668,30.90277777777778,165,10,0,0,1663.0,23.47926199261993,1686.47926199262,-3381.0,-166.3,-3547.3,53,58,67,40,70,final_dqn_seed789.csv
train,0.1,155,-1,0.721,147.03392123761898,34.72222222222222,63,4,0,0,1613.1,23.47926199261993,1636.57926199262,-1458.0,-161.31,-1619.3100000000002,67,56,52,42,71,final_dqn_seed789.csv
train,0.1,156,-1,0.7192000000000001,252.71831801591463,15.97222222222222,0,0,79,4,1284.5,23.47926199261993,1307.97926199262,-1070.0,-128.45,-1198.4499999999998,93,55,48,51,41,final_dqn_seed789.csv
train,0.1,157,-1,0.7174,79.73100532228456,44.44444444444444,125,11,0,0,1591.2,23.47926199261993,1614.67926199262,-2547.0,-159.12,-2706.12,53,47,87,45,56,final_dqn_seed789.csv
train,0.1,158,-1,0.7156,209.67878339108395,31.944444444444443,0,0,7,2,1489.1,23.47926199261993,1512.57926199262,-356.0,-148.91000000000005,-504.91,68,47,67,59,47,final_dqn_seed789.csv
train,0.1,159,-1,0.7138,142.8981323647617,86.11111111111111,5,1,0,0,1647.9999999999998,23.47926199261993,1671.4792619926195,57.0,-164.8,-107.8,51,71,52,46,68,final_dqn_seed789.csv
train,0.1,160,-1,0.712,118.6668637271034,82.29166666666666,30,4,0,0,1426.9,23.47926199261993,1450.37926199262,-468.0,-142.69,-610.69,50,94,47,56,41,final_dqn_seed789.csv
train,0.1,161,-1,0.7101999999999999,127.68368764201588,91.31944444444444,4,3,0,0,1620.7999999999995,23.47926199261993,1644.2792619926197,108.0,-162.07999999999998,-54.08,51,65,65,43,64,final_dqn_seed789.csv
train,0.1,162,-1,0.7083999999999999,131.36067246922445,90.2777777777778,15,1,0,0,1675.5,23.47926199261993,1698.97926199262,-81.0,-167.55,-248.55,46,71,61,39,71,final_dqn_seed789.csv
train,0.1,163,-1,0.7066,86.49463227284699,60.763888888888886,64,11,0,0,1478.9,23.47926199261993,1502.37926199262,-1350.0,-147.89,-1497.89,41,77,82,47,41,final_dqn_seed789.csv
train,0.1,164,-1,0.7048,149.22341637842635,58.68055555555556,11,2,0,0,1369.3000000000002,23.47926199261993,1392.77926199262,-330.0,-136.93,-466.93,72,63,68,40,45,final_dqn_seed789.csv
train,0.1,165,-1,0.703,267.67863854142763,4.861111111111112,0,0,108,2,1767.2,23.47926199261993,1790.67926199262,-1398.0,-176.71999999999997,-1574.7200000000005,60,43,47,62,76,final_dqn_seed789.csv
train,0.1,166,-1,0.7012,75.0329537291249,33.33333333333333,143,12,0,0,1504.6999999999998,23.47926199261993,1528.1792619926198,-3009.0,-150.46999999999997,-3159.4700000000003,55,48,81,65,39,final_dqn_seed789.csv
train,0.1,167,-1,0.6994,115.2955764809702,70.13888888888889,38,3,0,0,1418.8,23.47926199261993,1442.27926199262,-729.0,-141.88,-870.8800000000001,76,50,60,58,44,final_dqn_seed789.csv
train,0.1,168,-1,0.6976,146.8729893046685,37.5,57,4,0,0,1368.6,23.47926199261993,1392.07926199262,-1344.0,-136.86,-1480.86,76,38,81,59,34,final_dqn_seed789.csv
train,0.1,169,-1,0.6958,78.50507625579066,34.72222222222222,141,14,0,0,1653.6999999999998,23.47926199261993,1677.1792619926198,-2955.0,-165.37,-3120.37,78,31,47,63,69,final_dqn_seed789.csv
train,0.1,170,-1,0.694,88.50885002651835,48.26388888888889,115,4,0,0,1536.3,23.47926199261993,1559.77926199262,-2331.0,-153.63,-2484.63,78,33,61,61,55,final_dqn_seed789.csv
train,0.1,171,-1,0.6921999999999999,150.2166576785453,84.02777777777779,0,0,0,0,1196.8,23.47926199261993,1220.27926199262,150.0,-119.68,30.32,117,36,52,39,44,final_dqn_seed789.csv
train,0.1,172,-1,0.6904,133.9205306959105,26.73611111111111,73,5,0,0,1290.0,23.47926199261993,1313.47926199262,-1758.0,-129.0,-1887.0,81,66,58,43,40,final_dqn_seed789.csv
train,0.1,173,-1,0.6886,113.79465464840816,71.18055555555556,29,4,0,0,1447.8,23.47926199261993,1471.27926199262,-621.0,-144.78,-765.78,85,37,65,47,54,final_dqn_seed789.csv
train,0.1,174,-1,0.6868000000000001,180.6383297947732,50.69444444444444,0,0,0,0,1252.3,23.47926199261993,1275.77926199262,-138.0,-125.23,-263.23,87,40,91,35,35,final_dqn_seed789.csv
train,0.1,175,-1,0.685,77.9272234018192,44.09722222222222,129,13,0,0,1615.6,23.47926199261993,1639.07926199262,-2613.0,-161.56,-2774.5600000000004,49,36,101,50,52,final_dqn_seed789.csv
train,0.1,176,-1,0.6832,148.58480623466824,91.31944444444444,0,0,0,0,1094.4,23.47926199261993,1117.87926199262,213.0,-109.44,103.56,130,35,41,46,36,final_dqn_seed789.csv
train,0.1,177,-1,0.6814,98.5028148174457,70.13888888888889,69,3,0,0,1550.8,23.47926199261993,1574.27926199262,-1263.0,-155.07999999999998,-1418.0800000000002,65,44,74,49,56,final_dqn_seed789.csv
train,0.1,178,-1,0.6796,121.27105713148836,82.98611111111111,4,2,0,0,1355.4,23.47926199261993,1378.87926199262,6.0,-135.54,-129.54000000000002,86,43,71,42,46,final_dqn_seed789.csv
train,0.1,179,-1,0.6778,115.87927159612347,72.56944444444444,57,3,0,0,1131.4,23.47926199261993,1154.87926199262,-1029.0,-113.14,-1142.14,119,38,56,37,38,final_dqn_seed789.csv
train,0.1,180,-1,0.6759999999999999,160.46283858569024,64.58333333333334,0,0,0,0,1381.6,23.47926199261993,1405.07926199262,-18.0,-138.16,-156.16000000000005,71,61,75,33,48,final_dqn_seed789.csv
train,0.1,181,-1,0.6742,95.9796096671858,63.54166666666666,69,13,0,0,1301.9999999999998,23.47926199261993,1325.4792619926195,-1377.0,-130.2,-1507.2,86,62,54,42,44,final_dqn_seed789.csv
train,0.1,182,-1,0.6724,111.36227656394416,71.18055555555556,47,4,0,0,1330.9,23.47926199261993,1354.37926199262,-894.0,-133.09,-1027.09,77,38,97,39,37,final_dqn_seed789.csv
train,0.1,183,-1,0.6706,76.41859612264496,39.58333333333333,118,10,0,0,1430.6,23.47926199261993,1454.07926199262,-2526.0,-143.06,-2669.06,53,44,111,46,34,final_dqn_seed789.csv
train,0.1,184,-1,0.6688000000000001,96.65602598284752,64.93055555555556,73,7,0,0,1084.6,23.47926199261993,1108.07926199262,-1410.0,-108.46,-1518.4600000000005,120,45,58,27,38,final_dqn_seed789.csv
train,0.1,185,-1,0.667,171.78548049843317,55.55555555555556,0,0,0,0,1442.2999999999995,23.47926199261993,1465.7792619926197,-96.0,-144.23000000000002,-240.23,54,62,89,40,43,final_dqn_seed789.csv
train,0.1,186,-1,0.6652,94.84484296185812,27.77777777777778,147,8,0,0,1693.4,23.47926199261993,1716.87926199262,-3063.0,-169.33999999999995,-3232.34,47,67,57,47,70,final_dqn_seed789.csv
train,0.1,187,-1,0.6634,95.3444607337448,40.97222222222222,126,10,0,0,1343.3,23.47926199261993,1366.77926199262,-2586.0,-134.32999999999998,-2720.33,70,64,67,50,37,final_dqn_seed789.csv
train,0.1,188,-1,0.6616,151.24525613032046,58.333333333333336,8,4,0,0,1184.1,23.47926199261993,1207.57926199262,-252.0,-118.41,-370.41,80,79,57,43,29,final_dqn_seed789.csv
train,0.1,189,-1,0.6597999999999999,166.9697688406768,66.31944444444444,0,0,0,0,1313.4,23.47926199261993,1336.87926199262,-3.0,-131.33999999999995,-134.33999999999995,91,59,52,36,50,final_dqn_seed789.csv
train,0.1,190,-1,0.6579999999999999,66.87446477318525,21.180555555555557,163,17,0,0,1331.7999999999995,23.47926199261993,1355.2792619926197,-3519.0,-133.18,-3652.18,67,50,91,50,30,final_dqn_seed789.csv
train,0.1,191,-1,0.6562,141.76518443688735,39.93055555555556,48,8,15,3,1474.4,23.47926199261993,1497.8792619926198,-1299.0,-147.44,-1446.44,55,74,63,48,48,final_dqn_seed789.csv
train,0.1,192,-1,0.6544,111.7235793254494,64.93055555555556,70,7,0,0,1107.5,23.47926199261993,1130.97926199262,-1329.0,-110.75,-1439.75,116,54,47,32,39,final_dqn_seed789.csv
train,0.1,193,-1,0.6526,123.30004502992182,71.875,47,5,0,0,1407.8,23.47926199261993,1431.27926199262,-852.0,-140.78,-992.78,80,34,84,44,46,final_dqn_seed789.csv
train,0.1,194,-1,0.6508,201.67869031387565,46.18055555555556,0,0,15,5,1288.4999999999998,23.47926199261993,1311.9792619926195,-297.0,-128.85,-425.85,63,83,66,43,33,final_dqn_seed789.csv
train,0.1,195,-1,0.649,248.0306297469212,5.555555555555555,0,0,29,5,1648.0999999999997,23.47926199261993,1671.5792619926196,-760.0,-164.81,-924.81,46,49,91,41,61,final_dqn_seed789.csv
train,0.1,196,-1,0.6472,124.27790558888984,45.83333333333333,82,5,0,0,1301.9,23.47926199261993,1325.37926199262,-1680.0,-130.19,-1810.19,68,72,63,54,31,final_dqn_seed789.csv
train,0.1,197,-1,0.6454,110.90804470936128,45.83333333333333,76,7,0,0,1491.9,23.47926199261993,1515.3792619926198,-1653.0,-149.19,-1802.19,64,72,55,38,59,final_dqn_seed789.csv
train,0.1,198,-1,0.6436,120.4571211321875,95.83333333333334,0,0,0,0,1388.3,23.47926199261993,1411.77926199262,234.0,-138.82999999999998,95.17,96,47,55,27,63,final_dqn_seed789.csv
train,0.1,199,-1,0.6417999999999999,117.17290357381307,38.54166666666667,81,9,0,0,1215.0,23.47926199261993,1238.47926199262,-1827.0,-121.5,-1948.5,111,35,60,40,42,final_dqn_seed789.csv
eval,0.1,199,0,0.0,212.4413465273376,32.63888888888889,0,0,23,3,0.0,23.47926199261993,23.47926199261993,-478.0,0.0,-478.0,288,0,0,0,0,final_dqn_seed789.csv
eval,0.1,199,1,0.0,302.1591229945615,8.333333333333332,0,0,188,1,0.0,23.47926199261993,23.47926199261993,-2008.0,0.0,-2008.0,288,0,0,0,0,final_dqn_seed789.csv
eval,0.1,199,2,0.0,161.12540790769395,71.18055555555556,0,0,0,0,0.0,23.47926199261993,23.47926199261993,39.0,0.0,39.0,288,0,0,0,0,final_dqn_seed789.csv
eval,0.1,199,3,0.0,285.82491572919247,14.23611111111111,0,0,142,4,0.0,23.47926199261993,23.47926199261993,-1589.0,0.0,-1589.0,288,0,0,0,0,final_dqn_seed789.csv
eval,0.1,199,4,0.0,137.90094985493286,92.01388888888889,1,1,0,0,0.0,23.47926199261993,23.47926199261993,192.0,0.0,192.0,288,0,0,0,0,final_dqn_seed789.csv
train,0.1,200,-1,0.6399999999999999,77.77683398649448,45.48611111111111,114,7,0,0,1205.3,23.47926199261993,1228.77926199262,-2364.0,-120.53,-2484.53,115,46,32,54,41,final_dqn_seed789.csv
train,0.1,201,-1,0.6382,150.79770191138695,73.26388888888889,0,0,0,0,1211.6999999999998,23.47926199261993,1235.1792619926198,39.0,-121.17,-82.17000000000002,98,50,69,30,41,final_dqn_seed789.csv
train,0.1,202,-1,0.6364,197.1708529511504,22.22222222222222,0,0,0,0,1419.6,23.47926199261993,1443.07926199262,-384.0,-141.95999999999998,-525.96,87,40,40,81,40,final_dqn_seed789.csv
train,0.1,203,-1,0.6345999999999999,232.9269736640498,38.54166666666667,0,0,108,3,1552.6,23.47926199261993,1576.07926199262,-1107.0,-155.26,-1262.2599999999998,60,74,46,46,62,final_dqn_seed789.csv
train,0.1,204,-1,0.6328,184.6627783450905,44.44444444444444,0,0,0,0,1461.9,23.47926199261993,1485.37926199262,-192.0,-146.19,-338.19,52,43,106,52,35,final_dqn_seed789.csv
train,0.1,205,-1,0.631,100.58707969833434,71.52777777777779,64,2,0,0,1596.1,23.47926199261993,1619.57926199262,-1164.0,-159.61,-1323.61,75,32,60,60,61,final_dqn_seed789.csv
train,0.1,206,-1,0.6292,233.56405318006836,9.375,0,0,43,1,1638.4,23.47926199261993,1661.87926199262,-839.0,-163.84,-1002.84,62,41,42,95,48,final_dqn_seed789.csv
train,0.1,207,-1,0.6274,124.01025665476192,92.36111111111111,10,4,0,0,1570.9,23.47926199261993,1594.37926199262,6.0,-157.09,-151.09000000000003,59,55,52,73,49,final_dqn_seed789.csv
train,0.1,208,-1,0.6255999999999999,204.09837860291816,43.05555555555556,0,0,12,4,1254.8,23.47926199261993,1278.27926199262,-300.0,-125.48,-425.48,99,39,61,53,36,final_dqn_seed789.csv
train,0.1,209,-1,0.6238,149.9786608199434,73.61111111111111,0,0,0,0,1289.6999999999998,23.47926199261993,1313.1792619926198,57.0,-128.97,-71.97000000000003,87,36,88,40,37,final_dqn_seed789.csv
train,0.1,210,-1,0.622,102.6288416081798,74.30555555555556,47,6,0,0,1628.9,23.47926199261993,1652.3792619926198,-861.0,-162.89,-1023.89,72,34,53,68,61,final_dqn_seed789.csv
train,0.1,211,-1,0.6202000000000001,262.2239018847514,7.986111111111111,0,0,121,6,1305.8,23.47926199261993,1329.27926199262,-1475.0,-130.57999999999998,-1605.5800000000002,97,40,43,74,34,final_dqn_seed789.csv
train,0.1,212,-1,0.6184000000000001,199.92537309877537,27.77777777777778,0,0,0,0,1396.4,23.47926199261993,1419.87926199262,-336.0,-139.64,-475.64,104,36,51,33,64,final_dqn_seed789.csv
train,0.1,213,-1,0.6166,191.6343686281156,32.98611111111111,0,0,0,0,1483.1,23.47926199261993,1506.57926199262,-291.0,-148.31,-439.31,89,50,35,51,63,final_dqn_seed789.csv
train,0.1,214,-1,0.6148,97.6333388162936,70.13888888888889,65,3,0,0,1080.6,23.47926199261993,1104.07926199262,-1203.0,-108.06,-1311.06,126,41,50,33,38,final_dqn_seed789.csv
train,0.1,215,-1,0.613,150.14914615673328,79.16666666666666,0,0,0,0,1141.6,23.47926199261993,1165.07926199262,108.0,-114.16,-6.159999999999997,88,87,42,39,32,final_dqn_seed789.csv
train,0.1,216,-1,0.6112,187.88960265595503,44.44444444444444,0,0,0,0,1460.5,23.47926199261993,1483.97926199262,-192.0,-146.05,-338.04999999999995,86,51,53,33,65,final_dqn_seed789.csv
train,0.1,217,-1,0.6093999999999999,199.35425446394936,37.15277777777778,0,0,0,0,1703.4,23.47926199261993,1726.8792619926198,-255.0,-170.34,-425.34,64,45,59,42,78,final_dqn_seed789.csv
train,0.1,218,-1,0.6075999999999999,108.5618260691172,81.59722222222221,30,3,0,0,1198.2,23.47926199261993,1221.67926199262,-480.0,-119.82,-599.8199999999999,111,42,40,61,34,final_dqn_seed789.csv
train,0.1,219,-1,0.6058,224.2714034826775,15.97222222222222,0,0,4,2,1326.9,23.47926199261993,1350.3792619926198,-470.0,-132.69,-602.69,80,58,63,46,41,final_dqn_seed789.csv
train,0.1,220,-1,0.604,176.04619087415165,42.01388888888889,0,0,0,0,1395.1999999999998,23.47926199261993,1418.6792619926198,-213.0,-139.51999999999998,-352.52000000000004,68,67,54,59,40,final_dqn_seed789.csv
train,0.1,221,-1,0.6022000000000001,246.2889399919851,13.88888888888889,0,0,45,4,1594.7999999999995,23.47926199261993,1618.2792619926197,-816.0,-159.48000000000002,-975.48,57,37,92,46,56,final_dqn_seed789.csv
train,0.1,222,-1,0.6004,143.92622572838496,77.77777777777779,0,0,0,0,1867.8,23.47926199261993,1891.27926199262,51.0,-186.78,-135.78,34,32,62,106,54,final_dqn_seed789.csv
train,0.1,223,-1,0.5986,76.25687442678107,34.02777777777778,151,10,0,0,1424.6,23.47926199261993,1448.07926199262,-3117.0,-142.46,-3259.46,86,35,53,72,42,final_dqn_seed789.csv
train,0.1,224,-1,0.5968,213.6593486403172,27.08333333333333,0,0,19,1,1460.0,23.47926199261993,1483.47926199262,-494.0,-146.0,-640.0,74,44,82,32,56,final_dqn_seed789.csv
train,0.1,225,-1,0.595,171.5472659385907,66.66666666666666,0,0,7,2,1786.9,23.47926199261993,1810.37926199262,-56.0,-178.69,-234.68999999999997,46,51,52,70,69,final_dqn_seed789.csv
train,0.1,226,-1,0.5932,143.64653973477644,89.58333333333334,0,0,0,0,1306.0,23.47926199261993,1329.47926199262,198.0,-130.60000000000002,67.39999999999999,74,72,47,63,32,final_dqn_seed789.csv
train,0.1,227,-1,0.5913999999999999,179.370717506973,56.25,0,0,12,2,1288.1,23.47926199261993,1311.57926199262,-201.0,-128.81,-329.81,80,83,34,50,41,final_dqn_seed789.csv
train,0.1,228,-1,0.5895999999999999,96.91632513590712,65.625,55,10,0,0,1342.4,23.47926199261993,1365.8792619926198,-1131.0,-134.24,-1265.24,71,75,44,62,36,final_dqn_seed789.csv
train,0.1,229,-1,0.5878,101.04874264992613,72.91666666666666,23,9,0,0,1286.9,23.47926199261993,1310.37926199262,-525.0,-128.69,-653.69,80,78,29,68,33,final_dqn_seed789.csv
train,0.1,230,-1,0.586,165.03041047100436,72.91666666666666,0,0,12,5,1169.0,23.47926199261993,1192.47926199262,-45.0,-116.9,-161.89999999999998,106,56,40,52,34,final_dqn_seed789.csv
train,0.1,231,-1,0.5842,149.84720155333343,93.4027777777778,0,0,0,0,1113.5,23.47926199261993,1136.97926199262,231.0,-111.35,119.65,113,54,39,51,31,final_dqn_seed789.csv
train,0.1,232,-1,0.5824,104.6006712855986,71.52777777777779,30,6,0,0,1509.1,23.47926199261993,1532.57926199262,-639.0,-150.91000000000005,-789.9100000000001,51,68,35,107,27,final_dqn_seed789.csv
train,0.1,233,-1,0.5806,159.16324658026463,82.98611111111111,0,0,0,0,1003.2,23.47926199261993,1026.67926199262,141.0,-100.32,40.67999999999999,140,37,43,32,36,final_dqn_seed789.csv
train,0.1,234,-1,0.5788,223.84309359315347,24.65277777777778,0,0,27,2,1000.3,23.47926199261993,1023.77926199262,-579.0,-100.03,-679.03,150,33,29,37,39,final_dqn_seed789.csv
train,0.1,235,-1,0.577,123.5478730517914,90.625,11,3,0,0,1172.7,23.47926199261993,1196.17926199262,-36.0,-117.27,-153.27000000000004,109,48,39,61,31,final_dqn_seed789.csv
train,0.1,236,-1,0.5751999999999999,189.4799794434706,40.97222222222222,0,0,0,0,1108.9,23.47926199261993,1132.37926199262,-225.0,-110.89,-335.89,128,35,36,56,33,final_dqn_seed789.csv
train,0.1,237,-1,0.5734,76.98058480445076,36.45833333333333,151,11,0,0,1433.3,23.47926199261993,1456.77926199262,-3072.0,-143.32999999999998,-3215.33,49,103,39,52,45,final_dqn_seed789.csv
train,0.1,238,-1,0.5716,140.45542055828005,55.55555555555556,37,5,0,0,1093.6,23.47926199261993,1117.07926199262,-807.0,-109.36,-916.36,127,37,46,42,36,final_dqn_seed789.csv
train,0.1,239,-1,0.5698000000000001,101.78130144564608,45.83333333333333,112,8,0,0,1126.6999999999998,23.47926199261993,1150.1792619926198,-2286.0,-112.67,-2398.67,89,91,36,41,31,final_dqn_seed789.csv
train,0.1,240,-1,0.5680000000000001,120.90367564849528,61.11111111111112,58,6,0,0,1182.6,23.47926199261993,1206.07926199262,-1176.0,-118.26,-1294.2600000000002,99,73,32,46,38,final_dqn_seed789.csv
train,0.1,241,-1,0.5662,97.64851709980884,47.91666666666667,99,6,0,0,1325.0,23.47926199261993,1348.47926199262,-2058.0,-132.5,-2190.5,72,75,51,52,38,final_dqn_seed789.csv
train,0.1,242,-1,0.5644,126.23738063049154,72.22222222222221,44,4,0,0,1052.9,23.47926199261993,1076.37926199262,-792.0,-105.29,-897.2900000000001,120,50,45,44,29,final_dqn_seed789.csv
train,0.1,243,-1,0.5626,251.33522438907696,20.13888888888889,0,0,103,1,1104.2,23.47926199261993,1127.67926199262,-1226.0,-110.42,-1336.42,138,41,30,29,50,final_dqn_seed789.csv
train,0.1,244,-1,0.5608,123.0583000281859,62.5,42,4,0,0,1224.6,23.47926199261993,1248.07926199262,-873.0,-122.45999999999998,-995.4600000000002,97,54,48,55,34,final_dqn_seed789.csv
train,0.1,245,-1,0.5589999999999999,128.9974769613361,71.18055555555556,34,3,0,0,1215.9,23.47926199261993,1239.37926199262,-588.0,-121.59,-709.5900000000001,113,42,30,68,35,final_dqn_seed789.csv
train,0.1,246,-1,0.5571999999999999,214.35132022147815,20.833333333333336,0,0,0,0,1099.1,23.47926199261993,1122.57926199262,-396.0,-109.91,-505.91,94,76,58,29,31,final_dqn_seed789.csv
train,0.1,247,-1,0.5554,85.83957887344421,54.513888888888886,94,8,0,0,1410.4,23.47926199261993,1433.8792619926198,-1908.0,-141.04,-2049.04,58,82,43,69,36,final_dqn_seed789.csv
train,0.1,248,-1,0.5536,105.17904553906494,29.86111111111111,97,12,0,0,1149.0,23.47926199261993,1172.47926199262,-2214.0,-114.9,-2328.9,83,89,39,51,26,final_dqn_seed789.csv
train,0.1,249,-1,0.5518000000000001,97.74311666564306,51.04166666666666,90,8,0,0,1186.1,23.47926199261993,1209.57926199262,-1890.0,-118.61,-2008.61,100,65,40,46,37,final_dqn_seed789.csv
eval,0.1,249,0,0.0,107.74230710280251,90.9722222222222,16,2,0,0,1290.7,23.47926199261993,1314.17926199262,-108.0,-129.07,-237.07,117,9,7,144,11,final_dqn_seed789.csv
eval,0.1,249,1,0.0,213.0808334724449,21.875,0,0,0,0,296.0,23.47926199261993,319.4792619926199,-387.0,-29.6,-416.6,183,104,1,0,0,final_dqn_seed789.csv
eval,0.1,249,2,0.0,110.892127370052,62.5,29,5,0,0,1202.8,23.47926199261993,1226.27926199262,-660.0,-120.28,-780.2800000000001,116,20,17,127,8,final_dqn_seed789.csv
eval,0.1,249,3,0.0,172.1288329555385,55.55555555555556,0,0,0,0,227.3,23.47926199261993,250.77926199261995,-96.0,-22.73,-118.73000000000002,256,2,4,25,1,final_dqn_seed789.csv
eval,0.1,249,4,0.0,180.0832235660887,55.90277777777778,0,0,0,0,70.5,23.47926199261993,93.97926199261993,-93.0,-7.05,-100.05000000000004,274,5,6,2,1,final_dqn_seed789.csv
train,0.1,250,-1,0.55,161.3820644566299,70.83333333333334,0,0,0,0,1018.5,23.47926199261993,1041.97926199262,36.0,-101.85,-65.85000000000001,123,60,39,33,33,final_dqn_seed789.csv
train,0.1,251,-1,0.5482,148.30119289418866,81.25,0,0,0,0,900.0,23.47926199261993,923.47926199262,126.0,-90.0,36.0,158,37,24,37,32,final_dqn_seed789.csv
train,0.1,252,-1,0.5464,130.63902497261617,77.08333333333334,2,2,0,0,1227.6999999999998,23.47926199261993,1251.1792619926198,-9.0,-122.77,-131.77,116,38,28,69,37,final_dqn_seed789.csv
train,0.1,253,-1,0.5446,237.0134109204361,12.152777777777777,0,0,9,2,964.4,23.47926199261993,987.87926199262,-543.0,-96.44,-639.4399999999999,141,26,59,34,28,final_dqn_seed789.csv
train,0.1,254,-1,0.5428,74.9668281804447,40.97222222222222,119,11,0,0,1552.9,23.47926199261993,1576.3792619926198,-2517.0,-155.28999999999996,-2672.2900000000004,67,35,50,99,37,final_dqn_seed789.csv
train,0.1,255,-1,0.5409999999999999,113.70921567348896,58.333333333333336,76,5,0,0,1271.3,23.47926199261993,1294.77926199262,-1491.0,-127.13,-1618.13,103,32,58,58,37,final_dqn_seed789.csv
train,0.1,256,-1,0.5391999999999999,256.7086262846442,10.069444444444445,0,0,40,7,867.8,23.47926199261993,891.2792619926199,-809.0,-86.78,-895.78,156,32,39,35,26,final_dqn_seed789.csv
train,0.1,257,-1,0.5374,94.90082847098635,60.763888888888886,89,2,0,0,1277.4,23.47926199261993,1300.8792619926198,-1725.0,-127.73999999999998,-1852.74,102,52,33,59,42,final_dqn_seed789.csv
train,0.1,258,-1,0.5356,239.80682811388195,9.027777777777777,0,0,20,5,960.5,23.47926199261993,983.97926199262,-658.0,-96.05,-754.05,124,46,67,26,25,final_dqn_seed789.csv
train,0.1,259,-1,0.5338,103.71528184772548,75.34722222222221,40,4,0,0,1928.5,23.47926199261993,1951.97926199262,-738.0,-192.85,-930.85,59,33,32,75,89,final_dqn_seed789.csv
train,0.1,260,-1,0.532,91.343171063107,54.86111111111112,101,9,0,0,1502.3,23.47926199261993,1525.77926199262,-2007.0,-150.23,-2157.2300000000005,61,60,52,72,43,final_dqn_seed789.csv
train,0.1,261,-1,0.5302,127.26161835881535,85.41666666666666,30,2,0,0,1152.3000000000002,23.47926199261993,1175.77926199262,-411.0,-115.23,-526.23,132,38,29,42,47,final_dqn_seed789.csv
train,0.1,262,-1,0.5284,110.3483727185824,67.01388888888889,42,8,0,0,1605.0,23.47926199261993,1628.47926199262,-885.0,-160.5,-1045.5,79,40,34,73,62,final_dqn_seed789.csv
train,0.1,263,-1,0.5266,229.8520059685461,12.5,0,0,19,6,898.2,23.47926199261993,921.67926199262,-620.0,-89.82,-709.82,147,37,51,23,30,final_dqn_seed789.csv
train,0.1,264,-1,0.5247999999999999,101.90237598565004,73.95833333333334,45,6,0,0,1702.4999999999998,23.47926199261993,1725.9792619926195,-837.0,-170.25,-1007.25,71,43,35,66,73,final_dqn_seed789.csv
train,0.1,265,-1,0.5229999999999999,67.92835277419653,31.59722222222222,174,9,0,0,2119.5,23.47926199261993,2142.97926199262,-3504.0,-211.95,-3715.95,39,24,37,97,91,final_dqn_seed789.csv
train,0.1,266,-1,0.5211999999999999,125.55064628387008,99.30555555555556,0,0,0,0,1349.1,23.47926199261993,1372.57926199262,276.0,-134.90999999999997,141.09,120,30,33,42,63,final_dqn_seed789.csv
train,0.1,267,-1,0.5194,99.10338792632317,53.81944444444444,84,7,0,0,1257.1,23.47926199261993,1280.57926199262,-1746.0,-125.71,-1871.7100000000005,98,42,49,68,31,final_dqn_seed789.csv
train,0.1,268,-1,0.5176,107.1935841602041,39.23611111111111,111,6,0,0,1025.6,23.47926199261993,1049.07926199262,-2328.0,-102.56,-2430.56,116,61,45,38,28,final_dqn_seed789.csv
train,0.1,269,-1,0.5158,238.3465829346736,12.5,0,0,32,6,1416.2999999999995,23.47926199261993,1439.7792619926197,-724.0,-141.63,-865.6299999999999,128,22,29,30,79,final_dqn_seed789.csv
train,0.1,270,-1,0.514,163.3605766602121,72.91666666666666,0,0,0,0,830.5,23.47926199261993,853.97926199262,54.0,-83.05,-29.049999999999983,166,34,34,21,33,final_dqn_seed789.csv
train,0.1,271,-1,0.5122,145.0924540025109,90.9722222222222,0,0,0,0,1118.3,23.47926199261993,1141.77926199262,210.0,-111.83,98.17,144,29,24,44,47,final_dqn_seed789.csv
train,0.1,272,-1,0.5104,196.3803236158118,39.58333333333333,0,0,0,0,787.2,23.47926199261993,810.67926199262,-234.0,-78.72,-312.72,171,30,34,25,28,final_dqn_seed789.csv
train,0.1,273,-1,0.5085999999999999,259.73037968689255,10.069444444444445,0,0,97,1,888.0,23.47926199261993,911.47926199262,-1265.0,-88.8,-1353.8000000000002,158,36,30,32,32,final_dqn_seed789.csv
train,0.1,274,-1,0.5067999999999999,94.2981976545836,59.375,95,4,0,0,1609.0,23.47926199261993,1632.47926199262,-1833.0,-160.9,-1993.9,77,26,48,83,54,final_dqn_seed789.csv
train,0.1,275,-1,0.5049999999999999,142.12773568133838,95.13888888888889,0,0,0,0,1132.4,23.47926199261993,1155.87926199262,246.0,-113.23999999999998,132.76,148,19,27,46,48,final_dqn_seed789.csv
train,0.1,276,-1,0.5031999999999999,130.89119596192157,80.20833333333334,0,0,0,0,1251.4,23.47926199261993,1274.87926199262,81.0,-125.14,-44.14,109,30,47,68,34,final_dqn_seed789.csv
train,0.1,277,-1,0.5014,97.08602573081951,50.69444444444444,98,11,0,0,1271.6999999999998,23.47926199261993,1295.1792619926198,-2022.0,-127.17,-2149.17,81,72,42,60,33,final_dqn_seed789.csv
train,0.1,278,-1,0.4995999999999999,198.1335494402519,34.72222222222222,0,0,13,1,901.3,23.47926199261993,924.77926199262,-380.0,-90.13,-470.13,159,35,26,35,33,final_dqn_seed789.csv
train,0.1,279,-1,0.4977999999999999,196.7629276453961,22.569444444444446,0,0,0,0,985.7,23.47926199261993,1009.17926199262,-381.0,-98.57,-479.57,146,31,45,29,37,final_dqn_seed789.csv
train,0.1,280,-1,0.4959999999999999,93.23584054678726,51.04166666666666,89,9,0,0,1175.2,23.47926199261993,1198.67926199262,-1890.0,-117.52,-2007.52,119,35,42,56,36,final_dqn_seed789.csv
train,0.1,281,-1,0.4942,103.38958578208728,64.58333333333334,93,1,0,0,1042.8000000000002,23.47926199261993,1066.27926199262,-1716.0,-104.28,-1820.28,105,76,43,36,28,final_dqn_seed789.csv
train,0.1,282,-1,0.4924,91.8044133826556,54.16666666666666,60,7,0,0,1528.4,23.47926199261993,1551.8792619926198,-1386.0,-152.83999999999995,-1538.84,69,54,40,77,48,final_dqn_seed789.csv
train,0.1,283,-1,0.4906,139.8434740969739,72.22222222222221,7,3,0,0,1304.8000000000002,23.47926199261993,1328.27926199262,-138.0,-130.48,-268.48,123,25,30,58,52,final_dqn_seed789.csv
train,0.1,284,-1,0.4888,158.26642884006822,88.88888888888889,0,0,0,0,871.4000000000001,23.47926199261993,894.8792619926201,192.0,-87.14,104.86,159,37,28,34,30,final_dqn_seed789.csv
train,0.1,285,-1,0.487,66.14408966553928,18.40277777777778,196,15,0,0,1711.1,23.47926199261993,1734.57926199262,-4062.0,-171.11,-4233.110000000001,49,67,40,65,67,final_dqn_seed789.csv
train,0.1,286,-1,0.4852000000000001,85.810642826539,53.125,63,8,0,0,1361.4,23.47926199261993,1384.87926199262,-1467.0,-136.14,-1603.1400000000003,95,45,27,83,38,final_dqn_seed789.csv
train,0.1,287,-1,0.4834,215.05804083791267,36.11111111111111,0,0,18,3,1368.6,23.47926199261993,1392.07926199262,-408.0,-136.86,-544.86,125,31,30,28,74,final_dqn_seed789.csv
train,0.1,288,-1,0.4816,201.9158259370504,30.90277777777778,0,0,0,0,1727.6999999999998,23.47926199261993,1751.1792619926198,-309.0,-172.77,-481.77,97,24,37,29,101,final_dqn_seed789.csv
train,0.1,289,-1,0.4798,117.96543340898802,67.70833333333334,59,3,0,0,1333.5,23.47926199261993,1356.97926199262,-1095.0,-133.35,-1228.35,110,45,33,41,59,final_dqn_seed789.csv
train,0.1,290,-1,0.478,100.57995320050384,68.40277777777779,77,4,0,0,1509.4,23.47926199261993,1532.8792619926198,-1410.0,-150.94,-1560.9400000000005,83,53,42,44,66,final_dqn_seed789.csv
train,0.1,291,-1,0.4762,277.0706118431903,2.430555555555556,0,0,143,7,902.0,23.47926199261993,925.47926199262,-1699.0,-90.2,-1789.2000000000005,149,38,39,34,28,final_dqn_seed789.csv
train,0.1,292,-1,0.4744,111.62731692961592,38.19444444444444,107,7,0,0,1243.8,23.47926199261993,1267.27926199262,-2256.0,-124.38,-2380.38,85,69,55,41,38,final_dqn_seed789.csv
train,0.1,293,-1,0.4726,243.62619105405955,14.23611111111111,0,0,32,7,1844.0,23.47926199261993,1867.47926199262,-709.0,-184.4,-893.4,35,73,15,101,64,final_dqn_seed789.csv
train,0.1,294,-1,0.4708,212.5362428397382,39.93055555555556,0,0,35,5,1998.7,23.47926199261993,2022.17926199262,-511.0,-199.87,-710.87,37,78,35,23,115,final_dqn_seed789.csv
train,0.1,295,-1,0.469,94.28352215973104,64.23611111111111,64,9,0,0,1170.5,23.47926199261993,1193.97926199262,-1290.0,-117.05,-1407.0500000000002,118,31,48,58,33,final_dqn_seed789.csv
train,0.1,296,-1,0.4672,260.07270986380183,14.930555555555555,0,0,89,7,2048.8,23.47926199261993,2072.27926199262,-1159.0,-204.88,-1363.88,31,74,28,47,108,final_dqn_seed789.csv
train,0.1,297,-1,0.4654,94.1293170892426,57.29166666666666,99,4,0,0,1722.1,23.47926199261993,1745.57926199262,-1935.0,-172.21,-2107.21,52,34,95,34,73,final_dqn_seed789.csv
train,0.1,298,-1,0.4636,124.63801705059352,84.72222222222221,13,2,0,0,1916.7,23.47926199261993,1940.17926199262,-132.0,-191.67,-323.67,61,39,52,29,107,final_dqn_seed789.csv
train,0.1,299,-1,0.4618,181.10216901208503,57.29166666666666,0,0,1,1,1558.9,23.47926199261993,1582.3792619926198,-89.0,-155.89,-244.89,87,61,33,22,85,final_dqn_seed789.csv
eval,0.1,299,0,0.0,132.49569315133613,88.54166666666666,0,0,0,0,2553.7,23.47926199261993,2577.17926199262,168.0,-255.37000000000003,-87.37,14,16,93,0,165,final_dqn_seed789.csv
eval,0.1,299,1,0.0,156.2161780958552,38.19444444444444,38,4,0,0,1707.9,23.47926199261993,1731.3792619926198,-963.0,-170.79000000000002,-1133.79,30,117,49,1,91,final_dqn_seed789.csv
eval,0.1,299,2,0.0,101.8955019939053,81.59722222222221,29,7,0,0,2445.8,23.47926199261993,2469.27926199262,-465.0,-244.58,-709.5800000000002,1,0,147,2,138,final_dqn_seed789.csv
eval,0.1,299,3,0.0,121.32357354311472,80.20833333333334,43,2,0,0,2790.4,23.47926199261993,2813.8792619926194,-687.0,-279.04,-966.04,13,4,79,0,192,final_dqn_seed789.csv
eval,0.1,299,4,0.0,95.87345044630104,40.625,111,10,0,0,2294.1,23.47926199261993,2317.57926199262,-2343.0,-229.41000000000005,-2572.41,25,13,112,1,137,final_dqn_seed789.csv
train,0.1,300,-1,0.4599999999999999,230.78951322751084,14.583333333333334,0,0,29,1,1623.9,23.47926199261993,1647.3792619926198,-682.0,-162.39,-844.3899999999999,39,80,69,37,63,final_dqn_seed789.csv
train,0.1,301,-1,0.4582,90.481890758144,46.18055555555556,108,8,0,0,1788.9,23.47926199261993,1812.37926199262,-2247.0,-178.89,-2425.8900000000003,60,29,51,79,69,final_dqn_seed789.csv
train,0.1,302,-1,0.4564,148.01587633168143,85.06944444444444,0,0,0,0,2038.9,23.47926199261993,2062.37926199262,159.0,-203.89,-44.88999999999999,48,56,32,35,117,final_dqn_seed789.csv
train,0.1,303,-1,0.4546,99.09488998487478,69.09722222222221,71,4,0,0,2145.8,23.47926199261993,2169.27926199262,-1311.0,-214.58,-1525.58,43,31,45,55,114,final_dqn_seed789.csv
train,0.1,304,-1,0.4528,143.5415351750247,92.70833333333334,0,0,0,0,1854.8,23.47926199261993,1878.27926199262,225.0,-185.48,39.52,73,59,16,28,112,final_dqn_seed789.csv
train,0.1,305,-1,0.4509999999999999,145.30020501338257,79.16666666666666,1,1,0,0,1360.5,23.47926199261993,1383.97926199262,60.0,-136.05,-76.05000000000001,76,97,30,24,61,final_dqn_seed789.csv
train,0.1,306,-1,0.4492,109.20465522981108,25.34722222222222,98,8,0,0,1376.6999999999998,23.47926199261993,1400.1792619926198,-2256.0,-137.67,-2393.67,80,66,35,64,43,final_dqn_seed789.csv
train,0.1,307,-1,0.4474,98.25157429644926,59.02777777777778,91,3,0,0,1972.4,23.47926199261993,1995.87926199262,-1773.0,-197.24,-1970.24,48,56,33,47,104,final_dqn_seed789.csv
train,0.1,308,-1,0.4456,250.45213191850291,6.597222222222222,0,0,80,3,994.2,23.47926199261993,1017.67926199262,-1159.0,-99.42,-1258.42,114,71,34,47,22,final_dqn_seed789.csv
train,0.1,309,-1,0.4438,206.87602935935917,23.61111111111111,0,0,0,0,1683.4,23.47926199261993,1706.87926199262,-372.0,-168.33999999999995,-540.34,60,31,17,150,30,final_dqn_seed789.csv
train,0.1,310,-1,0.4419999999999999,147.6298549398618,44.44444444444444,32,4,0,0,1552.0,23.47926199261993,1575.47926199262,-804.0,-155.2,-959.2,48,73,35,96,36,final_dqn_seed789.csv
train,0.1,311,-1,0.4402,171.9907222425678,58.333333333333336,0,0,0,0,1056.0,23.47926199261993,1079.47926199262,-72.0,-105.6,-177.60000000000002,76,125,33,26,28,final_dqn_seed789.csv
train,0.1,312,-1,0.4384,125.16733071881198,56.94444444444444,50,3,0,0,1447.1,23.47926199261993,1470.57926199262,-1062.0,-144.71,-1206.71,77,73,41,34,63,final_dqn_seed789.csv
train,0.1,313,-1,0.4366,110.2154580229082,45.48611111111111,66,10,0,0,1455.8,23.47926199261993,1479.27926199262,-1497.0,-145.58,-1642.58,90,56,44,28,70,final_dqn_seed789.csv
train,0.1,314,-1,0.4347999999999999,118.6269934153834,76.04166666666666,37,6,0,0,1679.1,23.47926199261993,1702.57926199262,-654.0,-167.91,-821.9100000000001,47,92,28,46,75,final_dqn_seed789.csv
train,0.1,315,-1,0.4329999999999999,72.33531542561282,26.38888888888889,181,11,0,0,2189.4,23.47926199261993,2212.8792619926194,-3699.0,-218.94,-3917.94,35,41,34,64,114,final_dqn_seed789.csv
train,0.1,316,-1,0.4312,111.7566627340438,48.61111111111111,67,11,0,0,1461.6999999999998,23.47926199261993,1485.1792619926198,-1500.0,-146.17,-1646.1700000000003,79,49,47,64,49,final_dqn_seed789.csv
train,0.1,317,-1,0.4294,92.50732149578612,61.458333333333336,70,6,0,0,1189.8,23.47926199261993,1213.27926199262,-1428.0,-118.98,-1546.98,132,35,33,34,54,final_dqn_seed789.csv
train,0.1,318,-1,0.4276,115.99620872078732,97.91666666666666,0,0,0,0,1491.7,23.47926199261993,1515.17926199262,252.0,-149.17000000000002,102.82999999999998,111,37,33,22,85,final_dqn_seed789.csv
train,0.1,319,-1,0.4257999999999999,125.7176195912742,90.9722222222222,0,0,0,0,1273.1,23.47926199261993,1296.57926199262,144.0,-127.31,16.68999999999999,98,76,27,32,55,final_dqn_seed789.csv
train,0.1,320,-1,0.4239999999999999,111.60353835337376,74.30555555555556,43,9,0,0,1123.8,23.47926199261993,1147.27926199262,-798.0,-112.38,-910.38,120,66,29,23,50,final_dqn_seed789.csv
train,0.1,321,-1,0.4222,67.49264608630803,29.166666666666668,183,9,0,0,1860.6,23.47926199261993,1884.07926199262,-3681.0,-186.06,-3867.06,79,27,28,56,98,final_dqn_seed789.csv
train,0.1,322,-1,0.4204,232.93339785494285,19.09722222222222,0,0,48,2,1018.6999999999998,23.47926199261993,1042.1792619926198,-795.0,-101.87,-896.87,134,58,23,34,39,final_dqn_seed789.csv
train,0.1,323,-1,0.4185999999999999,110.35034627810764,56.94444444444444,77,6,0,0,1627.1999999999998,23.47926199261993,1650.6792619926198,-1533.0,-162.72,-1695.72,92,32,36,48,80,final_dqn_seed789.csv
train,0.1,324,-1,0.4167999999999999,182.14592095478133,50.0,0,0,0,0,805.6,23.47926199261993,829.07926199262,-144.0,-80.56,-224.56,168,42,22,24,32,final_dqn_seed789.csv
train,0.1,325,-1,0.4149999999999999,241.50296277523765,33.33333333333333,0,0,112,9,1050.0,23.47926199261993,1073.47926199262,-1184.0,-105.0,-1289.0,150,26,25,47,40,final_dqn_seed789.csv
train,0.1,326,-1,0.4132,81.18462476022387,47.22222222222222,113,7,0,0,1528.0,23.47926199261993,1551.47926199262,-2319.0,-152.79999999999998,-2471.8,77,77,28,30,76,final_dqn_seed789.csv
train,0.1,327,-1,0.4114,98.2982518389634,66.31944444444444,71,3,0,0,1403.6,23.47926199261993,1427.07926199262,-1359.0,-140.36,-1499.36,116,40,30,26,76,final_dqn_seed789.csv
train,0.1,328,-1,0.4095999999999999,134.73076542301897,90.9722222222222,0,0,0,0,1046.5,23.47926199261993,1069.97926199262,177.0,-104.65,72.35,134,49,32,32,41,final_dqn_seed789.csv
train,0.1,329,-1,0.4077999999999999,108.16220321119204,72.91666666666666,34,9,0,0,1715.6,23.47926199261993,1739.07926199262,-657.0,-171.56,-828.5600000000002,76,50,38,32,92,final_dqn_seed789.csv
train,0.1,330,-1,0.4059999999999999,105.48849666573922,61.80555555555556,66,11,0,0,1064.0,23.47926199261993,1087.47926199262,-1335.0,-106.4,-1441.4,121,69,32,22,44,final_dqn_seed789.csv
train,0.1,331,-1,0.4042,91.70307677340722,45.83333333333333,109,7,0,0,768.1,23.47926199261993,791.57926199262,-2223.0,-76.81,-2299.81,156,57,30,20,25,final_dqn_seed789.csv
train,0.1,332,-1,0.4024,241.39666192692863,33.33333333333333,7,2,114,3,1157.6,23.47926199261993,1181.07926199262,-1341.0,-115.76,-1456.76,144,23,22,51,48,final_dqn_seed789.csv
train,0.1,333,-1,0.4005999999999999,148.66476844505644,51.388888888888886,13,2,0,0,1181.3000000000002,23.47926199261993,1204.77926199262,-420.0,-118.13,-538.1300000000001,150,23,27,23,65,final_dqn_seed789.csv
train,0.1,334,-1,0.3987999999999999,156.94128480409816,81.94444444444444,0,0,0,0,997.2,23.47926199261993,1020.67926199262,132.0,-99.72,32.28000000000001,165,22,24,29,48,final_dqn_seed789.csv
train,0.1,335,-1,0.3969999999999999,286.03981153895046,15.97222222222222,0,0,133,4,1462.2,23.47926199261993,1485.67926199262,-1502.0,-146.21999999999997,-1648.22,86,19,32,129,22,final_dqn_seed789.csv
train,0.1,336,-1,0.3952,316.5392398593355,3.8194444444444446,0,0,164,6,1652.9,23.47926199261993,1676.37926199262,-1855.0,-165.29,-2020.29,82,40,21,76,69,final_dqn_seed789.csv
train,0.1,337,-1,0.3933999999999999,84.74384325693616,27.08333333333333,140,11,0,0,1425.9,23.47926199261993,1449.37926199262,-3003.0,-142.58999999999995,-3145.59,99,63,20,35,71,final_dqn_seed789.csv
train,0.1,338,-1,0.3915999999999999,137.07147556387835,93.75,1,1,0,0,1251.6,23.47926199261993,1275.07926199262,192.0,-125.16,66.84,151,18,20,27,72,final_dqn_seed789.csv
train,0.1,339,-1,0.3897999999999999,120.36759916111616,51.388888888888886,79,2,0,0,1294.4,23.47926199261993,1317.87926199262,-1578.0,-129.44,-1707.44,134,29,32,21,72,final_dqn_seed789.csv
train,0.1,340,-1,0.3879999999999999,168.2119395640817,51.73611111111112,4,1,0,0,857.3000000000001,23.47926199261993,880.77926199262,-213.0,-85.72999999999999,-298.73,154,48,26,31,29,final_dqn_seed789.csv
train,0.1,341,-1,0.3862,138.65529512465542,70.48611111111111,29,4,0,0,928.0,23.47926199261993,951.47926199262,-534.0,-92.79999999999998,-626.8,164,31,22,31,40,final_dqn_seed789.csv
train,0.1,342,-1,0.3843999999999999,247.90159409175152,15.97222222222222,0,0,88,5,656.0,23.47926199261993,679.47926199262,-1142.0,-65.6,-1207.6,179,47,16,26,20,final_dqn_seed789.csv
train,0.1,343,-1,0.3825999999999999,116.54140531528714,75.0,34,3,0,0,1046.7,23.47926199261993,1070.17926199262,-639.0,-104.67,-743.6700000000001,153,32,20,36,47,final_dqn_seed789.csv
train,0.1,344,-1,0.3808,79.59960120441784,43.05555555555556,132,7,0,0,1712.8,23.47926199261993,1736.27926199262,-2676.0,-171.28,-2847.28,77,56,26,37,92,final_dqn_seed789.csv
train,0.1,345,-1,0.379,91.19171768194111,62.84722222222222,55,11,0,0,2404.7,23.47926199261993,2428.17926199262,-1173.0,-240.47,-1413.47,39,27,28,47,147,final_dqn_seed789.csv
train,0.1,346,-1,0.3772,187.535785008203,48.61111111111111,0,0,0,0,479.0,23.47926199261993,502.4792619926199,-156.0,-47.9,-203.9,223,11,18,18,18,final_dqn_seed789.csv
train,0.1,347,-1,0.3754,274.27456695295695,0.3472222222222222,0,0,122,4,762.0,23.47926199261993,785.47926199262,-1549.0,-76.19999999999999,-1625.2,119,110,26,17,16,final_dqn_seed789.csv
train,0.1,348,-1,0.3736,212.01110737839076,21.875,0,0,0,0,661.2,23.47926199261993,684.67926199262,-387.0,-66.12,-453.12,160,69,21,22,16,final_dqn_seed789.csv
train,0.1,349,-1,0.3718,158.85412591999022,75.0,0,0,0,0,549.6,23.47926199261993,573.07926199262,72.0,-54.96,17.040000000000013,204,22,22,24,16,final_dqn_seed789.csv
eval,0.1,349,0,0.0,235.05946091336324,9.027777777777777,0,0,46,2,0.0,23.47926199261993,23.47926199261993,-866.0,0.0,-866.0,288,0,0,0,0,final_dqn_seed789.csv
eval,0.1,349,1,0.0,102.96725693105904,65.625,42,10,0,0,0.0,23.47926199261993,23.47926199261993,-936.0,0.0,-936.0,288,0,0,0,0,final_dqn_seed789.csv
eval,0.1,349,2,0.0,105.02446670582589,75.34722222222221,45,5,0,0,0.0,23.47926199261993,23.47926199261993,-813.0,0.0,-813.0,288,0,0,0,0,final_dqn_seed789.csv
eval,0.1,349,3,0.0,193.83861186549595,30.90277777777778,0,0,0,0,0.0,23.47926199261993,23.47926199261993,-309.0,0.0,-309.0,288,0,0,0,0,final_dqn_seed789.csv
eval,0.1,349,4,0.0,95.61987564064812,38.19444444444444,117,13,0,0,0.0,23.47926199261993,23.47926199261993,-2469.0,0.0,-2469.0,288,0,0,0,0,final_dqn_seed789.csv
train,0.1,350,-1,0.37,143.97929740307063,78.47222222222221,0,0,0,0,888.9999999999999,23.47926199261993,912.47926199262,63.0,-88.9,-25.90000000000001,178,19,29,16,46,final_dqn_seed789.csv
train,0.1,351,-1,0.3681999999999999,115.21019035566138,87.5,22,2,0,0,1749.1999999999998,23.47926199261993,1772.6792619926198,-255.0,-174.92000000000002,-429.92,82,37,46,23,100,final_dqn_seed789.csv
train,0.1,352,-1,0.3664,123.42269972764274,55.55555555555556,43,7,0,0,1392.4,23.47926199261993,1415.8792619926198,-984.0,-139.24,-1123.24,114,21,44,49,60,final_dqn_seed789.csv
train,0.1,353,-1,0.3646,173.30268052850522,56.94444444444444,0,0,0,0,529.7,23.47926199261993,553.17926199262,-87.0,-52.97,-139.97000000000003,213,17,22,15,21,final_dqn_seed789.csv
train,0.1,354,-1,0.3628,167.82192282414832,69.79166666666666,0,0,0,0,632.0,23.47926199261993,655.47926199262,27.0,-63.2,-36.2,175,42,37,18,16,final_dqn_seed789.csv
train,0.1,355,-1,0.361,160.5375411449567,75.0,0,0,0,0,600.5,23.47926199261993,623.97926199262,72.0,-60.05,11.950000000000005,196,14,41,20,17,final_dqn_seed789.csv
train,0.1,356,-1,0.3591999999999999,79.26044988124606,45.13888888888889,100,9,0,0,1759.6,23.47926199261993,1783.07926199262,-2160.0,-175.96,-2335.96,57,26,87,42,76,final_dqn_seed789.csv
train,0.1,357,-1,0.3574,159.6022367768667,23.26388888888889,54,5,0,0,928.7,23.47926199261993,952.17926199262,-1395.0,-92.87,-1487.8700000000003,152,22,47,40,27,final_dqn_seed789.csv
train,0.1,358,-1,0.3556,120.23954344795304,78.125,33,1,0,0,998.9,23.47926199261993,1022.37926199262,-522.0,-99.89,-621.8900000000002,133,22,63,49,21,final_dqn_seed789.csv
train,0.1,359,-1,0.3538,98.41875658994311,62.5,56,9,0,0,1656.3000000000002,23.47926199261993,1679.77926199262,-1200.0,-165.63,-1365.63,84,16,59,58,71,final_dqn_seed789.csv
train,0.1,360,-1,0.352,131.80892864226044,80.90277777777779,22,4,0,0,919.8,23.47926199261993,943.27926199262,-315.0,-91.98,-406.98,140,43,45,34,26,final_dqn_seed789.csv
train,0.1,361,-1,0.3501999999999999,114.86891373045036,89.58333333333334,9,2,0,0,1043.4,23.47926199261993,1066.87926199262,-27.0,-104.34,-131.34000000000003,157,23,31,27,50,final_dqn_seed789.csv
train,0.1,362,-1,0.3484,106.94026900096844,65.27777777777779,58,9,0,0,1433.8000000000002,23.47926199261993,1457.27926199262,-1170.0,-143.38,-1313.38,123,20,38,29,78,final_dqn_seed789.csv
train,0.1,363,-1,0.3466,161.35761896930703,52.77777777777778,9,3,0,0,826.3000000000001,23.47926199261993,849.77926199262,-312.0,-82.63,-394.63,164,29,39,29,27,final_dqn_seed789.csv
train,0.1,364,-1,0.3448,109.70420673216728,75.0,27,8,0,0,1242.1999999999998,23.47926199261993,1265.6792619926198,-546.0,-124.22,-670.22,114,17,80,31,46,final_dqn_seed789.csv
train,0.1,365,-1,0.3429999999999999,121.41381823514656,77.77777777777779,32,1,0,0,1197.2,23.47926199261993,1220.67926199262,-522.0,-119.71999999999998,-641.7200000000001,77,66,81,36,28,final_dqn_seed789.csv
train,0.1,366,-1,0.3411999999999999,141.0047644510194,78.81944444444444,8,2,0,0,971.2,23.47926199261993,994.67926199262,-60.0,-97.12,-157.12,126,25,92,21,24,final_dqn_seed789.csv
train,0.1,367,-1,0.3394,116.73451319174472,81.25,19,5,0,0,1113.7,23.47926199261993,1137.17926199262,-315.0,-111.37,-426.37000000000006,105,43,83,24,33,final_dqn_seed789.csv
train,0.1,368,-1,0.3376,162.2672769825273,74.30555555555556,0,0,0,0,897.8,23.47926199261993,921.27926199262,66.0,-89.78,-23.78000000000001,113,102,25,22,26,final_dqn_seed789.csv
train,0.1,369,-1,0.3358,202.4820925666155,37.5,0,0,0,0,581.0999999999999,23.47926199261993,604.5792619926199,-252.0,-58.11,-310.11,192,34,21,26,15,final_dqn_seed789.csv
train,0.1,370,-1,0.3339999999999999,110.58054111481349,65.625,38,5,0,0,1104.5,23.47926199261993,1127.97926199262,-831.0,-110.45,-941.45,115,39,73,24,37,final_dqn_seed789.csv
train,0.1,371,-1,0.3321999999999999,170.2489452565413,59.02777777777778,0,0,0,0,770.4,23.47926199261993,793.87926199262,-66.0,-77.03999999999999,-143.04,148,67,32,17,24,final_dqn_seed789.csv
train,0.1,372,-1,0.3304,95.18271187057958,66.66666666666666,61,6,0,0,1505.7,23.47926199261993,1529.17926199262,-1203.0,-150.57,-1353.5699999999997,68,59,72,24,65,final_dqn_seed789.csv
train,0.1,373,-1,0.3286,103.16591414982284,63.888888888888886,87,2,0,0,1616.4999999999998,23.47926199261993,1639.9792619926195,-1638.0,-161.64999999999998,-1799.65,21,94,79,41,53,final_dqn_seed789.csv
train,0.1,374,-1,0.3268,86.18244685911587,55.55555555555556,79,8,0,0,1703.1999999999998,23.47926199261993,1726.6792619926198,-1665.0,-170.32,-1835.32,44,56,77,43,68,final_dqn_seed789.csv
train,0.1,375,-1,0.3249999999999999,206.1933432799,37.15277777777778,0,0,9,2,735.5,23.47926199261993,758.97926199262,-327.0,-73.54999999999998,-400.55,151,79,14,21,23,final_dqn_seed789.csv
train,0.1,376,-1,0.3231999999999999,115.69125714269346,82.63888888888889,9,1,0,0,1216.6,23.47926199261993,1240.07926199262,-105.0,-121.66,-226.66,55,107,74,18,34,final_dqn_seed789.csv
train,0.1,377,-1,0.3214,124.05050373399628,60.763888888888886,50,3,0,0,1153.0,23.47926199261993,1176.47926199262,-1020.0,-115.3,-1135.3000000000002,53,89,105,23,18,final_dqn_seed789.csv
train,0.1,378,-1,0.3196,222.82530796950869,28.47222222222222,0,0,6,5,679.5,23.47926199261993,702.97926199262,-378.0,-67.94999999999999,-445.95,155,75,23,16,19,final_dqn_seed789.csv
train,0.1,379,-1,0.3177999999999999,96.87831327929882,62.84722222222222,87,6,0,0,1375.1,23.47926199261993,1398.57926199262,-1659.0,-137.51,-1796.5100000000002,21,102,106,32,27,final_dqn_seed789.csv
train,0.1,380,-1,0.3159999999999999,96.3662867923536,71.52777777777779,34,6,0,0,1380.1,23.47926199261993,1403.57926199262,-714.0,-138.01,-852.01,62,34,127,28,37,final_dqn_seed789.csv
train,0.1,381,-1,0.3141999999999999,281.24820838251406,20.48611111111111,0,0,147,1,541.6,23.47926199261993,565.07926199262,-1575.0,-54.16,-1629.16,202,28,20,22,16,final_dqn_seed789.csv
train,0.1,382,-1,0.3124,194.21995981351677,35.76388888888889,0,0,1,1,661.4,23.47926199261993,684.87926199262,-275.0,-66.14,-341.14,172,45,33,20,18,final_dqn_seed789.csv
train,0.1,383,-1,0.3106,125.7360661684999,50.0,50,3,0,0,1002.2,23.47926199261993,1025.67926199262,-1143.0,-100.22,-1243.22,111,42,89,24,22,final_dqn_seed789.csv
train,0.1,384,-1,0.3087999999999999,81.36489511205836,41.66666666666667,90,9,0,0,1589.9,23.47926199261993,1613.37926199262,-2070.0,-158.99,-2228.99,54,68,75,20,71,final_dqn_seed789.csv
train,0.1,385,-1,0.3069999999999999,208.03335061983364,19.791666666666664,0,0,0,0,444.3,23.47926199261993,467.7792619926199,-405.0,-44.43,-449.43,209,42,10,12,15,final_dqn_seed789.csv
train,0.1,386,-1,0.3051999999999999,63.385225851150885,14.583333333333334,200,15,0,0,1835.2,23.47926199261993,1858.67926199262,-4188.0,-183.52,-4371.52,69,42,35,46,96,final_dqn_seed789.csv
train,0.1,387,-1,0.3034,139.01196940798218,95.48611111111111,0,0,0,0,661.2,23.47926199261993,684.67926199262,249.0,-66.12,182.88,171,44,34,23,16,final_dqn_seed789.csv
train,0.1,388,-1,0.3016,123.05842476177313,69.44444444444444,45,4,0,0,962.3,23.47926199261993,985.77926199262,-840.0,-96.23,-936.23,143,52,29,25,39,final_dqn_seed789.csv
train,0.1,389,-1,0.2997999999999999,128.5645148190644,83.33333333333334,7,4,0,0,1152.3,23.47926199261993,1175.77926199262,-21.0,-115.23,-136.23000000000002,98,58,59,42,31,final_dqn_seed789.csv
train,0.1,390,-1,0.2979999999999999,109.80730625071816,74.65277777777779,34,9,0,0,802.1,23.47926199261993,825.57926199262,-645.0,-80.21,-725.21,150,46,53,14,25,final_dqn_seed789.csv
train,0.1,391,-1,0.2961999999999999,152.57305523550826,92.01388888888889,0,0,0,0,723.9000000000001,23.47926199261993,747.3792619926201,219.0,-72.39,146.61,126,107,24,16,15,final_dqn_seed789.csv
train,0.1,392,-1,0.2944,200.9902009432339,41.66666666666667,3,2,51,4,1087.9,23.47926199261993,1111.37926199262,-726.0,-108.79,-834.79,152,39,17,21,59,final_dqn_seed789.csv
train,0.1,393,-1,0.2925999999999999,203.91641434929457,23.61111111111111,0,0,4,3,1488.8000000000002,23.47926199261993,1512.27926199262,-404.0,-148.88,-552.88,57,27,63,133,8,final_dqn_seed789.csv
train,0.1,394,-1,0.2907999999999999,80.36433863728355,35.41666666666667,141,16,0,0,992.9,23.47926199261993,1016.37926199262,-2943.0,-99.29,-3042.29,144,21,65,21,37,final_dqn_seed789.csv
train,0.1,395,-1,0.2889999999999999,221.46640725830068,20.13888888888889,0,0,0,0,1788.9,23.47926199261993,1812.37926199262,-402.0,-178.89,-580.8899999999999,42,26,21,178,21,final_dqn_seed789.csv
train,0.1,396,-1,0.2871999999999999,168.33530748149602,60.763888888888886,0,0,0,0,818.7,23.47926199261993,842.17926199262,-51.0,-81.86999999999999,-132.87,163,45,17,36,27,final_dqn_seed789.csv
train,0.1,397,-1,0.2854,173.04973126928866,59.02777777777778,0,0,0,0,619.1,23.47926199261993,642.57926199262,-66.0,-61.91,-127.91,147,88,23,23,7,final_dqn_seed789.csv
train,0.1,398,-1,0.2835999999999999,137.52548833003246,52.77777777777778,25,7,0,0,1265.6999999999998,23.47926199261993,1289.1792619926198,-663.0,-126.57,-789.5699999999999,138,25,19,45,61,final_dqn_seed789.csv
train,0.1,399,-1,0.2817999999999999,154.58776939421543,82.98611111111111,0,0,0,0,849.8,23.47926199261993,873.2792619926199,132.0,-84.97999999999999,47.01999999999999,127,77,33,33,18,final_dqn_seed789.csv
eval,0.1,399,0,0.0,85.87369340071339,32.98611111111111,105,20,0,0,308.4,23.47926199261993,331.8792619926199,-2406.0,-30.84,-2436.84,250,14,4,0,20,final_dqn_seed789.csv
eval,0.1,399,1,0.0,76.52980502687655,26.041666666666668,182,8,0,0,64.39999999999999,23.47926199261993,87.87926199261992,-3675.0,-6.44,-3681.44,265,23,0,0,0,final_dqn_seed789.csv
eval,0.1,399,2,0.0,109.12287848925864,86.45833333333334,2,2,0,0,367.0,23.47926199261993,390.4792619926199,54.0,-36.7,17.299999999999997,236,26,4,0,22,final_dqn_seed789.csv
eval,0.1,399,3,0.0,161.88176027659316,74.30555555555556,0,0,0,0,232.4,23.47926199261993,255.87926199261992,66.0,-23.239999999999995,42.75999999999999,205,83,0,0,0,final_dqn_seed789.csv
eval,0.1,399,4,0.0,280.2347603504455,17.01388888888889,0,0,155,6,64.39999999999999,23.47926199261993,87.87926199261992,-1669.0,-6.44,-1675.44,265,23,0,0,0,final_dqn_seed789.csv
train,0.1,400,-1,0.2799999999999999,121.6163755032784,65.27777777777779,26,9,0,0,1097.7,23.47926199261993,1121.17926199262,-579.0,-109.77,-688.7700000000001,141,43,26,25,53,final_dqn_seed789.csv
train,0.1,401,-1,0.2781999999999999,189.98102136679893,31.59722222222222,0,0,0,0,793.5,23.47926199261993,816.97926199262,-303.0,-79.35,-382.35,133,82,23,35,15,final_dqn_seed789.csv
train,0.1,402,-1,0.2764,174.12319464548122,66.31944444444444,0,0,0,0,972.5,23.47926199261993,995.97926199262,-3.0,-97.25,-100.25,87,105,55,20,21,final_dqn_seed789.csv
train,0.1,403,-1,0.2745999999999999,247.06226645862867,9.375,0,0,47,2,1796.6,23.47926199261993,1820.07926199262,-871.0,-179.66,-1050.66,23,24,68,155,18,final_dqn_seed789.csv
train,0.1,404,-1,0.2727999999999999,179.86845898010122,45.13888888888889,0,0,1,1,1325.4,23.47926199261993,1348.87926199262,-203.0,-132.54,-335.54,86,23,116,17,46,final_dqn_seed789.csv
train,0.1,405,-1,0.2709999999999999,207.0822937678799,13.88888888888889,0,0,0,0,1805.3,23.47926199261993,1828.77926199262,-456.0,-180.53,-636.53,93,20,27,47,101,final_dqn_seed789.csv
train,0.1,406,-1,0.2691999999999999,114.2241283629174,48.26388888888889,77,5,0,0,1224.6,23.47926199261993,1248.07926199262,-1593.0,-122.46,-1715.4599999999998,140,25,37,20,66,final_dqn_seed789.csv
train,0.1,407,-1,0.2674000000000001,183.0933720980967,58.68055555555556,0,0,0,0,527.6,23.47926199261993,551.07926199262,-69.0,-52.75999999999999,-121.76000000000002,192,38,28,18,12,final_dqn_seed789.csv
train,0.1,408,-1,0.2656,124.2397344481198,47.56944444444444,43,5,0,0,1491.8000000000002,23.47926199261993,1515.27926199262,-1035.0,-149.18,-1184.18,85,85,16,20,82,final_dqn_seed789.csv
train,0.1,409,-1,0.2638,138.02638426484452,65.97222222222221,7,2,0,0,745.3,23.47926199261993,768.7792619926199,-189.0,-74.53,-263.53,175,48,16,16,33,final_dqn_seed789.csv
train,0.1,410,-1,0.262,160.93572983392102,71.875,0,0,0,0,548.1,23.47926199261993,571.57926199262,45.0,-54.81,-9.810000000000002,214,11,16,30,17,final_dqn_seed789.csv
train,0.1,411,-1,0.2602,113.71053315564149,75.34722222222221,24,9,0,0,681.5999999999999,23.47926199261993,705.0792619926199,-495.0,-68.16,-563.16,204,19,15,14,36,final_dqn_seed789.csv
train,0.1,412,-1,0.2584000000000001,106.83744737681484,52.083333333333336,64,6,0,0,917.9,23.47926199261993,941.37926199262,-1413.0,-91.79,-1504.79,131,82,19,21,35,final_dqn_seed789.csv
train,0.1,413,-1,0.2566,178.2619734840727,59.72222222222222,0,0,0,0,668.2,23.47926199261993,691.67926199262,-60.0,-66.82,-126.82,154,61,45,14,14,final_dqn_seed789.csv
train,0.1,414,-1,0.2548,126.18090648899351,95.83333333333334,0,0,0,0,444.7000000000001,23.47926199261993,468.17926199262,240.0,-44.47,195.53,220,21,16,16,15,final_dqn_seed789.csv
train,0.1,415,-1,0.253,76.46455132789426,37.5,128,10,0,0,723.7,23.47926199261993,747.17926199262,-2712.0,-72.37,-2784.37,201,16,15,19,37,final_dqn_seed789.csv
train,0.1,416,-1,0.2512,205.01553703039195,23.61111111111111,0,0,0,0,502.8,23.47926199261993,526.2792619926199,-372.0,-50.28,-422.28,213,28,11,16,20,final_dqn_seed789.csv
train,0.1,417,-1,0.2494,223.4055950944429,38.54166666666667,0,0,71,6,1006.2,23.47926199261993,1029.67926199262,-811.0,-100.62,-911.62,155,10,16,89,18,final_dqn_seed789.csv
train,0.1,418,-1,0.2476,67.70428112223141,27.77777777777778,162,10,0,0,638.9000000000001,23.47926199261993,662.3792619926201,-3390.0,-63.89,-3453.8900000000003,211,19,6,19,33,final_dqn_seed789.csv
train,0.1,419,-1,0.2458,146.27893543748553,81.25,0,0,0,0,829.9000000000001,23.47926199261993,853.3792619926201,120.0,-82.99,37.01,158,50,25,24,31,final_dqn_seed789.csv
train,0.1,420,-1,0.244,86.30397006696022,47.91666666666667,93,7,0,0,612.9,23.47926199261993,636.37926199262,-2007.0,-61.29,-2068.29,192,30,27,18,21,final_dqn_seed789.csv
train,0.1,421,-1,0.2421999999999999,105.32450284055524,70.83333333333334,26,6,0,0,1450.1,23.47926199261993,1473.57926199262,-579.0,-145.01,-724.0100000000001,129,37,13,16,93,final_dqn_seed789.csv
train,0.1,422,-1,0.2404,143.0576486267127,68.75,15,4,0,0,1168.5,23.47926199261993,1191.97926199262,-291.0,-116.85,-407.85,146,18,44,19,61,final_dqn_seed789.csv
train,0.1,423,-1,0.2386,204.32544379023463,34.02777777777778,0,0,0,0,761.0,23.47926199261993,784.47926199262,-282.0,-76.1,-358.1,175,16,39,40,18,final_dqn_seed789.csv
train,0.1,424,-1,0.2368,223.22058916252485,4.166666666666666,0,0,4,1,1900.9999999999995,23.47926199261993,1924.4792619926195,-572.0,-190.1,-762.0999999999999,89,22,37,18,122,final_dqn_seed789.csv
train,0.1,425,-1,0.235,236.14643963337997,27.43055555555556,0,0,91,6,1271.1999999999998,23.47926199261993,1294.6792619926198,-1067.0,-127.12,-1194.12,36,105,99,20,28,final_dqn_seed789.csv
train,0.1,426,-1,0.2331999999999999,145.38558651107087,93.4027777777778,0,0,0,0,1028.3,23.47926199261993,1051.77926199262,231.0,-102.83,128.17000000000002,79,55,125,18,11,final_dqn_seed789.csv
train,0.1,427,-1,0.2314,140.77407501235018,93.75,0,0,0,0,826.5,23.47926199261993,849.97926199262,231.0,-82.64999999999999,148.35,117,78,65,11,17,final_dqn_seed789.csv
train,0.1,428,-1,0.2296,242.5616375009569,13.541666666666666,0,0,67,8,412.4,23.47926199261993,435.8792619926199,-995.0,-41.24,-1036.2400000000002,225,15,26,6,16,final_dqn_seed789.csv
train,0.1,429,-1,0.2278,197.63334025634487,43.75,1,1,35,3,612.7,23.47926199261993,636.17926199262,-499.0,-61.27,-560.2700000000001,167,53,45,8,15,final_dqn_seed789.csv
train,0.1,430,-1,0.2259999999999999,118.25475817213672,79.51388888888889,16,5,0,0,1065.5,23.47926199261993,1088.97926199262,-243.0,-106.54999999999998,-349.55000000000007,43,155,52,19,19,final_dqn_seed789.csv
train,0.1,431,-1,0.2241999999999999,200.40760461785223,41.31944444444444,0,0,1,1,1950.8,23.47926199261993,1974.27926199262,-233.0,-195.08,-428.08,24,67,66,39,92,final_dqn_seed789.csv
train,0.1,432,-1,0.2224,128.1254275946338,76.04166666666666,12,2,0,0,1247.6,23.47926199261993,1271.07926199262,-228.0,-124.76,-352.76,26,117,107,14,24,final_dqn_seed789.csv
train,0.1,433,-1,0.2206,160.45264658913044,62.15277777777778,6,2,0,0,1309.6999999999998,23.47926199261993,1333.1792619926198,-153.0,-130.96999999999997,-283.97,46,81,73,75,13,final_dqn_seed789.csv
train,0.1,434,-1,0.2188,149.08667671771835,89.23611111111111,0,0,0,0,1121.8,23.47926199261993,1145.27926199262,195.0,-112.18,82.82000000000001,62,97,78,33,18,final_dqn_seed789.csv
train,0.1,435,-1,0.2169999999999999,197.6979824658374,32.63888888888889,0,0,0,0,1763.9,23.47926199261993,1787.37926199262,-294.0,-176.39,-470.39,47,86,22,50,83,final_dqn_seed789.csv
train,0.1,436,-1,0.2151999999999999,145.31452991967166,69.44444444444444,12,2,0,0,1080.0,23.47926199261993,1103.47926199262,-228.0,-108.0,-336.0,53,108,95,16,16,final_dqn_seed789.csv
train,0.1,437,-1,0.2134,100.8356738665264,57.98611111111112,79,12,0,0,1057.8,23.47926199261993,1081.27926199262,-1623.0,-105.78,-1728.7800000000002,47,151,56,12,22,final_dqn_seed789.csv
train,0.1,438,-1,0.2116,256.4428095813064,5.902777777777778,0,0,34,8,2061.1,23.47926199261993,2084.57926199262,-797.0,-206.11,-1003.11,28,60,68,17,115,final_dqn_seed789.csv
train,0.1,439,-1,0.2098,91.0245682554734,59.375,87,6,0,0,863.3,23.47926199261993,886.7792619926199,-1719.0,-86.33,-1805.33,128,92,19,20,29,final_dqn_seed789.csv
train,0.1,440,-1,0.2079999999999999,88.37731668574708,50.34722222222222,112,9,0,0,996.5,23.47926199261993,1019.97926199262,-2250.0,-99.65,-2349.6500000000005,97,69,81,20,21,final_dqn_seed789.csv
train,0.1,441,-1,0.2061999999999999,118.5339822930668,92.01388888888889,5,2,0,0,798.2,23.47926199261993,821.67926199262,75.0,-79.82000000000001,-4.820000000000007,110,103,46,15,14,final_dqn_seed789.csv
train,0.1,442,-1,0.2044,104.23797931190474,82.29166666666666,36,4,0,0,599.6,23.47926199261993,623.07926199262,-558.0,-59.96,-617.9599999999999,175,33,57,11,12,final_dqn_seed789.csv
train,0.1,443,-1,0.2026,117.95306545895988,98.26388888888889,0,0,0,0,872.8,23.47926199261993,896.2792619926199,258.0,-87.28,170.72,115,81,47,29,16,final_dqn_seed789.csv
train,0.1,444,-1,0.2007999999999999,228.64695156517,13.88888888888889,0,0,16,4,1192.3000000000002,23.47926199261993,1215.77926199262,-584.0,-119.23,-703.23,12,173,46,46,11,final_dqn_seed789.csv
train,0.1,445,-1,0.1989999999999999,106.9197569182498,69.79166666666666,55,4,0,0,1086.1999999999998,23.47926199261993,1109.6792619926198,-1047.0,-108.61999999999998,-1155.6200000000003,88,37,109,44,10,final_dqn_seed789.csv
train,0.1,446,-1,0.1971999999999999,235.7540741125848,7.638888888888889,0,0,40,6,1299.5,23.47926199261993,1322.97926199262,-830.0,-129.95,-959.95,41,47,166,11,23,final_dqn_seed789.csv
train,0.1,447,-1,0.1954,93.42141876840084,51.388888888888886,99,13,0,0,887.6999999999999,23.47926199261993,911.17926199262,-2037.0,-88.77,-2125.7700000000004,97,87,75,16,13,final_dqn_seed789.csv
train,0.1,448,-1,0.1936,205.1157989484446,44.44444444444444,0,0,14,2,1066.6999999999998,23.47926199261993,1090.1792619926198,-304.0,-106.67,-410.67,38,123,106,10,11,final_dqn_seed789.csv
train,0.1,449,-1,0.1917999999999999,138.6694499204527,76.73611111111111,37,2,0,0,1269.9,23.47926199261993,1293.37926199262,-597.0,-126.98999999999998,-723.9899999999999,18,180,11,56,23,final_dqn_seed789.csv
eval,0.1,449,0,0.0,263.20845892346983,4.513888888888888,0,0,111,15,806.4000000000001,23.47926199261993,829.8792619926201,-1425.0,-80.63999999999999,-1505.64,0,288,0,0,0,final_dqn_seed789.csv
eval,0.1,449,1,0.0,141.5265631027964,88.54166666666666,0,0,0,0,897.2,23.47926199261993,920.67926199262,189.0,-89.72,99.28,21,244,0,15,8,final_dqn_seed789.csv
eval,0.1,449,2,0.0,247.50472114783275,8.333333333333332,0,0,66,8,806.4000000000001,23.47926199261993,829.8792619926201,-1032.0,-80.63999999999999,-1112.64,0,288,0,0,0,final_dqn_seed789.csv
eval,0.1,449,3,0.0,95.83536516888154,64.23611111111111,52,9,0,0,1532.6,23.47926199261993,1556.07926199262,-1110.0,-153.26,-1263.2600000000002,57,122,7,24,78,final_dqn_seed789.csv
eval,0.1,449,4,0.0,266.69782709561605,5.555555555555555,0,0,97,2,806.4000000000001,23.47926199261993,829.8792619926201,-1304.0,-80.63999999999999,-1384.64,0,288,0,0,0,final_dqn_seed789.csv
train,0.1,450,-1,0.1899999999999999,207.7545077076744,46.52777777777778,0,0,14,5,1044.1,23.47926199261993,1067.57926199262,-286.0,-104.41,-390.41,35,187,9,48,9,final_dqn_seed789.csv
train,0.1,451,-1,0.1881999999999999,241.23063393531243,4.513888888888888,0,0,27,3,1077.9,23.47926199261993,1101.3792619926198,-753.0,-107.79,-860.79,80,32,137,32,7,final_dqn_seed789.csv
train,0.1,452,-1,0.1864,167.01214586838773,60.06944444444444,0,0,0,0,1421.5,23.47926199261993,1444.97926199262,-57.0,-142.14999999999998,-199.15000000000003,7,69,149,56,7,final_dqn_seed789.csv
train,0.1,453,-1,0.1846,140.75467341097666,82.98611111111111,4,2,0,0,1149.5,23.47926199261993,1172.97926199262,21.0,-114.95,-93.95000000000005,67,61,118,23,19,final_dqn_seed789.csv
train,0.1,454,-1,0.1827999999999999,159.6310140069509,72.22222222222221,0,0,0,0,1060.5,23.47926199261993,1083.97926199262,48.0,-106.05,-58.05,54,101,99,25,9,final_dqn_seed789.csv
train,0.1,455,-1,0.1809999999999999,69.19892391850482,26.041666666666668,190,7,0,0,1279.5,23.47926199261993,1302.97926199262,-3840.0,-127.95,-3967.9500000000007,79,47,105,14,43,final_dqn_seed789.csv
train,0.1,456,-1,0.1791999999999999,94.54952882174456,55.90277777777778,83,9,0,0,1122.9,23.47926199261993,1146.3792619926198,-1713.0,-112.29,-1825.29,136,48,22,29,53,final_dqn_seed789.csv
train,0.1,457,-1,0.1774,242.3468319060324,43.40277777777778,0,0,109,3,1339.1,23.47926199261993,1362.57926199262,-1073.0,-133.91,-1206.91,38,89,60,94,7,final_dqn_seed789.csv
train,0.1,458,-1,0.1755999999999999,245.91688740636263,30.90277777777778,0,0,87,4,986.9,23.47926199261993,1010.3792619926198,-1005.0,-98.69,-1103.69,75,93,82,29,9,final_dqn_seed789.csv
train,0.1,459,-1,0.1737999999999999,111.46961414730656,61.458333333333336,50,11,0,0,1148.0,23.47926199261993,1171.47926199262,-1062.0,-114.8,-1176.8000000000002,115,68,41,8,56,final_dqn_seed789.csv
train,0.1,460,-1,0.1719999999999999,89.69304010524917,55.208333333333336,88,10,0,0,710.0,23.47926199261993,733.47926199262,-1803.0,-71.0,-1874.0,166,40,51,7,24,final_dqn_seed789.csv
train,0.1,461,-1,0.1701999999999999,248.80226949027565,7.638888888888889,0,0,71,4,1063.7,23.47926199261993,1087.17926199262,-1078.0,-106.37,-1184.37,29,151,87,8,13,final_dqn_seed789.csv
train,0.1,462,-1,0.1684,89.42555028319391,31.944444444444443,155,7,0,0,1376.8,23.47926199261993,1400.27926199262,-3177.0,-137.68,-3314.68,22,125,86,15,40,final_dqn_seed789.csv
train,0.1,463,-1,0.1665999999999999,183.39254282858872,39.93055555555556,0,0,0,0,1166.6999999999998,23.47926199261993,1190.1792619926198,-231.0,-116.67,-347.67,40,127,72,30,19,final_dqn_seed789.csv
train,0.1,464,-1,0.1647999999999999,77.17712490416584,35.41666666666667,148,8,0,0,916.7,23.47926199261993,940.17926199262,-3048.0,-91.67,-3139.67,132,48,54,31,23,final_dqn_seed789.csv
train,0.1,465,-1,0.1629999999999999,116.71273710176744,65.625,39,7,0,0,467.4,23.47926199261993,490.8792619926199,-795.0,-46.74,-841.74,210,13,40,15,10,final_dqn_seed789.csv
train,0.1,466,-1,0.1611999999999999,142.63573681964905,43.75,18,8,0,0,1353.7999999999995,23.47926199261993,1377.2792619926197,-615.0,-135.38,-750.38,88,53,63,30,54,final_dqn_seed789.csv
train,0.1,467,-1,0.1594,127.15501909447978,54.86111111111112,41,4,0,0,788.4000000000001,23.47926199261993,811.8792619926201,-900.0,-78.84,-978.84,137,76,19,44,12,final_dqn_seed789.csv
train,0.1,468,-1,0.1575999999999999,159.2231399031941,70.13888888888889,0,0,0,0,1122.4,23.47926199261993,1145.87926199262,30.0,-112.24,-82.24,75,62,99,36,16,final_dqn_seed789.csv
train,0.1,469,-1,0.1558,87.23131324981055,48.26388888888889,110,7,0,0,390.7000000000001,23.47926199261993,414.17926199262,-2256.0,-39.07,-2295.07,224,16,19,22,7,final_dqn_seed789.csv
train,0.1,470,-1,0.154,192.0346550949252,38.88888888888889,0,0,0,0,1121.4,23.47926199261993,1144.87926199262,-240.0,-112.14,-352.14,92,56,74,44,22,final_dqn_seed789.csv
train,0.1,471,-1,0.1522,215.05305823255736,36.11111111111111,0,0,42,7,1030.1999999999998,23.47926199261993,1053.6792619926198,-600.0,-103.01999999999998,-703.0200000000001,50,138,66,20,14,final_dqn_seed789.csv
train,0.1,472,-1,0.1503999999999999,167.51632469672683,56.25,0,0,0,0,987.0,23.47926199261993,1010.47926199262,-90.0,-98.7,-188.7,112,43,69,54,10,final_dqn_seed789.csv
train,0.1,473,-1,0.1486,109.235002906164,54.513888888888886,100,10,0,0,1039.8,23.47926199261993,1063.27926199262,-1959.0,-103.98,-2062.98,132,33,41,56,26,final_dqn_seed789.csv
train,0.1,474,-1,0.1468,78.71704407113016,35.41666666666667,146,9,0,0,582.7,23.47926199261993,606.17926199262,-3018.0,-58.27,-3076.27,206,8,27,32,15,final_dqn_seed789.csv
train,0.1,475,-1,0.145,145.02473469969686,82.63888888888889,0,0,0,0,954.0,23.47926199261993,977.47926199262,105.0,-95.4,9.599999999999998,150,11,29,90,8,final_dqn_seed789.csv
train,0.1,476,-1,0.1432,204.91373553227533,29.166666666666668,0,0,0,0,896.5999999999999,23.47926199261993,920.07926199262,-324.0,-89.66,-413.66,134,48,54,30,22,final_dqn_seed789.csv
train,0.1,477,-1,0.1413999999999999,248.82710816788065,16.319444444444446,0,0,75,4,840.5000000000001,23.47926199261993,863.9792619926201,-1035.0,-84.04999999999998,-1119.05,88,107,75,9,9,final_dqn_seed789.csv
train,0.1,478,-1,0.1396,105.72885802487798,49.30555555555556,81,10,0,0,1531.7999999999995,23.47926199261993,1555.2792619926197,-1731.0,-153.18,-1884.1800000000003,101,21,61,27,78,final_dqn_seed789.csv
train,0.1,479,-1,0.1378,95.47878625398415,67.01388888888889,73,5,0,0,1050.8,23.47926199261993,1074.27926199262,-1377.0,-105.08,-1482.08,149,14,34,59,32,final_dqn_seed789.csv
train,0.1,480,-1,0.136,76.6749063909207,43.40277777777778,126,9,0,0,974.6,23.47926199261993,998.07926199262,-2580.0,-97.46,-2677.46,168,31,12,27,50,final_dqn_seed789.csv
train,0.1,481,-1,0.1341999999999999,64.32870200595632,21.52777777777778,190,16,0,0,737.5,23.47926199261993,760.97926199262,-3918.0,-73.75,-3991.75,173,49,19,16,31,final_dqn_seed789.csv
train,0.1,482,-1,0.1323999999999999,158.10878686581725,53.125,21,5,0,0,820.5,23.47926199261993,843.97926199262,-522.0,-82.05,-604.05,179,12,33,35,29,final_dqn_seed789.csv
train,0.1,483,-1,0.1306,91.0121676966292,68.05555555555556,53,10,0,0,568.8999999999999,23.47926199261993,592.3792619926198,-1059.0,-56.89,-1115.89,212,11,14,34,17,final_dqn_seed789.csv
train,0.1,484,-1,0.1288,174.3698338511674,56.94444444444444,0,0,0,0,193.6,23.47926199261993,217.07926199261996,-84.0,-19.36,-103.36,258,6,9,11,4,final_dqn_seed789.csv
train,0.1,485,-1,0.127,110.65763581524628,67.70833333333334,63,7,0,0,339.70000000000005,23.47926199261993,363.17926199262,-1200.0,-33.97,-1233.97,243,5,8,23,9,final_dqn_seed789.csv
train,0.1,486,-1,0.1251999999999999,176.30178664679175,61.11111111111112,0,0,0,0,193.0,23.47926199261993,216.47926199261997,-48.0,-19.3,-67.29999999999998,259,6,10,7,6,final_dqn_seed789.csv
train,0.1,487,-1,0.1233999999999999,220.19972965609975,23.958333333333336,0,0,5,2,674.2,23.47926199261993,697.67926199262,-409.0,-67.42,-476.42,164,13,91,10,10,final_dqn_seed789.csv
train,0.1,488,-1,0.1216,110.27556421363096,74.65277777777779,62,3,0,0,191.9,23.47926199261993,215.37926199261997,-1080.0,-19.19,-1099.19,260,8,6,7,7,final_dqn_seed789.csv
train,0.1,489,-1,0.1198,120.97990692603932,71.52777777777779,46,12,0,0,174.7,23.47926199261993,198.17926199261996,-870.0,-17.47,-887.47,262,2,10,11,3,final_dqn_seed789.csv
train,0.1,490,-1,0.118,98.98772131626346,86.80555555555556,5,3,0,0,230.7,23.47926199261993,254.17926199261996,-3.0,-23.07,-26.06999999999998,251,13,8,9,7,final_dqn_seed789.csv
train,0.1,491,-1,0.1161999999999999,79.41643616730185,46.18055555555556,117,6,0,0,193.0,23.47926199261993,216.47926199261997,-2397.0,-19.3,-2416.3,258,7,11,6,6,final_dqn_seed789.csv
train,0.1,492,-1,0.1143999999999999,100.1709125234023,70.48611111111111,52,6,0,0,224.9,23.47926199261993,248.37926199261997,-1002.0,-22.49,-1024.49,256,6,12,5,9,final_dqn_seed789.csv
train,0.1,493,-1,0.1126,260.1153552176728,9.375,0,0,67,10,1324.6,23.47926199261993,1348.07926199262,-1031.0,-132.45999999999998,-1163.4599999999998,164,7,2,29,86,final_dqn_seed789.csv
train,0.1,494,-1,0.1108,187.2907357184112,45.48611111111111,0,0,0,0,243.70000000000005,23.47926199261993,267.17926199262,-183.0,-24.37,-207.37000000000003,257,4,6,12,9,final_dqn_seed789.csv
train,0.1,495,-1,0.1089999999999999,113.11291067305068,50.0,75,8,0,0,237.3,23.47926199261993,260.7792619926199,-1584.0,-23.73,-1607.73,256,4,11,8,9,final_dqn_seed789.csv
train,0.1,496,-1,0.1071999999999999,252.96974044935976,21.875,0,0,109,6,392.5,23.47926199261993,415.9792619926199,-1259.0,-39.25,-1298.25,228,9,16,30,5,final_dqn_seed789.csv
train,0.1,497,-1,0.1053999999999999,206.3161588999264,26.38888888888889,0,0,0,0,244.3,23.47926199261993,267.7792619926199,-348.0,-24.43,-372.43,250,10,11,10,7,final_dqn_seed789.csv
train,0.1,498,-1,0.1036,153.8718999195628,56.94444444444444,17,1,0,0,175.1,23.47926199261993,198.57926199261996,-408.0,-17.509999999999998,-425.51,266,2,6,7,7,final_dqn_seed789.csv
train,0.1,499,-1,0.1018,129.5173379516352,45.13888888888889,79,6,24,3,203.9,23.47926199261993,227.37926199261992,-1872.0,-20.39,-1892.39,254,8,11,12,3,final_dqn_seed789.csv
eval,0.1,499,0,0.0,149.60624151410647,82.98611111111111,0,0,0,0,0.0,23.47926199261993,23.47926199261993,126.0,0.0,126.0,288,0,0,0,0,final_dqn_seed789.csv
eval,0.1,499,1,0.0,141.54188181625295,95.48611111111111,0,0,0,0,0.0,23.47926199261993,23.47926199261993,246.0,0.0,246.0,288,0,0,0,0,final_dqn_seed789.csv
eval,0.1,499,2,0.0,150.73831395461605,76.38888888888889,0,0,6,2,0.0,23.47926199261993,23.47926199261993,21.0,0.0,21.0,288,0,0,0,0,final_dqn_seed789.csv
eval,0.1,499,3,0.0,145.77021819201025,84.72222222222221,5,2,0,0,0.0,23.47926199261993,23.47926199261993,36.0,0.0,36.0,288,0,0,0,0,final_dqn_seed789.csv
eval,0.1,499,4,0.0,114.346773910306,49.30555555555556,85,4,0,0,0.0,23.47926199261993,23.47926199261993,-1737.0,0.0,-1737.0,288,0,0,0,0,final_dqn_seed789.csv
train,0.1,0,-1,1.0,174.64178141608363,45.13888888888889,8,1,0,0,1622.6,23.47926199261993,1646.07926199262,-333.0,-162.26,-495.26,56,50,59,69,54,final_dqn_seed999.csv
train,0.1,1,-1,0.9982,177.7926917578486,26.38888888888889,17,1,0,0,1621.7,23.47926199261993,1645.17926199262,-660.0,-162.17,-822.17,58,46,66,61,57,final_dqn_seed999.csv
train,0.1,2,-1,0.9964,246.65191798322317,7.638888888888889,0,0,51,5,1492.1999999999998,23.47926199261993,1515.6792619926198,-918.0,-149.22000000000003,-1067.2199999999998,63,69,47,59,50,final_dqn_seed999.csv
train,0.1,3,-1,0.9946,67.39336991851367,28.819444444444443,174,7,0,0,1616.2999999999995,23.47926199261993,1639.7792619926197,-3552.0,-161.63,-3713.63,51,62,56,64,55,final_dqn_seed999.csv
train,0.1,4,-1,0.9928,226.99292089771092,6.25,0,0,0,0,1513.3,23.47926199261993,1536.77926199262,-522.0,-151.32999999999998,-673.3299999999999,59,67,59,50,53,final_dqn_seed999.csv
train,0.1,5,-1,0.991,244.387459332487,1.7361111111111112,0,0,13,1,1583.1999999999998,23.47926199261993,1606.6792619926198,-665.0,-158.32,-823.3199999999999,58,60,54,60,56,final_dqn_seed999.csv
train,0.1,6,-1,0.9892,161.430333067453,66.31944444444444,0,0,0,0,1679.0,23.47926199261993,1702.47926199262,-3.0,-167.9,-170.9,55,48,52,75,58,final_dqn_seed999.csv
train,0.1,7,-1,0.9874,126.2898768189755,84.375,7,3,0,0,1587.7,23.47926199261993,1611.17926199262,-66.0,-158.76999999999998,-224.77000000000004,49,65,63,58,53,final_dqn_seed999.csv
train,0.1,8,-1,0.9856,258.49554787507947,9.722222222222223,0,0,76,8,1605.5,23.47926199261993,1628.97926199262,-1100.0,-160.54999999999998,-1260.55,51,66,60,52,59,final_dqn_seed999.csv
train,0.1,9,-1,0.9838,170.17495705345544,56.94444444444444,0,0,0,0,1558.6999999999998,23.47926199261993,1582.1792619926198,-84.0,-155.87,-239.87,57,61,62,53,55,final_dqn_seed999.csv
train,0.1,10,-1,0.982,299.0261311212734,14.930555555555555,0,0,165,2,1683.2,23.47926199261993,1706.67926199262,-1767.0,-168.32,-1935.32,57,53,54,56,68,final_dqn_seed999.csv
train,0.1,11,-1,0.9802,118.67416212317082,65.97222222222221,57,6,0,0,1455.4999999999998,23.47926199261993,1478.9792619926195,-1095.0,-145.55,-1240.5500000000002,65,64,58,54,47,final_dqn_seed999.csv
train,0.1,12,-1,0.9784,119.59123023179956,90.9722222222222,15,3,0,0,1674.6,23.47926199261993,1698.07926199262,-90.0,-167.46,-257.46000000000004,53,62,49,58,66,final_dqn_seed999.csv
train,0.1,13,-1,0.9766,173.91049290118016,58.333333333333336,0,0,0,0,1649.5,23.47926199261993,1672.97926199262,-72.0,-164.95,-236.95,61,55,50,55,67,final_dqn_seed999.csv
train,0.1,14,-1,0.9748,81.179297247211,35.76388888888889,153,12,0,0,1637.3,23.47926199261993,1660.77926199262,-3117.0,-163.73000000000002,-3280.73,62,51,55,55,65,final_dqn_seed999.csv
train,0.1,15,-1,0.973,156.01416623802135,89.93055555555556,0,0,0,0,1534.5,23.47926199261993,1557.97926199262,201.0,-153.45,47.55,66,55,53,61,53,final_dqn_seed999.csv
train,0.1,16,-1,0.9712,91.22832612583368,59.375,85,6,0,0,1633.5,23.47926199261993,1656.97926199262,-1689.0,-163.35,-1852.35,51,59,62,57,59,final_dqn_seed999.csv
train,0.1,17,-1,0.9694,167.5200012154586,54.86111111111112,0,0,0,0,1554.4,23.47926199261993,1577.87926199262,-108.0,-155.44,-263.43999999999994,65,52,66,45,60,final_dqn_seed999.csv
train,0.1,18,-1,0.9676,256.1579235409412,12.152777777777777,0,0,80,4,1542.4,23.47926199261993,1565.8792619926198,-1111.0,-154.24,-1265.2399999999998,66,57,52,57,56,final_dqn_seed999.csv
train,0.1,19,-1,0.9658,166.47889475368572,72.56944444444444,0,0,0,0,1626.2999999999995,23.47926199261993,1649.7792619926197,51.0,-162.63,-111.63,57,58,50,64,59,final_dqn_seed999.csv
train,0.1,20,-1,0.964,176.03874617887325,51.73611111111112,0,0,0,0,1675.6,23.47926199261993,1699.07926199262,-129.0,-167.56,-296.55999999999995,48,56,69,51,64,final_dqn_seed999.csv
train,0.1,21,-1,0.9622,278.28840622816205,4.513888888888888,0,0,115,2,1605.0,23.47926199261993,1628.47926199262,-1457.0,-160.5,-1617.5,58,61,48,63,58,final_dqn_seed999.csv
train,0.1,22,-1,0.9604,129.47206522071133,79.51388888888889,15,3,0,0,1722.9,23.47926199261993,1746.3792619926198,-225.0,-172.29000000000002,-397.29,57,51,45,66,69,final_dqn_seed999.csv
train,0.1,23,-1,0.9586,201.55767806129447,26.38888888888889,0,0,0,0,1713.6999999999998,23.47926199261993,1737.1792619926198,-348.0,-171.36999999999998,-519.37,48,59,52,64,65,final_dqn_seed999.csv
train,0.1,24,-1,0.9568,77.87592733936198,32.29166666666667,139,13,0,0,1660.6,23.47926199261993,1684.07926199262,-2964.0,-166.05999999999997,-3130.0600000000004,55,60,45,66,62,final_dqn_seed999.csv
train,0.1,25,-1,0.955,237.83631202250135,7.638888888888889,0,0,52,1,1626.6,23.47926199261993,1650.07926199262,-926.0,-162.66,-1088.66,62,56,52,52,66,final_dqn_seed999.csv
train,0.1,26,-1,0.9532,144.50103052285044,81.59722222222221,0,0,0,0,1648.7999999999995,23.47926199261993,1672.2792619926197,111.0,-164.88,-53.88,58,51,53,66,60,final_dqn_seed999.csv
train,0.1,27,-1,0.9514,97.26673250215887,67.36111111111111,66,9,0,0,1638.9,23.47926199261993,1662.37926199262,-1266.0,-163.89,-1429.89,57,58,49,63,61,final_dqn_seed999.csv
train,0.1,28,-1,0.9496,74.9706853311885,37.84722222222222,146,6,0,0,1584.4,23.47926199261993,1607.87926199262,-2976.0,-158.44,-3134.4400000000005,56,60,59,57,56,final_dqn_seed999.csv
train,0.1,29,-1,0.9478,132.0950941223084,90.2777777777778,0,0,0,0,1452.3,23.47926199261993,1475.77926199262,180.0,-145.23,34.77,68,64,51,58,47,final_dqn_seed999.csv
train,0.1,30,-1,0.946,105.87862151263066,61.458333333333336,78,6,0,0,1417.4,23.47926199261993,1440.87926199262,-1524.0,-141.73999999999998,-1665.7400000000002,77,63,46,52,50,final_dqn_seed999.csv
train,0.1,31,-1,0.9442,209.659134964331,45.13888888888889,0,0,56,6,1787.8,23.47926199261993,1811.27926199262,-634.0,-178.78000000000003,-812.78,57,35,58,64,74,final_dqn_seed999.csv
train,0.1,32,-1,0.9424,189.78304784916656,38.88888888888889,0,0,2,2,1547.6,23.47926199261993,1571.07926199262,-256.0,-154.76,-410.76,61,58,62,51,56,final_dqn_seed999.csv
train,0.1,33,-1,0.9406,266.6841936291221,8.680555555555555,0,0,120,12,1604.0,23.47926199261993,1627.47926199262,-1461.0,-160.39999999999998,-1621.4,62,54,53,59,60,final_dqn_seed999.csv
train,0.1,34,-1,0.9388,148.64362590657936,85.76388888888889,0,0,0,0,1642.6,23.47926199261993,1666.07926199262,165.0,-164.26,0.7400000000000002,57,53,51,69,58,final_dqn_seed999.csv
train,0.1,35,-1,0.937,117.31445441092056,54.513888888888886,85,7,0,0,1658.6999999999998,23.47926199261993,1682.1792619926198,-1707.0,-165.87,-1872.87,56,40,72,61,59,final_dqn_seed999.csv
train,0.1,36,-1,0.9352,252.3527587636233,4.861111111111112,0,0,25,3,1502.1999999999998,23.47926199261993,1525.6792619926198,-734.0,-150.22000000000003,-884.22,71,49,49,73,46,final_dqn_seed999.csv
train,0.1,37,-1,0.9334,76.43876009574669,34.02777777777778,136,12,0,0,1531.6999999999998,23.47926199261993,1555.1792619926198,-2880.0,-153.17000000000002,-3033.17,62,73,48,44,61,final_dqn_seed999.csv
train,0.1,38,-1,0.9316,152.2121663823243,62.84722222222222,18,3,0,0,1673.4,23.47926199261993,1696.8792619926198,-384.0,-167.33999999999995,-551.3400000000001,59,51,52,60,66,final_dqn_seed999.csv
train,0.1,39,-1,0.9298,143.19382445735408,54.513888888888886,39,5,0,0,1629.2,23.47926199261993,1652.67926199262,-840.0,-162.92000000000002,-1002.92,62,54,51,57,64,final_dqn_seed999.csv
train,0.1,40,-1,0.928,205.577819423836,18.055555555555557,0,0,0,0,1682.3,23.47926199261993,1705.77926199262,-420.0,-168.23,-588.23,52,49,66,58,63,final_dqn_seed999.csv
train,0.1,41,-1,0.9262,179.9909065258112,51.388888888888886,0,0,0,0,1575.3,23.47926199261993,1598.77926199262,-132.0,-157.52999999999997,-289.53,64,59,58,42,65,final_dqn_seed999.csv
train,0.1,42,-1,0.9244,146.69914687378883,98.26388888888889,0,0,0,0,1588.9,23.47926199261993,1612.3792619926198,273.0,-158.89,114.11,65,47,57,62,57,final_dqn_seed999.csv
train,0.1,43,-1,0.9226,69.47484957686629,27.77777777777778,178,9,0,0,1587.6999999999998,23.47926199261993,1611.1792619926198,-3630.0,-158.76999999999998,-3788.77,59,62,48,62,57,final_dqn_seed999.csv
train,0.1,44,-1,0.9208,105.7315127004732,52.083333333333336,87,16,0,0,1663.6,23.47926199261993,1687.07926199262,-1800.0,-166.36,-1966.36,46,57,63,66,56,final_dqn_seed999.csv
train,0.1,45,-1,0.919,135.3631598329374,69.79166666666666,17,4,0,0,1596.3,23.47926199261993,1619.77926199262,-348.0,-159.63,-507.63000000000005,60,49,68,52,59,final_dqn_seed999.csv
train,0.1,46,-1,0.9172,114.80731972950925,53.47222222222222,70,4,0,0,1648.7,23.47926199261993,1672.17926199262,-1446.0,-164.87,-1610.87,51,57,60,61,59,final_dqn_seed999.csv
train,0.1,47,-1,0.9154,68.11256085056583,26.73611111111111,188,8,0,0,1632.3000000000002,23.47926199261993,1655.77926199262,-3798.0,-163.23000000000002,-3961.23,57,62,55,47,67,final_dqn_seed999.csv
train,0.1,48,-1,0.9136,88.30147807182104,55.90277777777778,90,7,0,0,1619.8,23.47926199261993,1643.27926199262,-1821.0,-161.98,-1982.98,54,66,52,54,62,final_dqn_seed999.csv
train,0.1,49,-1,0.9118,111.60393028767857,84.375,20,4,0,0,1550.6,23.47926199261993,1574.07926199262,-264.0,-155.06,-419.06,60,61,62,47,58,final_dqn_seed999.csv
eval,0.1,49,0,0.0,192.58986239140492,28.819444444444443,0,0,0,0,126.5,23.47926199261993,149.97926199261994,-327.0,-12.650000000000002,-339.65,274,5,0,0,9,final_dqn_seed999.csv
eval,0.1,49,1,0.0,168.4677576900972,59.72222222222222,0,0,0,0,153.0,23.47926199261993,176.47926199261994,-60.0,-15.3,-75.30000000000001,268,10,0,0,10,final_dqn_seed999.csv
eval,0.1,49,2,0.0,190.22280639717988,37.84722222222222,0,0,0,0,151.5,23.47926199261993,174.97926199261994,-249.0,-15.15,-264.15,272,5,0,0,11,final_dqn_seed999.csv
eval,0.1,49,3,0.0,205.74894764379837,47.56944444444444,0,0,25,3,79.3,23.47926199261993,102.77926199261992,-365.0,-7.93,-372.93,277,6,0,0,5,final_dqn_seed999.csv
eval,0.1,49,4,0.0,131.23329775536456,86.45833333333334,15,2,0,0,234.4,23.47926199261993,257.87926199261994,-144.0,-23.44,-167.44000000000003,231,35,18,0,4,final_dqn_seed999.csv
train,0.1,50,-1,0.91,87.43448803989435,54.16666666666666,62,9,0,0,1547.8,23.47926199261993,1571.27926199262,-1434.0,-154.78,-1588.7800000000002,58,56,63,61,50,final_dqn_seed999.csv
train,0.1,51,-1,0.9082,78.7650155389783,40.625,136,3,0,0,1630.8,23.47926199261993,1654.27926199262,-2775.0,-163.07999999999998,-2938.08,50,61,57,64,56,final_dqn_seed999.csv
train,0.1,52,-1,0.9064,85.58606502898614,53.125,78,12,0,0,1542.1,23.47926199261993,1565.57926199262,-1692.0,-154.20999999999998,-1846.21,61,52,55,75,45,final_dqn_seed999.csv
train,0.1,53,-1,0.9046,83.8886991914605,33.68055555555556,141,13,0,0,1635.6,23.47926199261993,1659.07926199262,-2952.0,-163.56,-3115.56,51,52,68,61,56,final_dqn_seed999.csv
train,0.1,54,-1,0.9028,78.90412538864943,45.83333333333333,97,14,0,0,1639.1999999999998,23.47926199261993,1662.6792619926198,-2103.0,-163.92,-2266.92,50,54,59,73,52,final_dqn_seed999.csv
train,0.1,55,-1,0.901,155.6187521115387,72.56944444444444,0,0,0,0,1633.4999999999998,23.47926199261993,1656.9792619926195,36.0,-163.35,-127.35,45,65,54,73,51,final_dqn_seed999.csv
train,0.1,56,-1,0.8992,150.73182798807122,89.23611111111111,0,0,0,0,1629.9,23.47926199261993,1653.3792619926198,195.0,-162.99,32.01,50,59,66,54,59,final_dqn_seed999.csv
train,0.1,57,-1,0.8974,125.1648416691428,96.18055555555556,1,1,0,0,1361.6,23.47926199261993,1385.07926199262,216.0,-136.16,79.84,73,69,49,57,40,final_dqn_seed999.csv
train,0.1,58,-1,0.8956,193.1123178518764,42.36111111111111,0,0,0,0,1560.4,23.47926199261993,1583.87926199262,-210.0,-156.04,-366.04,65,56,57,50,60,final_dqn_seed999.csv
train,0.1,59,-1,0.8938,275.5025456291796,26.38888888888889,0,0,167,1,1546.1,23.47926199261993,1569.57926199262,-1684.0,-154.61,-1838.61,60,58,60,57,53,final_dqn_seed999.csv
train,0.1,60,-1,0.892,171.90012150758022,56.25,0,0,0,0,1623.6999999999998,23.47926199261993,1647.1792619926198,-99.0,-162.37,-261.37,57,53,70,43,65,final_dqn_seed999.csv
train,0.1,61,-1,0.8902,72.31161561961255,37.84722222222222,139,10,0,0,1560.1999999999998,23.47926199261993,1583.6792619926198,-2871.0,-156.01999999999998,-3027.0200000000004,53,66,55,64,50,final_dqn_seed999.csv
train,0.1,62,-1,0.8884,146.4328039761946,30.90277777777778,81,5,5,2,1654.1,23.47926199261993,1677.57926199262,-1843.0,-165.41,-2008.41,61,52,50,60,65,final_dqn_seed999.csv
train,0.1,63,-1,0.8866,85.64914287796248,26.73611111111111,171,4,0,0,1858.9,23.47926199261993,1882.37926199262,-3480.0,-185.89,-3665.89,51,45,51,56,85,final_dqn_seed999.csv
train,0.1,64,-1,0.8848,156.06953864702413,88.88888888888889,0,0,0,0,1646.6,23.47926199261993,1670.07926199262,192.0,-164.66,27.34,50,51,72,57,58,final_dqn_seed999.csv
train,0.1,65,-1,0.883,76.67234795678873,41.66666666666667,113,13,0,0,1718.9,23.47926199261993,1742.3792619926198,-2415.0,-171.89,-2586.8900000000003,39,64,66,54,65,final_dqn_seed999.csv
train,0.1,66,-1,0.8812,78.70833206659331,41.31944444444444,100,10,0,0,1653.4,23.47926199261993,1676.8792619926198,-2226.0,-165.34,-2391.34,54,52,64,56,62,final_dqn_seed999.csv
train,0.1,67,-1,0.8794,87.70097546704396,42.70833333333333,111,5,0,0,1646.4,23.47926199261993,1669.8792619926198,-2325.0,-164.64,-2489.6400000000003,48,65,64,47,64,final_dqn_seed999.csv
train,0.1,68,-1,0.8775999999999999,126.4546486518274,91.66666666666666,5,2,0,0,1613.6,23.47926199261993,1637.07926199262,69.0,-161.36,-92.36,52,55,75,46,60,final_dqn_seed999.csv
train,0.1,69,-1,0.8758,243.5170100397821,16.666666666666664,0,0,52,12,1382.4,23.47926199261993,1405.8792619926198,-848.0,-138.24,-986.24,81,59,51,49,48,final_dqn_seed999.csv
train,0.1,70,-1,0.874,75.91464209686723,40.97222222222222,125,8,0,0,1563.1,23.47926199261993,1586.57926199262,-2607.0,-156.31,-2763.3100000000004,56,57,77,39,59,final_dqn_seed999.csv
train,0.1,71,-1,0.8722,219.11673384793968,19.444444444444446,0,0,4,4,1575.1,23.47926199261993,1598.57926199262,-440.0,-157.51,-597.51,59,55,61,58,55,final_dqn_seed999.csv
train,0.1,72,-1,0.8704000000000001,111.29719284390356,79.16666666666666,29,6,0,0,1701.0,23.47926199261993,1724.47926199262,-507.0,-170.10000000000002,-677.1,48,51,72,51,66,final_dqn_seed999.csv
train,0.1,73,-1,0.8686,190.30898707382872,37.15277777777778,0,0,0,0,1620.3,23.47926199261993,1643.77926199262,-255.0,-162.03,-417.03,70,48,48,55,67,final_dqn_seed999.csv
train,0.1,74,-1,0.8668,143.31633040764245,76.73611111111111,4,1,0,0,1554.8,23.47926199261993,1578.27926199262,-12.0,-155.48,-167.48,64,57,60,47,60,final_dqn_seed999.csv
train,0.1,75,-1,0.865,179.97259182201034,50.69444444444444,0,0,0,0,1740.4,23.47926199261993,1763.8792619926198,-138.0,-174.04,-312.04,49,59,52,56,72,final_dqn_seed999.csv
train,0.1,76,-1,0.8632,106.84311947431894,66.31944444444444,65,4,0,0,1550.6999999999998,23.47926199261993,1574.1792619926198,-1269.0,-155.07,-1424.0700000000002,62,53,65,53,55,final_dqn_seed999.csv
train,0.1,77,-1,0.8613999999999999,203.9010760248119,25.0,0,0,0,0,1582.1999999999998,23.47926199261993,1605.6792619926198,-360.0,-158.22,-518.22,67,62,44,49,66,final_dqn_seed999.csv
train,0.1,78,-1,0.8596,174.57509809931392,56.25,0,0,1,1,1632.4,23.47926199261993,1655.87926199262,-98.0,-163.24,-261.24,70,43,54,53,68,final_dqn_seed999.csv
train,0.1,79,-1,0.8578,208.17289595026068,21.180555555555557,0,0,0,0,1685.0,23.47926199261993,1708.47926199262,-393.0,-168.5,-561.5,54,53,58,57,66,final_dqn_seed999.csv
train,0.1,80,-1,0.856,234.85717339368605,10.76388888888889,0,0,47,9,1497.9,23.47926199261993,1521.37926199262,-859.0,-149.79,-1008.79,65,61,62,45,55,final_dqn_seed999.csv
train,0.1,81,-1,0.8542,109.16706729705066,78.47222222222221,9,3,0,0,1500.4,23.47926199261993,1523.8792619926198,-174.0,-150.04,-324.04,61,69,53,53,52,final_dqn_seed999.csv
train,0.1,82,-1,0.8524,106.86558265554152,79.86111111111111,33,4,0,0,1606.1999999999998,23.47926199261993,1629.6792619926198,-552.0,-160.62,-712.6200000000001,59,58,50,63,58,final_dqn_seed999.csv
train,0.1,83,-1,0.8506,247.9713936590713,13.541666666666666,0,0,74,8,1529.8,23.47926199261993,1553.27926199262,-1051.0,-152.98000000000002,-1203.9799999999998,58,58,59,67,46,final_dqn_seed999.csv
train,0.1,84,-1,0.8488,91.45193901064346,51.04166666666666,77,7,0,0,1620.6,23.47926199261993,1644.07926199262,-1713.0,-162.06,-1875.06,76,45,49,44,74,final_dqn_seed999.csv
train,0.1,85,-1,0.847,110.7926566289594,67.70833333333334,56,9,0,0,1573.9999999999998,23.47926199261993,1597.4792619926195,-1089.0,-157.4,-1246.4,69,41,60,62,56,final_dqn_seed999.csv
train,0.1,86,-1,0.8452,77.69986689893629,29.51388888888889,161,8,0,0,1666.1999999999998,23.47926199261993,1689.6792619926198,-3345.0,-166.62,-3511.620000000001,44,64,52,74,54,final_dqn_seed999.csv
train,0.1,87,-1,0.8434,103.02687013395564,79.16666666666666,12,2,0,0,1652.1,23.47926199261993,1675.57926199262,-246.0,-165.20999999999998,-411.21,55,59,55,54,65,final_dqn_seed999.csv
train,0.1,88,-1,0.8416,100.25075372345248,57.98611111111112,80,8,0,0,1630.0,23.47926199261993,1653.47926199262,-1620.0,-163.0,-1783.0000000000002,62,55,56,47,68,final_dqn_seed999.csv
train,0.1,89,-1,0.8398,133.88941381535324,85.76388888888889,18,2,0,0,1592.9,23.47926199261993,1616.37926199262,-174.0,-159.29,-333.2900000000001,72,45,54,52,65,final_dqn_seed999.csv
train,0.1,90,-1,0.838,83.18086347715455,44.09722222222222,121,14,0,0,1505.0,23.47926199261993,1528.47926199262,-2493.0,-150.5,-2643.5,70,57,51,56,54,final_dqn_seed999.csv
train,0.1,91,-1,0.8362,203.76843950254715,25.694444444444443,0,0,0,0,1783.4,23.47926199261993,1806.87926199262,-354.0,-178.34,-532.3399999999999,47,43,66,62,70,final_dqn_seed999.csv
train,0.1,92,-1,0.8344,133.57291709135814,40.27777777777778,48,15,0,0,1550.9,23.47926199261993,1574.37926199262,-1227.0,-155.08999999999995,-1382.09,66,58,56,47,61,final_dqn_seed999.csv
train,0.1,93,-1,0.8326,122.19133600762623,89.23611111111111,2,1,0,0,1542.8,23.47926199261993,1566.27926199262,99.0,-154.28,-55.28000000000001,75,52,50,47,64,final_dqn_seed999.csv
train,0.1,94,-1,0.8308,131.65297881962044,84.72222222222221,3,1,0,0,1525.1999999999998,23.47926199261993,1548.6792619926198,75.0,-152.51999999999998,-77.52000000000001,75,51,58,40,64,final_dqn_seed999.csv
train,0.1,95,-1,0.829,187.06276959949128,53.81944444444444,0,0,2,2,1409.1999999999998,23.47926199261993,1432.6792619926198,-127.0,-140.92000000000002,-267.92,76,59,48,61,44,final_dqn_seed999.csv
train,0.1,96,-1,0.8271999999999999,134.89770166439217,69.44444444444444,19,1,0,0,1368.7,23.47926199261993,1392.17926199262,-366.0,-136.87,-502.87,69,67,59,54,39,final_dqn_seed999.csv
train,0.1,97,-1,0.8254,88.44261364544468,49.30555555555556,72,9,0,0,1445.7,23.47926199261993,1469.17926199262,-1638.0,-144.57,-1782.57,89,47,43,52,57,final_dqn_seed999.csv
train,0.1,98,-1,0.8236,139.54977580772407,69.79166666666666,1,1,0,0,1577.3000000000002,23.47926199261993,1600.77926199262,-27.0,-157.73,-184.73,73,42,55,57,61,final_dqn_seed999.csv
train,0.1,99,-1,0.8218,103.22608442375014,71.875,32,7,0,0,1687.0,23.47926199261993,1710.47926199262,-678.0,-168.7,-846.7,63,50,52,49,74,final_dqn_seed999.csv
eval,0.1,99,0,0.0,139.06602777580338,76.04166666666666,9,3,0,0,72.0,23.47926199261993,95.47926199261993,-117.0,-7.199999999999999,-124.20000000000005,264,23,0,1,0,final_dqn_seed999.csv
eval,0.1,99,1,0.0,65.1747008914955,15.97222222222222,201,16,0,0,213.2,23.47926199261993,236.67926199261996,-4176.0,-21.32,-4197.320000000001,229,49,0,10,0,final_dqn_seed999.csv
eval,0.1,99,2,0.0,126.93198458612162,73.61111111111111,32,6,0,0,69.19999999999999,23.47926199261993,92.67926199261991,-588.0,-6.92,-594.92,265,22,0,1,0,final_dqn_seed999.csv
eval,0.1,99,3,0.0,98.40886774386377,67.36111111111111,52,5,0,0,98.0,23.47926199261993,121.47926199261993,-1056.0,-9.8,-1065.8000000000002,253,35,0,0,0,final_dqn_seed999.csv
eval,0.1,99,4,0.0,134.25649219789076,91.66666666666666,2,1,0,0,50.39999999999999,23.47926199261993,73.87926199261992,165.0,-5.039999999999999,159.95999999999998,270,18,0,0,0,final_dqn_seed999.csv
train,0.1,100,-1,0.82,122.8671526469319,92.01388888888889,13,3,0,0,1548.9,23.47926199261993,1572.37926199262,-45.0,-154.89,-199.89000000000004,65,60,49,57,57,final_dqn_seed999.csv
train,0.1,101,-1,0.8182,219.48884258961405,13.88888888888889,0,0,15,3,1664.8,23.47926199261993,1688.27926199262,-576.0,-166.48000000000002,-742.48,61,54,48,57,68,final_dqn_seed999.csv
train,0.1,102,-1,0.8164,88.25786915849534,51.73611111111112,90,13,0,0,1713.6999999999998,23.47926199261993,1737.1792619926198,-1896.0,-171.37,-2067.37,58,49,49,63,69,final_dqn_seed999.csv
train,0.1,103,-1,0.8146,144.34828133842808,43.40277777777778,62,2,0,0,1523.5,23.47926199261993,1546.97926199262,-1326.0,-152.35,-1478.35,75,41,53,68,51,final_dqn_seed999.csv
train,0.1,104,-1,0.8128,143.5185244461875,81.25,0,0,0,0,1414.5,23.47926199261993,1437.97926199262,102.0,-141.45,-39.45,69,70,48,56,45,final_dqn_seed999.csv
train,0.1,105,-1,0.8109999999999999,230.9411794784417,19.444444444444446,0,0,41,1,1539.4,23.47926199261993,1562.8792619926198,-736.0,-153.94,-889.94,62,52,55,73,46,final_dqn_seed999.csv
train,0.1,106,-1,0.8092,262.2964278945394,13.541666666666666,0,0,114,9,1527.8,23.47926199261993,1551.27926199262,-1371.0,-152.77999999999997,-1523.78,61,56,55,70,46,final_dqn_seed999.csv
train,0.1,107,-1,0.8074,75.2922208141708,21.875,154,18,0,0,1257.1999999999998,23.47926199261993,1280.6792619926198,-3342.0,-125.72,-3467.7200000000003,104,51,47,38,48,final_dqn_seed999.csv
train,0.1,108,-1,0.8056,126.76313576274268,97.56944444444444,0,0,0,0,1594.6,23.47926199261993,1618.07926199262,246.0,-159.46,86.54,62,51,51,70,54,final_dqn_seed999.csv
train,0.1,109,-1,0.8038,115.82247980174832,81.25,27,2,0,0,1530.5,23.47926199261993,1553.97926199262,-420.0,-153.05,-573.0500000000001,67,63,45,56,57,final_dqn_seed999.csv
train,0.1,110,-1,0.802,335.05059382368967,5.555555555555555,0,0,226,1,1634.0,23.47926199261993,1657.47926199262,-2336.0,-163.4,-2499.4,46,69,60,53,60,final_dqn_seed999.csv
train,0.1,111,-1,0.8002,136.82330056743618,92.70833333333334,0,0,0,0,1512.7,23.47926199261993,1536.17926199262,204.0,-151.26999999999998,52.73,75,52,52,50,59,final_dqn_seed999.csv
train,0.1,112,-1,0.7984,167.0090583632862,62.84722222222222,0,0,0,0,1373.8,23.47926199261993,1397.27926199262,-33.0,-137.38,-170.38,82,63,41,56,46,final_dqn_seed999.csv
train,0.1,113,-1,0.7966,128.28384347360094,83.68055555555556,11,6,0,0,1592.1999999999998,23.47926199261993,1615.6792619926198,-120.0,-159.22,-279.22,71,39,62,54,62,final_dqn_seed999.csv
train,0.1,114,-1,0.7948,219.6205635109501,29.51388888888889,0,0,59,2,1487.1,23.47926199261993,1510.57926199262,-793.0,-148.70999999999998,-941.7100000000002,77,46,66,40,59,final_dqn_seed999.csv
train,0.1,115,-1,0.7929999999999999,227.0767000423537,9.722222222222223,0,0,48,3,1739.9,23.47926199261993,1763.3792619926198,-876.0,-173.99,-1049.9899999999998,60,43,48,66,71,final_dqn_seed999.csv
train,0.1,116,-1,0.7912,123.57219498133948,90.9722222222222,8,2,0,0,1456.5,23.47926199261993,1479.97926199262,18.0,-145.64999999999998,-127.65,81,44,59,51,53,final_dqn_seed999.csv
train,0.1,117,-1,0.7894,157.6146267862963,67.01388888888889,0,0,0,0,1637.9,23.47926199261993,1661.37926199262,3.0,-163.79,-160.79000000000002,75,44,42,56,71,final_dqn_seed999.csv
train,0.1,118,-1,0.7876,277.1886341882115,10.76388888888889,0,0,125,2,1638.7999999999995,23.47926199261993,1662.2792619926197,-1483.0,-163.88,-1646.88,62,45,49,76,56,final_dqn_seed999.csv
train,0.1,119,-1,0.7858,182.66722647230836,43.05555555555556,0,0,0,0,1721.0,23.47926199261993,1744.47926199262,-204.0,-172.1,-376.1,53,50,46,77,62,final_dqn_seed999.csv
train,0.1,120,-1,0.784,140.6445620755029,97.91666666666666,0,0,0,0,1491.5,23.47926199261993,1514.97926199262,270.0,-149.15,120.85,69,56,55,57,51,final_dqn_seed999.csv
train,0.1,121,-1,0.7822,126.80621722488485,95.48611111111111,7,1,0,0,1339.1999999999998,23.47926199261993,1362.6792619926198,111.0,-133.92,-22.920000000000016,95,47,49,49,48,final_dqn_seed999.csv
train,0.1,122,-1,0.7804,153.21985988455182,68.75,0,0,0,0,1689.1999999999998,23.47926199261993,1712.6792619926198,18.0,-168.92,-150.92000000000002,57,57,38,72,64,final_dqn_seed999.csv
train,0.1,123,-1,0.7786,90.28625810131555,60.41666666666666,67,8,0,0,1552.1,23.47926199261993,1575.57926199262,-1401.0,-155.21,-1556.21,69,46,54,66,53,final_dqn_seed999.csv
train,0.1,124,-1,0.7767999999999999,231.9924589870567,20.48611111111111,0,0,17,8,1384.9,23.47926199261993,1408.37926199262,-535.0,-138.49,-673.49,69,61,67,50,41,final_dqn_seed999.csv
train,0.1,125,-1,0.775,191.58575741497447,38.54166666666667,0,0,0,0,1432.1,23.47926199261993,1455.57926199262,-243.0,-143.20999999999998,-386.21,81,45,52,65,45,final_dqn_seed999.csv
train,0.1,126,-1,0.7732,149.2068824016084,57.638888888888886,2,1,0,0,1552.0,23.47926199261993,1575.47926199262,-162.0,-155.2,-317.2,83,45,44,48,68,final_dqn_seed999.csv
train,0.1,127,-1,0.7714,103.38651000974704,76.73611111111111,46,2,0,0,1486.2,23.47926199261993,1509.67926199262,-804.0,-148.62,-952.62,72,42,57,75,42,final_dqn_seed999.csv
train,0.1,128,-1,0.7696,185.2001971677645,41.66666666666667,0,0,0,0,1477.2999999999995,23.47926199261993,1500.7792619926197,-216.0,-147.73,-363.73,78,52,53,48,57,final_dqn_seed999.csv
train,0.1,129,-1,0.7678,96.7953080136843,60.41666666666666,61,11,0,0,1404.1,23.47926199261993,1427.57926199262,-1311.0,-140.41000000000005,-1451.41,91,42,47,59,49,final_dqn_seed999.csv
train,0.1,130,-1,0.766,199.5718148801963,36.11111111111111,0,0,0,0,1451.7,23.47926199261993,1475.17926199262,-264.0,-145.17000000000002,-409.17,73,46,65,59,45,final_dqn_seed999.csv
train,0.1,131,-1,0.7642,165.5697832465877,55.90277777777778,0,0,0,0,1381.8,23.47926199261993,1405.27926199262,-93.0,-138.18,-231.18,76,58,56,56,42,final_dqn_seed999.csv
train,0.1,132,-1,0.7624,162.01365580791227,80.90277777777779,0,0,0,0,1532.5,23.47926199261993,1555.97926199262,123.0,-153.24999999999997,-30.24999999999999,77,59,45,38,69,final_dqn_seed999.csv
train,0.1,133,-1,0.7605999999999999,119.00208300654025,86.45833333333334,11,3,0,0,1160.3,23.47926199261993,1183.77926199262,-99.0,-116.03,-215.02999999999992,121,38,35,59,35,final_dqn_seed999.csv
train,0.1,134,-1,0.7587999999999999,125.22601624754004,44.09722222222222,79,2,0,0,1452.1999999999998,23.47926199261993,1475.6792619926198,-1656.0,-145.22,-1801.2200000000005,84,33,59,66,46,final_dqn_seed999.csv
train,0.1,135,-1,0.757,284.84337173138675,2.430555555555556,0,0,136,3,1367.5,23.47926199261993,1390.97926199262,-1643.0,-136.75,-1779.75,89,49,57,42,51,final_dqn_seed999.csv
train,0.1,136,-1,0.7552,99.41959857664824,65.27777777777779,66,6,0,0,1554.8,23.47926199261993,1578.27926199262,-1302.0,-155.48000000000002,-1457.48,60,54,55,71,48,final_dqn_seed999.csv
train,0.1,137,-1,0.7534,221.15484756102228,15.97222222222222,0,0,23,2,1630.6,23.47926199261993,1654.07926199262,-622.0,-163.06,-785.06,54,62,55,55,62,final_dqn_seed999.csv
train,0.1,138,-1,0.7515999999999999,103.02172340237324,71.875,47,6,0,0,1675.1,23.47926199261993,1698.57926199262,-903.0,-167.51,-1070.5100000000002,57,56,50,58,67,final_dqn_seed999.csv
train,0.1,139,-1,0.7498,152.67157000667643,81.59722222222221,0,0,0,0,1645.1999999999998,23.47926199261993,1668.6792619926198,129.0,-164.52,-35.51999999999998,66,56,45,49,72,final_dqn_seed999.csv
train,0.1,140,-1,0.748,170.92269497517458,40.27777777777778,5,1,0,0,1329.1,23.47926199261993,1352.57926199262,-345.0,-132.91000000000005,-477.91,86,67,48,36,51,final_dqn_seed999.csv
train,0.1,141,-1,0.7462,113.27760021165894,35.06944444444444,101,5,0,0,1472.5,23.47926199261993,1495.97926199262,-2145.0,-147.25,-2292.2500000000005,66,51,68,58,45,final_dqn_seed999.csv
train,0.1,142,-1,0.7444,111.3632039146347,77.08333333333334,39,4,0,0,1433.1,23.47926199261993,1456.57926199262,-687.0,-143.31,-830.3100000000002,62,53,79,55,39,final_dqn_seed999.csv
train,0.1,143,-1,0.7426,106.32488951504888,64.58333333333334,70,8,0,0,1502.2,23.47926199261993,1525.67926199262,-1362.0,-150.22,-1512.2200000000005,48,65,77,56,42,final_dqn_seed999.csv
train,0.1,144,-1,0.7408,69.3476487335728,29.86111111111111,182,8,0,0,1537.9,23.47926199261993,1561.3792619926198,-3654.0,-153.79,-3807.79,50,70,59,62,47,final_dqn_seed999.csv
train,0.1,145,-1,0.739,131.6370835560666,77.43055555555556,25,2,0,0,1567.8000000000002,23.47926199261993,1591.27926199262,-384.0,-156.78,-540.78,64,54,57,55,58,final_dqn_seed999.csv
train,0.1,146,-1,0.7372000000000001,229.8317632526352,13.541666666666666,0,0,3,1,1536.0,23.47926199261993,1559.47926199262,-483.0,-153.6,-636.6,65,64,59,36,64,final_dqn_seed999.csv
train,0.1,147,-1,0.7354,128.3634739013636,50.34722222222222,54,5,2,1,1368.3,23.47926199261993,1391.77926199262,-1201.0,-136.82999999999998,-1337.8300000000004,65,81,53,46,43,final_dqn_seed999.csv
train,0.1,148,-1,0.7336,79.89616336310534,44.79166666666667,125,6,0,0,1504.6,23.47926199261993,1528.07926199262,-2541.0,-150.45999999999998,-2691.46,42,81,65,58,42,final_dqn_seed999.csv
train,0.1,149,-1,0.7318,126.82756721931575,63.19444444444444,55,3,0,0,1487.2,23.47926199261993,1510.67926199262,-1041.0,-148.71999999999997,-1189.72,68,49,73,46,52,final_dqn_seed999.csv
eval,0.1,149,0,0.0,118.64369939810028,73.95833333333334,29,5,0,0,377.2000000000001,23.47926199261993,400.67926199262,-552.0,-37.72,-589.7200000000001,174,85,29,0,0,final_dqn_seed999.csv
eval,0.1,149,1,0.0,210.84685584773456,34.02777777777778,0,0,17,8,103.6,23.47926199261993,127.07926199261992,-418.0,-10.36,-428.36,266,1,21,0,0,final_dqn_seed999.csv
eval,0.1,149,2,0.0,127.90762698391656,97.2222222222222,5,1,0,0,231.2,23.47926199261993,254.67926199261996,165.0,-23.12,141.88,229,26,33,0,0,final_dqn_seed999.csv
eval,0.1,149,3,0.0,234.85652371574577,20.48611111111111,0,0,64,4,103.6,23.47926199261993,127.07926199261992,-911.0,-10.36,-921.36,266,1,21,0,0,final_dqn_seed999.csv
eval,0.1,149,4,0.0,87.62775510588385,63.19444444444444,45,7,0,0,740.0,23.47926199261993,763.47926199262,-1023.0,-74.0,-1097.0000000000002,74,145,68,1,0,final_dqn_seed999.csv
train,0.1,150,-1,0.73,121.33264320961936,58.68055555555556,41,5,0,0,1377.5,23.47926199261993,1400.97926199262,-873.0,-137.75,-1010.75,72,61,65,47,43,final_dqn_seed999.csv
train,0.1,151,-1,0.7282,179.7397149003849,52.77777777777778,0,0,0,0,1370.6,23.47926199261993,1394.07926199262,-120.0,-137.06,-257.06,79,69,47,43,50,final_dqn_seed999.csv
train,0.1,152,-1,0.7263999999999999,135.3650141416572,80.20833333333334,7,3,0,0,1379.6,23.47926199261993,1403.07926199262,-51.0,-137.95999999999998,-188.96,59,81,60,48,40,final_dqn_seed999.csv
train,0.1,153,-1,0.7246,184.77310430312824,47.91666666666667,0,0,0,0,1543.9,23.47926199261993,1567.3792619926198,-162.0,-154.39,-316.39000000000004,66,58,55,50,59,final_dqn_seed999.csv
train,0.1,154,-1,0.7228,91.93825054275403,58.333333333333336,75,10,0,0,1352.8,23.47926199261993,1376.27926199262,-1557.0,-135.28,-1692.2800000000002,51,108,45,44,40,final_dqn_seed999.csv
train,0.1,155,-1,0.721,152.15277428833485,91.66666666666666,0,0,0,0,1343.9,23.47926199261993,1367.3792619926198,216.0,-134.39,81.61000000000001,77,49,77,46,39,final_dqn_seed999.csv
train,0.1,156,-1,0.7192000000000001,130.5559692989378,82.63888888888889,28,1,0,0,1403.9,23.47926199261993,1427.37926199262,-372.0,-140.39,-512.39,70,68,56,47,47,final_dqn_seed999.csv
train,0.1,157,-1,0.7174,236.74608591554136,10.416666666666668,0,0,0,0,1646.5,23.47926199261993,1669.97926199262,-486.0,-164.65,-650.65,70,44,49,56,69,final_dqn_seed999.csv
train,0.1,158,-1,0.7156,179.35679375381574,52.43055555555556,0,0,0,0,1570.6,23.47926199261993,1594.07926199262,-123.0,-157.05999999999997,-280.05999999999995,64,47,54,73,50,final_dqn_seed999.csv
train,0.1,159,-1,0.7138,90.39370948902696,61.458333333333336,84,5,0,0,1473.7999999999995,23.47926199261993,1497.2792619926197,-1638.0,-147.38,-1785.38,57,73,49,67,42,final_dqn_seed999.csv
train,0.1,160,-1,0.712,144.74502109159323,85.41666666666666,1,1,0,0,1376.4,23.47926199261993,1399.87926199262,129.0,-137.64,-8.640000000000008,84,52,50,58,44,final_dqn_seed999.csv
train,0.1,161,-1,0.7101999999999999,127.1004791270872,86.11111111111111,6,6,0,0,1354.1,23.47926199261993,1377.57926199262,-21.0,-135.40999999999997,-156.41000000000005,80,57,41,77,33,final_dqn_seed999.csv
train,0.1,162,-1,0.7083999999999999,99.45968990457315,65.97222222222221,54,7,0,0,1481.9,23.47926199261993,1505.37926199262,-1110.0,-148.19,-1258.19,65,62,59,51,51,final_dqn_seed999.csv
train,0.1,163,-1,0.7066,114.84600650931368,77.77777777777779,45,3,0,0,1606.9,23.47926199261993,1630.3792619926198,-771.0,-160.69,-931.69,48,69,52,66,53,final_dqn_seed999.csv
train,0.1,164,-1,0.7048,190.28053782998984,30.90277777777778,0,0,0,0,1581.9999999999998,23.47926199261993,1605.4792619926195,-309.0,-158.2,-467.2,71,49,59,41,68,final_dqn_seed999.csv
train,0.1,165,-1,0.703,121.44865397365956,75.0,30,5,0,0,1447.1999999999998,23.47926199261993,1470.6792619926198,-549.0,-144.71999999999997,-693.72,59,64,58,71,36,final_dqn_seed999.csv
train,0.1,166,-1,0.7012,143.6156528843477,86.45833333333334,0,0,0,0,1457.1,23.47926199261993,1480.57926199262,171.0,-145.70999999999998,25.290000000000006,70,54,54,67,43,final_dqn_seed999.csv
train,0.1,167,-1,0.6994,89.36568300754698,65.625,54,7,0,0,1506.3,23.47926199261993,1529.77926199262,-1116.0,-150.63,-1266.63,42,91,56,52,47,final_dqn_seed999.csv
train,0.1,168,-1,0.6976,184.8391638899934,48.95833333333333,0,0,0,0,1855.4,23.47926199261993,1878.87926199262,-153.0,-185.54,-338.54,45,51,60,46,86,final_dqn_seed999.csv
train,0.1,169,-1,0.6958,280.07386038946214,5.555555555555555,0,0,142,1,1579.7,23.47926199261993,1603.17926199262,-1664.0,-157.97,-1821.97,76,49,41,57,65,final_dqn_seed999.csv
train,0.1,170,-1,0.694,114.86794188502031,54.16666666666666,97,5,0,0,1435.9999999999998,23.47926199261993,1459.4792619926195,-1887.0,-143.6,-2030.6000000000004,74,63,51,48,52,final_dqn_seed999.csv
train,0.1,171,-1,0.6921999999999999,216.90277208788868,22.916666666666664,0,0,2,1,1653.1999999999998,23.47926199261993,1676.6792619926198,-394.0,-165.32,-559.3199999999999,68,57,35,56,72,final_dqn_seed999.csv
train,0.1,172,-1,0.6904,164.02515791648233,77.43055555555556,0,0,0,0,1485.6,23.47926199261993,1509.07926199262,93.0,-148.56,-55.56,71,51,62,52,52,final_dqn_seed999.csv
train,0.1,173,-1,0.6886,165.6423419649023,74.65277777777779,0,0,0,0,1793.9,23.47926199261993,1817.37926199262,69.0,-179.39,-110.39,60,44,48,53,83,final_dqn_seed999.csv
train,0.1,174,-1,0.6868000000000001,153.99663458601222,80.20833333333334,0,0,0,0,1281.4,23.47926199261993,1304.87926199262,117.0,-128.14,-11.139999999999992,102,57,30,53,46,final_dqn_seed999.csv
train,0.1,175,-1,0.685,140.7315136475146,29.51388888888889,70,6,0,0,1671.6,23.47926199261993,1695.07926199262,-1629.0,-167.16,-1796.16,55,58,48,63,64,final_dqn_seed999.csv
train,0.1,176,-1,0.6832,128.61841483057594,97.91666666666666,0,0,0,0,1640.1999999999998,23.47926199261993,1663.6792619926198,270.0,-164.01999999999998,105.98,62,52,61,43,70,final_dqn_seed999.csv
train,0.1,177,-1,0.6814,176.7373039174065,56.94444444444444,0,0,0,0,1508.3,23.47926199261993,1531.77926199262,-84.0,-150.82999999999998,-234.83,76,56,58,31,67,final_dqn_seed999.csv
train,0.1,178,-1,0.6796,95.1256415288752,50.34722222222222,83,16,0,0,1368.4,23.47926199261993,1391.87926199262,-1803.0,-136.84,-1939.84,49,119,33,43,44,final_dqn_seed999.csv
train,0.1,179,-1,0.6778,187.30248492111144,59.375,0,0,14,3,1358.7999999999995,23.47926199261993,1382.2792619926197,-175.0,-135.88,-310.88,77,72,48,43,48,final_dqn_seed999.csv
train,0.1,180,-1,0.6759999999999999,197.60931244505744,27.08333333333333,0,0,0,0,1877.3,23.47926199261993,1900.77926199262,-342.0,-187.73,-529.73,47,58,47,43,93,final_dqn_seed999.csv
train,0.1,181,-1,0.6742,73.26997363626224,37.5,121,13,0,0,1906.6,23.47926199261993,1930.07926199262,-2607.0,-190.66000000000005,-2797.66,44,60,43,47,94,final_dqn_seed999.csv
train,0.1,182,-1,0.6724,109.14216432816308,32.98611111111111,119,4,0,0,1348.4,23.47926199261993,1371.8792619926198,-2466.0,-134.84,-2600.84,71,58,78,41,40,final_dqn_seed999.csv
train,0.1,183,-1,0.6706,101.55728994906626,63.19444444444444,72,8,0,0,1255.6999999999998,23.47926199261993,1279.1792619926198,-1428.0,-125.57,-1553.5700000000002,109,38,44,56,41,final_dqn_seed999.csv
train,0.1,184,-1,0.6688000000000001,230.8320002735469,28.819444444444443,0,0,52,6,1550.8,23.47926199261993,1574.27926199262,-743.0,-155.07999999999998,-898.0800000000002,71,59,53,37,68,final_dqn_seed999.csv
train,0.1,185,-1,0.667,208.46671802955063,11.458333333333332,0,0,0,0,1470.1,23.47926199261993,1493.57926199262,-477.0,-147.01,-624.01,96,39,43,45,65,final_dqn_seed999.csv
train,0.1,186,-1,0.6652,285.2094267363048,1.7361111111111112,0,0,86,1,1865.3,23.47926199261993,1888.77926199262,-1249.0,-186.53,-1435.5299999999995,44,60,42,57,85,final_dqn_seed999.csv
train,0.1,187,-1,0.6634,82.75924882801549,48.61111111111111,105,7,0,0,1389.8,23.47926199261993,1413.27926199262,-2175.0,-138.97999999999996,-2313.9800000000005,61,76,56,57,38,final_dqn_seed999.csv
train,0.1,188,-1,0.6616,214.46991158073,25.694444444444443,0,0,8,3,1904.7,23.47926199261993,1928.17926199262,-418.0,-190.47,-608.47,47,52,51,43,95,final_dqn_seed999.csv
train,0.1,189,-1,0.6597999999999999,222.58638150010563,18.75,0,0,23,9,1715.6,23.47926199261993,1739.07926199262,-598.0,-171.56,-769.5600000000001,63,49,54,42,80,final_dqn_seed999.csv
train,0.1,190,-1,0.6579999999999999,121.21164432129814,67.01388888888889,56,5,0,0,1436.4,23.47926199261993,1459.87926199262,-1050.0,-143.64,-1193.64,70,64,60,42,52,final_dqn_seed999.csv
train,0.1,191,-1,0.6562,87.23075830578952,54.86111111111112,87,5,0,0,1119.5,23.47926199261993,1142.97926199262,-1797.0,-111.95,-1908.95,124,40,45,40,39,final_dqn_seed999.csv
train,0.1,192,-1,0.6544,88.61710496463866,42.36111111111111,90,7,0,0,1525.0,23.47926199261993,1548.47926199262,-2010.0,-152.5,-2162.5,68,42,68,60,50,final_dqn_seed999.csv
train,0.1,193,-1,0.6526,84.58349654627621,44.79166666666667,116,9,0,0,1111.1,23.47926199261993,1134.57926199262,-2406.0,-111.11,-2517.11,127,44,40,34,43,final_dqn_seed999.csv
train,0.1,194,-1,0.6508,96.50988244587596,57.98611111111112,92,8,0,0,1273.6999999999998,23.47926199261993,1297.1792619926198,-1815.0,-127.37,-1942.37,101,51,44,47,45,final_dqn_seed999.csv
train,0.1,195,-1,0.649,211.6512265646635,23.26388888888889,0,0,0,0,1560.9,23.47926199261993,1584.3792619926198,-375.0,-156.08999999999995,-531.09,85,41,51,38,73,final_dqn_seed999.csv
train,0.1,196,-1,0.6472,114.5466626337845,62.5,59,9,0,0,1638.0,23.47926199261993,1661.47926199262,-1185.0,-163.79999999999998,-1348.8000000000002,70,50,47,49,72,final_dqn_seed999.csv
train,0.1,197,-1,0.6454,120.83866237626984,82.63888888888889,25,1,0,0,1547.1,23.47926199261993,1570.57926199262,-330.0,-154.70999999999998,-484.7100000000001,69,38,73,53,55,final_dqn_seed999.csv
train,0.1,198,-1,0.6436,104.40283179533478,74.65277777777779,37,8,0,0,1424.0,23.47926199261993,1447.47926199262,-690.0,-142.4,-832.4000000000001,69,60,60,55,44,final_dqn_seed999.csv
train,0.1,199,-1,0.6417999999999999,79.30270490057944,49.65277777777778,118,3,0,0,1550.6,23.47926199261993,1574.07926199262,-2352.0,-155.06,-2507.0600000000004,59,41,92,42,54,final_dqn_seed999.csv
eval,0.1,199,0,0.0,130.25124903560305,100.0,0,0,0,0,1164.0,23.47926199261993,1187.47926199262,288.0,-116.4,171.6,140,0,0,140,8,final_dqn_seed999.csv
eval,0.1,199,1,0.0,220.89585750454307,28.819444444444443,0,0,32,4,2100.9,23.47926199261993,2124.37926199262,-583.0,-210.09,-793.09,87,0,0,84,117,final_dqn_seed999.csv
eval,0.1,199,2,0.0,229.0155364033823,12.152777777777777,0,0,6,1,1810.5,23.47926199261993,1833.97926199262,-519.0,-181.05,-700.05,102,0,0,105,81,final_dqn_seed999.csv
eval,0.1,199,3,0.0,132.37773034265106,95.48611111111111,2,1,0,0,1137.0,23.47926199261993,1160.47926199262,198.0,-113.7,84.30000000000001,143,0,5,130,10,final_dqn_seed999.csv
eval,0.1,199,4,0.0,159.09371200416388,65.625,0,0,0,0,1113.5,23.47926199261993,1136.97926199262,-9.0,-111.34999999999998,-120.34999999999998,146,0,0,135,7,final_dqn_seed999.csv
train,0.1,200,-1,0.6399999999999999,77.71773036815233,40.625,126,10,0,0,1481.2999999999995,23.47926199261993,1504.7792619926197,-2628.0,-148.13000000000002,-2776.13,69,45,88,29,57,final_dqn_seed999.csv
train,0.1,201,-1,0.6382,135.9907614182233,56.25,36,5,0,0,1278.1,23.47926199261993,1301.57926199262,-786.0,-127.81,-913.8100000000002,103,44,49,47,45,final_dqn_seed999.csv
train,0.1,202,-1,0.6364,99.39476907099484,76.38888888888889,45,2,0,0,1740.3,23.47926199261993,1763.77926199262,-795.0,-174.03,-969.03,68,39,47,55,79,final_dqn_seed999.csv
train,0.1,203,-1,0.6345999999999999,122.22281573908889,70.83333333333334,42,5,0,0,1313.9,23.47926199261993,1337.37926199262,-792.0,-131.39,-923.39,103,38,57,39,51,final_dqn_seed999.csv
train,0.1,204,-1,0.6328,90.04366419087847,47.91666666666667,128,4,0,0,1308.5,23.47926199261993,1331.97926199262,-2532.0,-130.85,-2662.8500000000004,81,62,67,33,45,final_dqn_seed999.csv
train,0.1,205,-1,0.631,153.43577284573257,85.41666666666666,0,0,0,0,1082.5,23.47926199261993,1105.97926199262,162.0,-108.25,53.750000000000014,133,39,32,47,37,final_dqn_seed999.csv
train,0.1,206,-1,0.6292,85.38106323863775,48.95833333333333,96,11,0,0,1453.6,23.47926199261993,1477.07926199262,-2034.0,-145.36,-2179.36,76,48,65,47,52,final_dqn_seed999.csv
train,0.1,207,-1,0.6274,103.05390903086696,63.888888888888886,85,4,0,0,1186.1999999999998,23.47926199261993,1209.6792619926198,-1584.0,-118.62,-1702.62,108,58,39,41,42,final_dqn_seed999.csv
train,0.1,208,-1,0.6255999999999999,148.4425248540126,90.9722222222222,0,0,0,0,1800.7999999999995,23.47926199261993,1824.27926199262,210.0,-180.07999999999998,29.919999999999995,65,38,51,46,88,final_dqn_seed999.csv
train,0.1,209,-1,0.6238,91.28570193562244,46.52777777777778,96,9,0,0,1095.2999999999995,23.47926199261993,1118.7792619926197,-2037.0,-109.53,-2146.53,128,46,36,37,41,final_dqn_seed999.csv
train,0.1,210,-1,0.622,191.7235842734374,38.54166666666667,0,0,7,1,1690.6,23.47926199261993,1714.07926199262,-299.0,-169.06,-468.06000000000006,56,44,80,34,74,final_dqn_seed999.csv
train,0.1,211,-1,0.6202000000000001,71.32147456684405,31.25,163,5,0,0,1151.5,23.47926199261993,1174.97926199262,-3345.0,-115.15,-3460.15,133,29,42,37,47,final_dqn_seed999.csv
train,0.1,212,-1,0.6184000000000001,271.15037682914794,11.458333333333332,0,0,113,2,1692.3000000000002,23.47926199261993,1715.77926199262,-1381.0,-169.23,-1550.23,51,45,65,68,59,final_dqn_seed999.csv
train,0.1,213,-1,0.6166,254.437706468462,15.625,0,0,100,10,1470.6999999999998,23.47926199261993,1494.1792619926198,-1244.0,-147.07,-1391.0699999999997,56,71,65,49,47,final_dqn_seed999.csv
train,0.1,214,-1,0.6148,112.93022459189588,74.65277777777779,16,6,0,0,1493.8,23.47926199261993,1517.27926199262,-336.0,-149.38,-485.38000000000005,80,54,54,34,66,final_dqn_seed999.csv
train,0.1,215,-1,0.613,219.61541932058424,29.86111111111111,0,0,1,1,1626.8000000000002,23.47926199261993,1650.27926199262,-326.0,-162.68,-488.68000000000006,64,49,62,45,68,final_dqn_seed999.csv
train,0.1,216,-1,0.6112,101.4326043547308,67.01388888888889,55,3,0,0,1159.7,23.47926199261993,1183.17926199262,-1107.0,-115.97,-1222.97,89,71,55,44,29,final_dqn_seed999.csv
train,0.1,217,-1,0.6093999999999999,75.0240464636298,35.76388888888889,117,16,0,0,1295.8000000000002,23.47926199261993,1319.27926199262,-2577.0,-129.58,-2706.58,84,79,36,43,46,final_dqn_seed999.csv
train,0.1,218,-1,0.6075999999999999,99.58744780631558,75.0,36,8,0,0,1789.8000000000002,23.47926199261993,1813.27926199262,-684.0,-178.98,-862.98,70,35,50,43,90,final_dqn_seed999.csv
train,0.1,219,-1,0.6058,165.6577408477659,65.97222222222221,0,0,0,0,1225.4,23.47926199261993,1248.87926199262,-6.0,-122.54,-128.54,84,75,54,37,38,final_dqn_seed999.csv
train,0.1,220,-1,0.604,330.6028999625025,5.902777777777778,0,0,215,3,1447.9,23.47926199261993,1471.37926199262,-2245.0,-144.79,-2389.79,83,47,41,70,47,final_dqn_seed999.csv
train,0.1,221,-1,0.6022000000000001,173.92120771603024,60.06944444444444,0,0,0,0,1562.6,23.47926199261993,1586.07926199262,-57.0,-156.26,-213.26,68,47,60,55,58,final_dqn_seed999.csv
train,0.1,222,-1,0.6004,220.83541802589707,41.66666666666667,0,0,67,8,1477.1,23.47926199261993,1500.57926199262,-752.0,-147.71,-899.71,70,51,66,50,51,final_dqn_seed999.csv
train,0.1,223,-1,0.5986,150.97193119625138,76.04166666666666,0,0,0,0,1587.5,23.47926199261993,1610.97926199262,75.0,-158.75,-83.75000000000001,79,40,49,53,67,final_dqn_seed999.csv
train,0.1,224,-1,0.5968,132.5752419153566,73.95833333333334,6,1,0,0,1545.7,23.47926199261993,1569.17926199262,-102.0,-154.57,-256.57000000000005,81,40,34,80,53,final_dqn_seed999.csv
train,0.1,225,-1,0.595,84.16267822399767,48.61111111111111,110,7,0,0,1323.3,23.47926199261993,1346.77926199262,-2250.0,-132.32999999999998,-2382.33,96,41,36,82,33,final_dqn_seed999.csv
train,0.1,226,-1,0.5932,175.44564479635918,67.01388888888889,0,0,8,2,1814.8,23.47926199261993,1838.27926199262,-61.0,-181.48,-242.48,65,38,46,51,88,final_dqn_seed999.csv
train,0.1,227,-1,0.5913999999999999,76.27414787065669,25.694444444444443,163,15,0,0,1809.1,23.47926199261993,1832.57926199262,-3441.0,-180.91,-3621.91,47,69,35,54,83,final_dqn_seed999.csv
train,0.1,228,-1,0.5895999999999999,225.27320351268443,10.069444444444445,0,0,0,0,1283.4,23.47926199261993,1306.87926199262,-489.0,-128.34,-617.34,112,46,35,41,54,final_dqn_seed999.csv
train,0.1,229,-1,0.5878,233.33494225663696,16.319444444444446,0,0,21,4,1283.2,23.47926199261993,1306.67926199262,-603.0,-128.32000000000002,-731.32,98,51,54,37,48,final_dqn_seed999.csv
train,0.1,230,-1,0.586,184.53388740504985,38.88888888888889,0,0,0,0,1215.6,23.47926199261993,1239.07926199262,-243.0,-121.56,-364.56,107,45,57,35,44,final_dqn_seed999.csv
train,0.1,231,-1,0.5842,121.0440385030106,61.458333333333336,34,8,0,0,1651.5,23.47926199261993,1674.97926199262,-837.0,-165.15,-1002.15,49,73,51,48,67,final_dqn_seed999.csv
train,0.1,232,-1,0.5824,66.5307427905318,18.75,197,16,0,0,1437.0,23.47926199261993,1460.47926199262,-4071.0,-143.7,-4214.7,31,123,33,67,34,final_dqn_seed999.csv
train,0.1,233,-1,0.5806,120.25137049033567,89.23611111111111,0,0,0,0,1643.4,23.47926199261993,1666.87926199262,156.0,-164.33999999999995,-8.340000000000003,58,53,69,38,70,final_dqn_seed999.csv
train,0.1,234,-1,0.5788,196.163268067784,26.041666666666668,0,0,0,0,1774.6999999999998,23.47926199261993,1798.1792619926198,-351.0,-177.46999999999997,-528.47,64,51,39,47,87,final_dqn_seed999.csv
train,0.1,235,-1,0.577,140.2415334521997,97.2222222222222,0,0,0,0,1715.1,23.47926199261993,1738.57926199262,264.0,-171.51,92.49,36,43,73,93,43,final_dqn_seed999.csv
train,0.1,236,-1,0.5751999999999999,149.09572353778236,57.638888888888886,22,6,0,0,1468.1,23.47926199261993,1491.57926199262,-504.0,-146.81,-650.81,55,74,67,43,49,final_dqn_seed999.csv
train,0.1,237,-1,0.5734,144.93588645923668,77.43055555555556,0,0,0,0,1542.3,23.47926199261993,1565.77926199262,69.0,-154.23,-85.22999999999999,74,55,39,61,59,final_dqn_seed999.csv
train,0.1,238,-1,0.5716,224.4265482190088,6.25,0,0,11,1,1706.5,23.47926199261993,1729.97926199262,-610.0,-170.64999999999998,-780.65,93,40,28,26,101,final_dqn_seed999.csv
train,0.1,239,-1,0.5698000000000001,74.8323307099249,40.27777777777778,146,7,0,0,1470.1,23.47926199261993,1493.57926199262,-2934.0,-147.01,-3081.01,37,112,43,51,45,final_dqn_seed999.csv
train,0.1,240,-1,0.5680000000000001,202.35585277715612,32.63888888888889,0,0,0,0,1116.6999999999998,23.47926199261993,1140.1792619926198,-294.0,-111.67,-405.67,97,74,47,39,31,final_dqn_seed999.csv
train,0.1,241,-1,0.5662,169.43610354011165,53.81944444444444,5,1,0,0,1404.6999999999998,23.47926199261993,1428.1792619926198,-222.0,-140.47,-362.47,82,50,40,77,39,final_dqn_seed999.csv
train,0.1,242,-1,0.5644,145.3787903441479,89.58333333333334,4,1,0,0,1365.8,23.47926199261993,1389.27926199262,123.0,-136.57999999999998,-13.580000000000013,63,65,71,55,34,final_dqn_seed999.csv
train,0.1,243,-1,0.5626,175.15138887799716,55.90277777777778,0,0,0,0,1299.6999999999998,23.47926199261993,1323.1792619926198,-93.0,-129.97,-222.97000000000003,83,49,80,35,41,final_dqn_seed999.csv
train,0.1,244,-1,0.5608,107.92729177614856,64.23611111111111,78,5,0,0,1409.3,23.47926199261993,1432.77926199262,-1497.0,-140.92999999999998,-1637.9300000000003,32,118,61,36,41,final_dqn_seed999.csv
train,0.1,245,-1,0.5589999999999999,304.4406658871395,1.3888888888888888,0,0,160,2,2201.2,23.47926199261993,2224.67926199262,-1844.0,-220.12,-2064.12,38,44,41,37,128,final_dqn_seed999.csv
train,0.1,246,-1,0.5571999999999999,102.3225079818054,77.08333333333334,33,4,0,0,1489.6,23.47926199261993,1513.07926199262,-603.0,-148.95999999999998,-751.9600000000002,42,106,45,43,52,final_dqn_seed999.csv
train,0.1,247,-1,0.5554,78.60249113556863,43.40277777777778,101,9,0,0,1604.2,23.47926199261993,1627.67926199262,-2205.0,-160.42000000000002,-2365.42,35,90,47,66,50,final_dqn_seed999.csv
train,0.1,248,-1,0.5536,115.96402413072924,72.91666666666666,71,1,0,0,1254.6999999999998,23.47926199261993,1278.1792619926198,-1245.0,-125.47,-1370.4699999999998,70,95,42,46,35,final_dqn_seed999.csv
train,0.1,249,-1,0.5518000000000001,98.02254312974522,68.40277777777779,71,5,0,0,1703.0,23.47926199261993,1726.47926199262,-1323.0,-170.3,-1493.3000000000002,54,58,57,45,74,final_dqn_seed999.csv
eval,0.1,249,0,0.0,114.70876244169897,38.88888888888889,80,6,0,0,3269.3,23.47926199261993,3292.77926199262,-1779.0,-326.92999999999995,-2105.93,0,18,5,24,241,final_dqn_seed999.csv
eval,0.1,249,1,0.0,110.86353435536212,62.15277777777778,43,3,0,0,3215.3,23.47926199261993,3238.77926199262,-945.0,-321.53,-1266.53,0,17,5,37,229,final_dqn_seed999.csv
eval,0.1,249,2,0.0,132.94386727967122,99.6527777777778,0,0,0,0,2238.9,23.47926199261993,2262.3792619926194,285.0,-223.89,61.11,0,46,17,160,65,final_dqn_seed999.csv
eval,0.1,249,3,0.0,150.14566579504788,45.13888888888889,33,1,0,0,3406.3,23.47926199261993,3429.7792619926195,-801.0,-340.63,-1141.63,0,9,3,17,259,final_dqn_seed999.csv
eval,0.1,249,4,0.0,175.44784272389754,38.54166666666667,0,0,0,0,3131.8,23.47926199261993,3155.27926199262,-243.0,-313.18,-556.1800000000001,0,29,2,35,222,final_dqn_seed999.csv
train,0.1,250,-1,0.55,135.26493579651145,36.80555555555556,67,3,0,0,1618.9,23.47926199261993,1642.37926199262,-1494.0,-161.89,-1655.89,78,54,34,45,77,final_dqn_seed999.csv
train,0.1,251,-1,0.5482,136.98815149236492,31.59722222222222,60,7,0,0,1415.8000000000002,23.47926199261993,1439.27926199262,-1488.0,-141.57999999999998,-1629.58,77,75,33,49,54,final_dqn_seed999.csv
train,0.1,252,-1,0.5464,205.21586111561223,19.444444444444446,0,0,0,0,1595.6999999999998,23.47926199261993,1619.1792619926198,-408.0,-159.57,-567.5699999999999,50,81,51,41,65,final_dqn_seed999.csv
train,0.1,253,-1,0.5446,102.84990330645682,55.90277777777778,76,4,0,0,1424.4,23.47926199261993,1447.87926199262,-1545.0,-142.44,-1687.4399999999998,47,72,71,70,28,final_dqn_seed999.csv
train,0.1,254,-1,0.5428,167.77930328375697,68.05555555555556,0,0,0,0,1354.7,23.47926199261993,1378.17926199262,12.0,-135.47,-123.46999999999996,91,52,51,43,51,final_dqn_seed999.csv
train,0.1,255,-1,0.5409999999999999,127.783509755502,84.02777777777779,3,3,0,0,1600.6,23.47926199261993,1624.07926199262,9.0,-160.06,-151.06,68,56,45,53,66,final_dqn_seed999.csv
train,0.1,256,-1,0.5391999999999999,135.52980043919968,88.19444444444444,13,3,0,0,1711.9,23.47926199261993,1735.3792619926198,-81.0,-171.19,-252.19000000000003,37,66,46,88,51,final_dqn_seed999.csv
train,0.1,257,-1,0.5374,154.18956444175552,79.16666666666666,0,0,0,0,1432.4,23.47926199261993,1455.87926199262,105.0,-143.24,-38.24,76,53,64,43,52,final_dqn_seed999.csv
train,0.1,258,-1,0.5356,83.41011511448662,52.43055555555556,92,6,0,0,1815.9,23.47926199261993,1839.37926199262,-1914.0,-181.59,-2095.59,25,89,37,66,71,final_dqn_seed999.csv
train,0.1,259,-1,0.5338,190.11175109298108,45.48611111111111,0,0,0,0,1332.7,23.47926199261993,1356.17926199262,-183.0,-133.26999999999998,-316.27000000000004,69,57,68,67,27,final_dqn_seed999.csv
train,0.1,260,-1,0.532,141.40576653003012,80.55555555555556,7,3,0,0,1214.9,23.47926199261993,1238.37926199262,-51.0,-121.49,-172.49,94,51,63,47,33,final_dqn_seed999.csv
train,0.1,261,-1,0.5302,195.63265000337057,36.11111111111111,0,0,0,0,1188.0,23.47926199261993,1211.47926199262,-264.0,-118.79999999999998,-382.8,92,71,42,51,32,final_dqn_seed999.csv
train,0.1,262,-1,0.5284,150.0939828109043,56.59722222222222,27,5,0,0,1491.1999999999998,23.47926199261993,1514.6792619926198,-621.0,-149.12,-770.1199999999999,41,60,112,31,44,final_dqn_seed999.csv
train,0.1,263,-1,0.5266,110.8529762125715,78.47222222222221,9,7,0,0,1357.3,23.47926199261993,1380.77926199262,-219.0,-135.73,-354.73,77,71,45,50,45,final_dqn_seed999.csv
train,0.1,264,-1,0.5247999999999999,116.80565126638956,81.25,29,7,0,0,1311.8,23.47926199261993,1335.27926199262,-462.0,-131.18,-593.1800000000001,67,81,59,43,38,final_dqn_seed999.csv
train,0.1,265,-1,0.5229999999999999,94.5392508860196,51.388888888888886,107,8,0,0,1323.3,23.47926199261993,1346.77926199262,-2157.0,-132.32999999999998,-2289.33,65,65,86,35,37,final_dqn_seed999.csv
train,0.1,266,-1,0.5211999999999999,130.49066106557433,77.77777777777779,17,2,0,0,1359.1,23.47926199261993,1382.57926199262,-249.0,-135.91,-384.91,45,107,52,49,35,final_dqn_seed999.csv
train,0.1,267,-1,0.5194,135.8424859220433,99.30555555555556,0,0,0,0,1459.1,23.47926199261993,1482.57926199262,279.0,-145.91,133.09,24,99,66,76,23,final_dqn_seed999.csv
train,0.1,268,-1,0.5176,235.03474604583383,5.902777777777778,0,0,0,0,1320.2,23.47926199261993,1343.67926199262,-525.0,-132.01999999999998,-657.02,105,43,46,40,54,final_dqn_seed999.csv
train,0.1,269,-1,0.5158,175.532844348053,45.13888888888889,6,2,0,0,1518.2,23.47926199261993,1541.67926199262,-312.0,-151.82,-463.82,44,68,77,57,42,final_dqn_seed999.csv
train,0.1,270,-1,0.514,138.45418155764563,99.6527777777778,0,0,0,0,1690.1,23.47926199261993,1713.57926199262,285.0,-169.01,115.99,34,54,72,83,45,final_dqn_seed999.csv
train,0.1,271,-1,0.5122,139.9163918761118,93.05555555555556,3,2,0,0,1559.6,23.47926199261993,1583.07926199262,144.0,-155.96,-11.96,36,70,77,65,40,final_dqn_seed999.csv
train,0.1,272,-1,0.5104,223.75843693740077,12.84722222222222,0,0,2,1,1049.1999999999998,23.47926199261993,1072.6792619926198,-481.0,-104.92,-585.92,117,72,22,45,32,final_dqn_seed999.csv
train,0.1,273,-1,0.5085999999999999,212.0807325303163,36.45833333333333,0,0,20,3,1148.6,23.47926199261993,1172.07926199262,-421.0,-114.86,-535.86,123,45,41,33,46,final_dqn_seed999.csv
train,0.1,274,-1,0.5067999999999999,199.9927164082777,35.06944444444444,0,0,0,0,1396.4,23.47926199261993,1419.87926199262,-273.0,-139.64,-412.64,70,63,55,60,40,final_dqn_seed999.csv
train,0.1,275,-1,0.5049999999999999,235.34915872509112,2.083333333333333,0,0,6,3,1456.2999999999995,23.47926199261993,1479.7792619926197,-606.0,-145.63,-751.6299999999999,68,48,77,48,47,final_dqn_seed999.csv
train,0.1,276,-1,0.5031999999999999,128.7566873777566,35.41666666666667,59,7,0,0,1448.9,23.47926199261993,1472.3792619926198,-1446.0,-144.89,-1590.89,50,76,77,40,45,final_dqn_seed999.csv
train,0.1,277,-1,0.5014,99.37524730890254,60.41666666666666,106,3,0,0,1675.6,23.47926199261993,1699.07926199262,-1977.0,-167.56,-2144.56,32,72,71,57,56,final_dqn_seed999.csv
train,0.1,278,-1,0.4995999999999999,215.9878942955797,32.98611111111111,0,0,13,5,1186.3,23.47926199261993,1209.77926199262,-395.0,-118.63,-513.63,98,69,42,40,39,final_dqn_seed999.csv
train,0.1,279,-1,0.4977999999999999,82.26450118989708,47.91666666666667,123,9,0,0,1904.4,23.47926199261993,1927.87926199262,-2457.0,-190.44,-2647.44,46,43,36,87,76,final_dqn_seed999.csv
train,0.1,280,-1,0.4959999999999999,158.50731733692044,64.58333333333334,0,0,0,0,1444.5,23.47926199261993,1467.97926199262,-27.0,-144.45,-171.44999999999996,57,74,49,71,37,final_dqn_seed999.csv
train,0.1,281,-1,0.4942,146.7115116047999,42.36111111111111,40,4,0,0,1298.0,23.47926199261993,1321.47926199262,-978.0,-129.8,-1107.8,78,79,41,50,40,final_dqn_seed999.csv
train,0.1,282,-1,0.4924,80.1517012972549,26.73611111111111,163,17,0,0,1518.6,23.47926199261993,1542.07926199262,-3414.0,-151.86,-3565.8600000000006,37,114,45,34,58,final_dqn_seed999.csv
train,0.1,283,-1,0.4906,109.0179260516894,78.81944444444444,38,1,0,0,1609.3,23.47926199261993,1632.77926199262,-648.0,-160.93,-808.9300000000001,75,31,57,64,61,final_dqn_seed999.csv
train,0.1,284,-1,0.4888,179.13450628159254,49.65277777777778,0,0,0,0,1574.5,23.47926199261993,1597.97926199262,-147.0,-157.45,-304.45,46,69,62,62,49,final_dqn_seed999.csv
train,0.1,285,-1,0.487,136.90437676784015,94.44444444444444,1,1,0,0,1487.0,23.47926199261993,1510.47926199262,207.0,-148.7,58.29999999999999,43,72,70,69,34,final_dqn_seed999.csv
train,0.1,286,-1,0.4852000000000001,176.2918342120677,54.513888888888886,0,0,0,0,1201.3,23.47926199261993,1224.77926199262,-105.0,-120.13,-225.13,88,61,67,39,33,final_dqn_seed999.csv
train,0.1,287,-1,0.4834,139.93022776845294,87.84722222222221,13,1,0,0,1754.9,23.47926199261993,1778.37926199262,-69.0,-175.48999999999998,-244.49,69,44,41,49,85,final_dqn_seed999.csv
train,0.1,288,-1,0.4816,165.58876201922644,69.09722222222221,0,0,0,0,1654.9,23.47926199261993,1678.3792619926198,21.0,-165.49,-144.49,65,56,46,48,73,final_dqn_seed999.csv
train,0.1,289,-1,0.4798,211.79142827411223,28.125,0,0,0,0,1653.4,23.47926199261993,1676.87926199262,-333.0,-165.34,-498.34,37,34,120,47,50,final_dqn_seed999.csv
train,0.1,290,-1,0.478,211.7221138440165,23.26388888888889,0,0,3,3,1418.2,23.47926199261993,1441.67926199262,-399.0,-141.82,-540.8199999999999,45,96,55,54,38,final_dqn_seed999.csv
train,0.1,291,-1,0.4762,132.35288552222357,85.06944444444444,10,2,0,0,1190.9,23.47926199261993,1214.37926199262,-60.0,-119.09,-179.09,80,56,87,40,25,final_dqn_seed999.csv
train,0.1,292,-1,0.4744,153.75655836624563,53.47222222222222,0,0,0,0,1414.1,23.47926199261993,1437.57926199262,-186.0,-141.41,-327.41,66,69,44,72,37,final_dqn_seed999.csv
train,0.1,293,-1,0.4726,214.4081890546636,27.77777777777778,0,0,0,0,1686.1,23.47926199261993,1709.57926199262,-336.0,-168.61,-504.61,31,59,87,58,53,final_dqn_seed999.csv
train,0.1,294,-1,0.4708,135.28026608582525,97.91666666666666,0,0,0,0,1891.1,23.47926199261993,1914.57926199262,264.0,-189.11,74.89,37,66,38,64,83,final_dqn_seed999.csv
train,0.1,295,-1,0.469,136.39824194710812,94.0972222222222,0,0,0,0,1423.8,23.47926199261993,1447.27926199262,216.0,-142.38,73.62,78,63,48,45,54,final_dqn_seed999.csv
train,0.1,296,-1,0.4672,193.69044579588677,34.375,0,0,0,0,1256.6,23.47926199261993,1280.07926199262,-279.0,-125.66,-404.66,73,48,112,21,34,final_dqn_seed999.csv
train,0.1,297,-1,0.4654,147.7017815989413,59.375,1,1,0,0,1224.8,23.47926199261993,1248.27926199262,-126.0,-122.48,-248.48,76,70,74,36,32,final_dqn_seed999.csv
train,0.1,298,-1,0.4636,150.67787132721747,37.5,31,6,0,0,1442.4,23.47926199261993,1465.8792619926198,-885.0,-144.24,-1029.24,92,46,50,36,64,final_dqn_seed999.csv
train,0.1,299,-1,0.4618,140.70725285438596,100.0,0,0,0,0,1354.9,23.47926199261993,1378.37926199262,288.0,-135.49,152.51,106,25,60,44,53,final_dqn_seed999.csv
eval,0.1,299,0,0.0,208.40267042508668,42.36111111111111,0,0,25,5,1228.0,23.47926199261993,1251.47926199262,-410.0,-122.79999999999998,-532.8,2,99,168,19,0,final_dqn_seed999.csv
eval,0.1,299,1,0.0,263.9903021677337,8.333333333333332,0,0,87,3,1568.4,23.47926199261993,1591.8792619926198,-1200.0,-156.83999999999995,-1356.84,1,18,188,81,0,final_dqn_seed999.csv
eval,0.1,299,2,0.0,168.8344050877995,59.375,0,0,0,0,798.0,23.47926199261993,821.47926199262,-63.0,-79.8,-142.79999999999998,99,63,120,6,0,final_dqn_seed999.csv
eval,0.1,299,3,0.0,170.16435835723482,65.625,0,0,5,3,820.8,23.47926199261993,844.2792619926199,-49.0,-82.08,-131.08000000000004,84,96,96,12,0,final_dqn_seed999.csv
eval,0.1,299,4,0.0,76.87936984278798,31.25,164,11,0,0,578.4,23.47926199261993,601.87926199262,-3360.0,-57.84,-3417.84,151,55,71,11,0,final_dqn_seed999.csv
train,0.1,300,-1,0.4599999999999999,144.36116162655475,94.44444444444444,0,0,0,0,1446.4,23.47926199261993,1469.87926199262,240.0,-144.64,95.36,63,45,94,42,44,final_dqn_seed999.csv
train,0.1,301,-1,0.4582,170.6624654676151,52.083333333333336,0,0,0,0,891.6,23.47926199261993,915.07926199262,-126.0,-89.16,-215.16,153,42,39,18,36,final_dqn_seed999.csv
train,0.1,302,-1,0.4564,104.26109862740272,60.763888888888886,72,5,0,0,781.2,23.47926199261993,804.67926199262,-1452.0,-78.12,-1530.12,157,47,31,33,20,final_dqn_seed999.csv
train,0.1,303,-1,0.4546,201.78238347999343,39.23611111111111,0,0,2,1,1675.6,23.47926199261993,1699.07926199262,-253.0,-167.56,-420.56,53,23,77,91,44,final_dqn_seed999.csv
train,0.1,304,-1,0.4528,245.73925445067607,8.680555555555555,0,0,12,6,1755.1999999999998,23.47926199261993,1778.6792619926198,-597.0,-175.51999999999998,-772.52,37,44,49,118,40,final_dqn_seed999.csv
train,0.1,305,-1,0.4509999999999999,196.0900489710038,31.25,3,1,5,1,1256.4,23.47926199261993,1279.8792619926198,-415.0,-125.64,-540.64,63,77,79,41,28,final_dqn_seed999.csv
train,0.1,306,-1,0.4492,204.61301752965335,21.875,0,0,0,0,1246.8000000000002,23.47926199261993,1270.27926199262,-387.0,-124.68,-511.68,108,48,38,50,44,final_dqn_seed999.csv
train,0.1,307,-1,0.4474,153.62569622561443,72.22222222222221,0,0,0,0,1897.9,23.47926199261993,1921.37926199262,42.0,-189.79,-147.79000000000002,63,52,24,46,103,final_dqn_seed999.csv
train,0.1,308,-1,0.4456,96.28072941350554,60.763888888888886,53,6,0,0,1300.0,23.47926199261993,1323.47926199262,-1182.0,-130.0,-1312.0,108,34,57,37,52,final_dqn_seed999.csv
train,0.1,309,-1,0.4438,124.82430741172428,92.01388888888889,4,1,0,0,1495.4,23.47926199261993,1518.87926199262,111.0,-149.54,-38.53999999999999,116,34,18,38,82,final_dqn_seed999.csv
train,0.1,310,-1,0.4419999999999999,184.7762083625645,50.34722222222222,0,0,0,0,1792.8,23.47926199261993,1816.27926199262,-141.0,-179.28,-320.28,37,77,42,56,76,final_dqn_seed999.csv
train,0.1,311,-1,0.4402,127.16772015162256,95.48611111111111,0,0,0,0,1771.0,23.47926199261993,1794.47926199262,243.0,-177.1,65.9,62,58,25,61,82,final_dqn_seed999.csv
train,0.1,312,-1,0.4384,125.72296560436092,75.34722222222221,24,5,0,0,1708.4,23.47926199261993,1731.87926199262,-438.0,-170.84,-608.84,89,35,31,41,92,final_dqn_seed999.csv
train,0.1,313,-1,0.4366,98.53095346928214,61.80555555555556,20,9,0,0,1932.6,23.47926199261993,1956.07926199262,-648.0,-193.26,-841.26,67,52,20,35,114,final_dqn_seed999.csv
train,0.1,314,-1,0.4347999999999999,142.58604470118428,35.06944444444444,84,2,0,0,1906.7,23.47926199261993,1930.17926199262,-1794.0,-190.67,-1984.67,57,27,59,54,91,final_dqn_seed999.csv
train,0.1,315,-1,0.4329999999999999,88.46039754413505,54.16666666666666,68,12,0,0,1669.9,23.47926199261993,1693.37926199262,-1524.0,-166.99,-1690.9899999999998,84,47,36,30,91,final_dqn_seed999.csv
train,0.1,316,-1,0.4312,190.88711363694,39.23611111111111,0,0,0,0,1077.3000000000002,23.47926199261993,1100.77926199262,-237.0,-107.73,-344.73,102,88,34,27,37,final_dqn_seed999.csv
train,0.1,317,-1,0.4294,221.31047103762967,15.97222222222222,0,0,10,2,931.3,23.47926199261993,954.77926199262,-518.0,-93.13,-611.1299999999999,113,87,30,37,21,final_dqn_seed999.csv
train,0.1,318,-1,0.4276,171.59703710135386,66.66666666666666,0,0,0,0,1513.5,23.47926199261993,1536.97926199262,0.0,-151.35,-151.35,88,40,44,53,63,final_dqn_seed999.csv
train,0.1,319,-1,0.4257999999999999,210.12858185590213,27.08333333333333,0,0,0,0,1287.6999999999998,23.47926199261993,1311.1792619926198,-342.0,-128.76999999999998,-470.77,87,44,82,34,41,final_dqn_seed999.csv
train,0.1,320,-1,0.4239999999999999,105.88522112351804,81.59722222222221,17,8,0,0,869.8,23.47926199261993,893.2792619926199,-285.0,-86.97999999999999,-371.98,170,24,28,32,34,final_dqn_seed999.csv
train,0.1,321,-1,0.4222,214.93994663325557,18.055555555555557,4,1,0,0,1121.7,23.47926199261993,1145.17926199262,-495.0,-112.17,-607.1700000000001,71,87,76,33,21,final_dqn_seed999.csv
train,0.1,322,-1,0.4204,131.23488603997248,95.13888888888889,0,0,0,0,604.5,23.47926199261993,627.97926199262,210.0,-60.45,149.55,194,21,33,23,17,final_dqn_seed999.csv
train,0.1,323,-1,0.4185999999999999,184.15749732430356,36.45833333333333,0,0,0,0,832.4000000000001,23.47926199261993,855.8792619926201,-261.0,-83.24000000000001,-344.24,172,26,29,29,32,final_dqn_seed999.csv
train,0.1,324,-1,0.4167999999999999,84.34140423887997,51.388888888888886,86,9,0,0,697.0,23.47926199261993,720.47926199262,-1842.0,-69.7,-1911.7000000000005,192,17,28,25,26,final_dqn_seed999.csv
train,0.1,325,-1,0.4149999999999999,178.00020127466104,58.68055555555556,0,0,0,0,672.0,23.47926199261993,695.47926199262,-69.0,-67.19999999999999,-136.2,193,18,22,35,20,final_dqn_seed999.csv
train,0.1,326,-1,0.4132,95.14239106989896,76.04166666666666,27,8,0,0,669.9000000000001,23.47926199261993,693.3792619926201,-531.0,-66.99000000000001,-597.9900000000001,194,24,22,21,27,final_dqn_seed999.csv
train,0.1,327,-1,0.4114,66.15566464604532,25.0,173,10,0,0,1313.0,23.47926199261993,1336.47926199262,-3603.0,-131.29999999999998,-3734.3,117,43,37,25,66,final_dqn_seed999.csv
train,0.1,328,-1,0.4095999999999999,110.10219661081878,82.98611111111111,22,3,0,0,679.5,23.47926199261993,702.97926199262,-336.0,-67.94999999999999,-403.9500000000001,186,30,23,26,23,final_dqn_seed999.csv
train,0.1,329,-1,0.4077999999999999,220.286973310746,12.84722222222222,0,0,11,1,693.2,23.47926199261993,716.67926199262,-553.0,-69.32,-622.3199999999999,184,29,27,24,24,final_dqn_seed999.csv
train,0.1,330,-1,0.4059999999999999,246.42457600347623,20.48611111111111,0,0,70,3,593.3,23.47926199261993,616.7792619926199,-959.0,-59.33,-1018.3300000000002,192,37,22,16,21,final_dqn_seed999.csv
train,0.1,331,-1,0.4042,150.38869310491793,53.125,7,4,0,0,913.1,23.47926199261993,936.57926199262,-321.0,-91.31,-412.31000000000006,170,23,23,33,39,final_dqn_seed999.csv
train,0.1,332,-1,0.4024,261.90393489039707,16.319444444444446,0,0,122,5,764.5999999999999,23.47926199261993,788.0792619926199,-1411.0,-76.46000000000001,-1487.46,174,25,39,24,26,final_dqn_seed999.csv
train,0.1,333,-1,0.4005999999999999,81.79245027106137,35.76388888888889,138,12,0,0,1570.9,23.47926199261993,1594.37926199262,-2850.0,-157.09,-3007.09,50,71,42,80,45,final_dqn_seed999.csv
train,0.1,334,-1,0.3987999999999999,140.1979922914053,79.51388888888889,3,2,0,0,1743.2,23.47926199261993,1766.67926199262,27.0,-174.32,-147.32000000000005,29,58,44,121,36,final_dqn_seed999.csv
train,0.1,335,-1,0.3969999999999999,98.0303816357394,71.875,30,6,0,0,1020.8,23.47926199261993,1044.27926199262,-648.0,-102.07999999999998,-750.0800000000002,110,75,32,47,24,final_dqn_seed999.csv
train,0.1,336,-1,0.3952,89.98386009671579,47.56944444444444,100,16,0,0,1391.4,23.47926199261993,1414.87926199262,-2115.0,-139.14,-2254.1400000000003,48,98,46,62,34,final_dqn_seed999.csv
train,0.1,337,-1,0.3933999999999999,132.43671097996491,69.09722222222221,19,4,0,0,1915.7,23.47926199261993,1939.17926199262,-402.0,-191.57,-593.57,30,74,38,61,85,final_dqn_seed999.csv
train,0.1,338,-1,0.3915999999999999,235.95301853234025,17.36111111111111,0,0,39,2,1633.1,23.47926199261993,1656.57926199262,-738.0,-163.31,-901.3099999999998,37,62,67,79,43,final_dqn_seed999.csv
train,0.1,339,-1,0.3897999999999999,142.80382767821095,95.83333333333334,0,0,0,0,1800.9999999999998,23.47926199261993,1824.47926199262,252.0,-180.09999999999997,71.9,64,20,39,103,62,final_dqn_seed999.csv
train,0.1,340,-1,0.3879999999999999,284.8833949862023,4.861111111111112,0,0,159,19,1659.3000000000002,23.47926199261993,1682.77926199262,-1806.0,-165.92999999999998,-1971.93,58,23,29,157,21,final_dqn_seed999.csv
train,0.1,341,-1,0.3862,213.2004663362978,20.833333333333336,0,0,13,4,716.3,23.47926199261993,739.7792619926199,-500.0,-71.63,-571.63,174,39,27,25,23,final_dqn_seed999.csv
train,0.1,342,-1,0.3843999999999999,178.10698584588857,49.65277777777778,0,0,0,0,1240.6999999999998,23.47926199261993,1264.1792619926198,-147.0,-124.07,-271.07,134,24,30,45,55,final_dqn_seed999.csv
train,0.1,343,-1,0.3825999999999999,192.6465497439989,38.54166666666667,0,0,0,0,714.3,23.47926199261993,737.7792619926199,-243.0,-71.43,-314.43,170,44,23,32,19,final_dqn_seed999.csv
train,0.1,344,-1,0.3808,64.93634948902663,19.791666666666664,173,10,0,0,1288.0,23.47926199261993,1311.47926199262,-3693.0,-128.8,-3821.8,41,79,117,27,24,final_dqn_seed999.csv
train,0.1,345,-1,0.379,149.58311444455993,79.86111111111111,0,0,0,0,1141.5,23.47926199261993,1164.97926199262,114.0,-114.14999999999998,-0.1499999999999914,107,53,33,72,23,final_dqn_seed999.csv
train,0.1,346,-1,0.3772,91.01310478373568,57.98611111111112,91,8,0,0,1571.1999999999998,23.47926199261993,1594.6792619926198,-1803.0,-157.12,-1960.1200000000003,36,74,73,61,44,final_dqn_seed999.csv
train,0.1,347,-1,0.3754,68.89196789225578,22.569444444444446,168,14,0,0,1047.4,23.47926199261993,1070.87926199262,-3570.0,-104.74,-3674.74,62,130,48,30,18,final_dqn_seed999.csv
train,0.1,348,-1,0.3736,195.6834622779697,24.305555555555557,0,0,4,1,1562.6,23.47926199261993,1586.07926199262,-398.0,-156.26,-554.26,74,34,52,78,50,final_dqn_seed999.csv
train,0.1,349,-1,0.3718,88.73452988878327,35.06944444444444,148,10,0,0,1424.0,23.47926199261993,1447.47926199262,-3003.0,-142.39999999999998,-3145.4,46,69,86,55,32,final_dqn_seed999.csv
eval,0.1,349,0,0.0,238.36594372201137,11.458333333333332,0,0,36,5,3159.9,23.47926199261993,3183.37926199262,-765.0,-315.99,-1080.9899999999998,0,9,0,72,207,final_dqn_seed999.csv
eval,0.1,349,1,0.0,157.0859926332036,89.93055555555556,0,0,0,0,2388.1,23.47926199261993,2411.57926199262,201.0,-238.81,-37.81000000000001,0,117,10,0,161,final_dqn_seed999.csv
eval,0.1,349,2,0.0,111.54674140574669,70.83333333333334,51,4,0,0,1587.2999999999995,23.47926199261993,1610.7792619926197,-942.0,-158.73,-1100.73,7,124,48,72,37,final_dqn_seed999.csv
eval,0.1,349,3,0.0,143.7959928993409,94.79166666666666,0,0,0,0,2111.5,23.47926199261993,2134.97926199262,243.0,-211.15,31.84999999999998,0,116,23,38,111,final_dqn_seed999.csv
eval,0.1,349,4,0.0,174.07151990751143,59.72222222222222,0,0,0,0,2456.3,23.47926199261993,2479.77926199262,-60.0,-245.63,-305.63,0,99,6,28,155,final_dqn_seed999.csv
train,0.1,350,-1,0.37,80.4961105760787,36.45833333333333,167,4,0,0,1060.1999999999998,23.47926199261993,1083.6792619926198,-3315.0,-106.01999999999998,-3421.0200000000004,82,98,58,24,26,final_dqn_seed999.csv
train,0.1,351,-1,0.3681999999999999,125.40268051471908,92.70833333333334,1,1,0,0,692.2,23.47926199261993,715.67926199262,168.0,-69.22,98.78,181,29,32,24,22,final_dqn_seed999.csv
train,0.1,352,-1,0.3664,208.5718335488088,37.5,0,0,13,4,1346.3,23.47926199261993,1369.77926199262,-356.0,-134.63,-490.63,97,46,62,24,59,final_dqn_seed999.csv
train,0.1,353,-1,0.3646,86.74977158195503,55.55555555555556,90,8,0,0,970.9,23.47926199261993,994.37926199262,-1830.0,-97.09,-1927.09,149,34,30,42,33,final_dqn_seed999.csv
train,0.1,354,-1,0.3628,124.2354069045721,86.45833333333334,23,2,0,0,913.4,23.47926199261993,936.87926199262,-282.0,-91.34,-373.34,126,56,56,28,22,final_dqn_seed999.csv
train,0.1,355,-1,0.361,103.70563405847378,69.44444444444444,64,5,0,0,861.6,23.47926199261993,885.07926199262,-1200.0,-86.16,-1286.16,165,45,12,30,36,final_dqn_seed999.csv
train,0.1,356,-1,0.3591999999999999,178.80878553711378,61.458333333333336,0,0,59,2,1110.1,23.47926199261993,1133.57926199262,-538.0,-111.01,-649.01,148,27,16,52,45,final_dqn_seed999.csv
train,0.1,357,-1,0.3574,94.67789560027936,59.02777777777778,66,15,0,0,1099.1,23.47926199261993,1122.57926199262,-1410.0,-109.91,-1519.91,136,55,22,20,55,final_dqn_seed999.csv
train,0.1,358,-1,0.3556,98.94178138965148,66.66666666666666,66,5,0,0,850.0,23.47926199261993,873.47926199262,-1263.0,-85.0,-1348.0000000000002,162,44,26,20,36,final_dqn_seed999.csv
train,0.1,359,-1,0.3538,175.71426685772144,47.91666666666667,0,0,0,0,870.7,23.47926199261993,894.17926199262,-165.0,-87.07,-252.07,179,24,19,23,43,final_dqn_seed999.csv
train,0.1,360,-1,0.352,177.99685500212226,53.125,0,0,0,0,544.8000000000001,23.47926199261993,568.27926199262,-117.0,-54.48,-171.48000000000002,205,22,28,13,20,final_dqn_seed999.csv
train,0.1,361,-1,0.3501999999999999,165.6908084563252,77.43055555555556,0,0,0,0,842.7,23.47926199261993,866.17926199262,93.0,-84.26999999999998,8.72999999999999,153,50,20,42,23,final_dqn_seed999.csv
train,0.1,362,-1,0.3484,175.04411848414665,61.11111111111112,0,0,0,0,1718.9,23.47926199261993,1742.3792619926198,-48.0,-171.89,-219.89,86,38,25,50,89,final_dqn_seed999.csv
train,0.1,363,-1,0.3466,164.66406964495934,72.56944444444444,0,0,0,0,1316.0,23.47926199261993,1339.47926199262,51.0,-131.6,-80.60000000000001,122,33,29,44,60,final_dqn_seed999.csv
train,0.1,364,-1,0.3448,165.03038799969397,67.01388888888889,0,0,0,0,1123.1,23.47926199261993,1146.57926199262,3.0,-112.31,-109.31,120,45,39,49,35,final_dqn_seed999.csv
train,0.1,365,-1,0.3429999999999999,107.41141023100796,42.70833333333333,85,7,0,0,801.0,23.47926199261993,824.47926199262,-1869.0,-80.1,-1949.1,141,72,28,25,22,final_dqn_seed999.csv
train,0.1,366,-1,0.3411999999999999,234.31328026038295,17.36111111111111,0,0,31,4,1012.8,23.47926199261993,1036.27926199262,-674.0,-101.28,-775.28,130,38,58,30,32,final_dqn_seed999.csv
train,0.1,367,-1,0.3394,231.10470781819544,3.125,0,0,19,5,1027.0,23.47926199261993,1050.47926199262,-701.0,-102.7,-803.6999999999999,93,56,98,23,18,final_dqn_seed999.csv
train,0.1,368,-1,0.3376,93.26475594278492,51.388888888888886,99,11,0,0,1642.4,23.47926199261993,1665.8792619926198,-2034.0,-164.24,-2198.24,72,71,32,25,88,final_dqn_seed999.csv
train,0.1,369,-1,0.3358,90.1704184354577,59.375,84,11,0,0,1347.7,23.47926199261993,1371.17926199262,-1674.0,-134.76999999999998,-1808.77,119,59,18,11,81,final_dqn_seed999.csv
train,0.1,370,-1,0.3339999999999999,186.80474693546032,42.36111111111111,0,0,0,0,1409.7,23.47926199261993,1433.17926199262,-210.0,-140.97,-350.97,83,36,56,76,37,final_dqn_seed999.csv
train,0.1,371,-1,0.3321999999999999,83.40825127726765,48.26388888888889,91,13,0,0,642.1,23.47926199261993,665.57926199262,-1971.0,-64.21000000000001,-2035.21,178,49,22,18,21,final_dqn_seed999.csv
train,0.1,372,-1,0.3304,108.63678844102574,77.43055555555556,30,7,0,0,589.6,23.47926199261993,613.07926199262,-546.0,-58.96,-604.96,182,52,16,22,16,final_dqn_seed999.csv
train,0.1,373,-1,0.3286,223.0796925094381,28.47222222222222,0,0,59,6,1751.6,23.47926199261993,1775.07926199262,-802.0,-175.16000000000005,-977.16,66,56,49,21,96,final_dqn_seed999.csv
train,0.1,374,-1,0.3268,95.29264948483043,38.88888888888889,129,7,0,0,1351.9,23.47926199261993,1375.3792619926198,-2637.0,-135.19,-2772.19,135,29,21,24,79,final_dqn_seed999.csv
train,0.1,375,-1,0.3249999999999999,261.37327792022927,33.68055555555556,0,0,121,6,1425.9,23.47926199261993,1449.37926199262,-1253.0,-142.58999999999995,-1395.59,80,33,32,124,19,final_dqn_seed999.csv
train,0.1,376,-1,0.3231999999999999,186.9657286425335,41.66666666666667,0,0,1,1,1137.1999999999998,23.47926199261993,1160.6792619926198,-224.0,-113.72,-337.72,130,29,57,24,48,final_dqn_seed999.csv
train,0.1,377,-1,0.3214,137.55998826304435,91.66666666666666,0,0,0,0,817.5,23.47926199261993,840.97926199262,198.0,-81.75,116.25,165,31,43,18,31,final_dqn_seed999.csv
train,0.1,378,-1,0.3196,113.4219023662302,62.84722222222222,57,1,0,0,583.5999999999999,23.47926199261993,607.0792619926199,-1110.0,-58.36,-1168.36,198,32,16,22,20,final_dqn_seed999.csv
train,0.1,379,-1,0.3177999999999999,127.60915453136818,72.56944444444444,41,7,0,0,924.5,23.47926199261993,947.97926199262,-753.0,-92.45,-845.4499999999998,127,54,58,24,25,final_dqn_seed999.csv
train,0.1,380,-1,0.3159999999999999,88.3672636967216,54.86111111111112,114,6,0,0,1769.5999999999997,23.47926199261993,1793.0792619926196,-2202.0,-176.96,-2378.9600000000005,44,97,25,30,92,final_dqn_seed999.csv
train,0.1,381,-1,0.3141999999999999,155.21665280545676,72.22222222222221,0,0,0,0,1615.7,23.47926199261993,1639.17926199262,48.0,-161.57,-113.57,58,28,78,79,45,final_dqn_seed999.csv
train,0.1,382,-1,0.3124,166.16586195713904,59.375,0,0,0,0,1158.2,23.47926199261993,1181.67926199262,-66.0,-115.82000000000002,-181.82,136,23,33,54,42,final_dqn_seed999.csv
train,0.1,383,-1,0.3106,203.33715130405824,32.63888888888889,0,0,0,0,626.5,23.47926199261993,649.97926199262,-294.0,-62.64999999999999,-356.65,193,32,23,15,25,final_dqn_seed999.csv
train,0.1,384,-1,0.3087999999999999,78.50259452928347,47.56944444444444,115,8,0,0,1121.1,23.47926199261993,1144.57926199262,-2343.0,-112.11,-2455.1100000000006,75,112,47,19,35,final_dqn_seed999.csv
train,0.1,385,-1,0.3069999999999999,119.21063924844071,92.01388888888889,4,2,0,0,769.4000000000001,23.47926199261993,792.8792619926201,90.0,-76.94,13.060000000000002,161,58,23,16,30,final_dqn_seed999.csv
train,0.1,386,-1,0.3051999999999999,108.92304657123805,76.38888888888889,35,8,0,0,827.8,23.47926199261993,851.2792619926199,-630.0,-82.78,-712.78,133,82,30,17,26,final_dqn_seed999.csv
train,0.1,387,-1,0.3034,196.4799993962572,31.59722222222222,0,0,0,0,746.9000000000001,23.47926199261993,770.3792619926201,-303.0,-74.69,-377.69,176,28,26,37,21,final_dqn_seed999.csv
train,0.1,388,-1,0.3016,196.83065051942015,22.569444444444446,0,0,0,0,1118.8,23.47926199261993,1142.27926199262,-381.0,-111.88,-492.88,134,44,34,24,52,final_dqn_seed999.csv
train,0.1,389,-1,0.2997999999999999,76.31354606501584,28.47222222222222,153,16,0,0,1528.1999999999998,23.47926199261993,1551.6792619926198,-3243.0,-152.82,-3395.82,63,100,30,17,78,final_dqn_seed999.csv
train,0.1,390,-1,0.2979999999999999,90.07236455738614,59.375,62,9,0,0,749.0,23.47926199261993,772.47926199262,-1344.0,-74.9,-1418.9,136,89,24,21,18,final_dqn_seed999.csv
train,0.1,391,-1,0.2961999999999999,99.99311345284794,63.54166666666666,49,9,0,0,1622.6,23.47926199261993,1646.07926199262,-1065.0,-162.26,-1227.2600000000002,89,45,27,45,82,final_dqn_seed999.csv
train,0.1,392,-1,0.2944,148.1321458301871,67.70833333333334,10,1,0,0,1116.9,23.47926199261993,1140.37926199262,-198.0,-111.69,-309.69,138,35,34,32,49,final_dqn_seed999.csv
train,0.1,393,-1,0.2925999999999999,140.47871551269662,77.08333333333334,23,1,0,0,1304.8000000000002,23.47926199261993,1328.27926199262,-396.0,-130.48000000000002,-526.48,73,68,64,47,36,final_dqn_seed999.csv
train,0.1,394,-1,0.2907999999999999,115.8473109650019,76.38888888888889,25,4,0,0,1677.6999999999998,23.47926199261993,1701.1792619926198,-468.0,-167.76999999999998,-635.77,53,72,36,58,69,final_dqn_seed999.csv
train,0.1,395,-1,0.2889999999999999,144.3185922194342,92.01388888888889,0,0,0,0,1271.5,23.47926199261993,1294.97926199262,219.0,-127.14999999999998,91.85,102,35,38,86,27,final_dqn_seed999.csv
train,0.1,396,-1,0.2871999999999999,231.0702584154164,22.22222222222222,0,0,46,5,972.0,23.47926199261993,995.47926199262,-752.0,-97.2,-849.2,124,56,30,62,16,final_dqn_seed999.csv
train,0.1,397,-1,0.2854,247.0643810154521,12.152777777777777,0,0,58,6,543.7,23.47926199261993,567.17926199262,-935.0,-54.37,-989.37,180,50,36,9,13,final_dqn_seed999.csv
train,0.1,398,-1,0.2835999999999999,146.39903650024857,84.02777777777779,0,0,0,0,1529.9,23.47926199261993,1553.37926199262,150.0,-152.98999999999998,-2.989999999999988,84,40,35,74,55,final_dqn_seed999.csv
train,0.1,399,-1,0.2817999999999999,209.6140476804312,37.84722222222222,0,0,59,3,905.6,23.47926199261993,929.07926199262,-721.0,-90.56,-811.5600000000002,143,45,42,30,28,final_dqn_seed999.csv
eval,0.1,399,0,0.0,99.08375189884708,57.29166666666666,82,1,0,0,2569.6,23.47926199261993,2593.07926199262,-1620.0,-256.96000000000004,-1876.9600000000005,27,1,6,130,124,final_dqn_seed999.csv
eval,0.1,399,1,0.0,149.62780570239556,62.5,25,1,0,0,1395.1,23.47926199261993,1418.57926199262,-504.0,-139.51,-643.51,129,5,7,100,47,final_dqn_seed999.csv
eval,0.1,399,2,0.0,208.64971021451132,32.98611111111111,0,0,0,0,583.0,23.47926199261993,606.47926199262,-291.0,-58.3,-349.3,210,0,7,69,2,final_dqn_seed999.csv
eval,0.1,399,3,0.0,65.47509145258798,20.833333333333336,184,10,0,0,3237.6,23.47926199261993,3261.07926199262,-3840.0,-323.76,-4163.76,0,2,0,70,216,final_dqn_seed999.csv
eval,0.1,399,4,0.0,154.8142822406064,86.11111111111111,0,0,0,0,1207.8000000000002,23.47926199261993,1231.27926199262,168.0,-120.78,47.22000000000002,128,2,10,142,6,final_dqn_seed999.csv
train,0.1,400,-1,0.2799999999999999,248.28300113933625,18.40277777777778,0,0,97,4,844.7,23.47926199261993,868.17926199262,-1193.0,-84.47,-1277.47,184,18,25,18,43,final_dqn_seed999.csv
train,0.1,401,-1,0.2781999999999999,138.2824797422774,79.16666666666666,0,0,0,0,1780.2999999999995,23.47926199261993,1803.77926199262,96.0,-178.03,-82.03,42,94,23,42,87,final_dqn_seed999.csv
train,0.1,402,-1,0.2764,143.88943433862022,95.13888888888889,0,0,0,0,1369.9,23.47926199261993,1393.3792619926198,246.0,-136.99,109.01,79,41,97,20,51,final_dqn_seed999.csv
train,0.1,403,-1,0.2745999999999999,123.2274457771218,77.43055555555556,31,3,0,0,1904.3,23.47926199261993,1927.77926199262,-510.0,-190.43,-700.4300000000001,34,47,67,61,79,final_dqn_seed999.csv
train,0.1,404,-1,0.2727999999999999,142.68021614837076,76.04166666666666,10,1,0,0,1601.6,23.47926199261993,1625.07926199262,-117.0,-160.15999999999997,-277.16,55,72,42,59,60,final_dqn_seed999.csv
train,0.1,405,-1,0.2709999999999999,215.0027262354201,10.416666666666668,0,0,1,1,1279.4,23.47926199261993,1302.8792619926198,-494.0,-127.94,-621.94,30,151,51,18,38,final_dqn_seed999.csv
train,0.1,406,-1,0.2691999999999999,84.01804394696322,36.45833333333333,128,16,0,0,1712.4,23.47926199261993,1735.87926199262,-2730.0,-171.24,-2901.24,77,45,45,29,92,final_dqn_seed999.csv
train,0.1,407,-1,0.2674000000000001,79.91696433478299,44.09722222222222,109,11,0,0,1413.5,23.47926199261993,1436.97926199262,-2313.0,-141.35,-2454.3500000000004,83,67,47,28,63,final_dqn_seed999.csv
train,0.1,408,-1,0.2656,132.2227157378635,96.5277777777778,0,0,0,0,1019.2,23.47926199261993,1042.67926199262,255.0,-101.92,153.07999999999998,129,40,48,43,28,final_dqn_seed999.csv
train,0.1,409,-1,0.2638,236.294935259015,13.194444444444445,0,0,53,4,866.6,23.47926199261993,890.07926199262,-886.0,-86.66,-972.66,80,145,31,18,14,final_dqn_seed999.csv
train,0.1,410,-1,0.262,185.3311692160322,56.94444444444444,0,0,6,2,1451.0,23.47926199261993,1474.47926199262,-132.0,-145.1,-277.1,89,51,43,43,62,final_dqn_seed999.csv
train,0.1,411,-1,0.2602,122.6845546183246,57.98611111111112,41,3,0,0,1404.7999999999995,23.47926199261993,1428.2792619926197,-888.0,-140.48,-1028.4800000000002,80,81,29,38,60,final_dqn_seed999.csv
train,0.1,412,-1,0.2584000000000001,177.09755071792176,53.81944444444444,0,0,0,0,1208.3,23.47926199261993,1231.77926199262,-111.0,-120.83,-231.83,100,56,51,42,39,final_dqn_seed999.csv
train,0.1,413,-1,0.2566,86.74481567272932,44.44444444444444,97,10,0,0,1390.9,23.47926199261993,1414.37926199262,-2127.0,-139.09,-2266.09,77,50,83,25,53,final_dqn_seed999.csv
train,0.1,414,-1,0.2548,138.66987093482305,67.36111111111111,44,3,0,0,930.2,23.47926199261993,953.67926199262,-813.0,-93.02,-906.02,158,31,34,27,38,final_dqn_seed999.csv
train,0.1,415,-1,0.253,98.45505137319978,54.16666666666666,72,6,0,0,1042.3,23.47926199261993,1065.77926199262,-1575.0,-104.23,-1679.2300000000002,117,31,86,27,27,final_dqn_seed999.csv
train,0.1,416,-1,0.2512,136.95470627470317,89.58333333333334,10,4,0,0,1065.2,23.47926199261993,1088.67926199262,-15.0,-106.51999999999998,-121.52000000000002,97,91,24,52,24,final_dqn_seed999.csv
train,0.1,417,-1,0.2494,96.32847731662488,54.513888888888886,70,7,0,0,1302.3,23.47926199261993,1325.77926199262,-1500.0,-130.23,-1630.23,53,56,110,50,19,final_dqn_seed999.csv
train,0.1,418,-1,0.2476,133.59329673675467,90.625,13,1,0,0,1006.0,23.47926199261993,1029.47926199262,-51.0,-100.6,-151.60000000000005,134,43,48,27,36,final_dqn_seed999.csv
train,0.1,419,-1,0.2458,89.44666016670861,45.48611111111111,120,9,0,0,1397.6999999999998,23.47926199261993,1421.1792619926198,-2454.0,-139.76999999999998,-2593.77,53,44,121,37,33,final_dqn_seed999.csv
train,0.1,420,-1,0.244,117.31018733440304,96.875,0,0,0,0,726.5,23.47926199261993,749.97926199262,234.0,-72.65,161.35,171,25,52,19,21,final_dqn_seed999.csv
train,0.1,421,-1,0.2421999999999999,146.22559016165025,96.5277777777778,0,0,0,0,1054.9,23.47926199261993,1078.3792619926198,258.0,-105.48999999999998,152.51,122,61,20,56,29,final_dqn_seed999.csv
train,0.1,422,-1,0.2404,78.02037151543055,43.05555555555556,125,7,0,0,918.7,23.47926199261993,942.17926199262,-2571.0,-91.87,-2662.8700000000003,162,38,31,10,47,final_dqn_seed999.csv
train,0.1,423,-1,0.2386,155.10313925205028,57.98611111111112,20,2,0,0,895.9000000000001,23.47926199261993,919.37926199262,-453.0,-89.59,-542.5899999999999,136,67,32,22,31,final_dqn_seed999.csv
train,0.1,424,-1,0.2368,134.7755158284789,98.26388888888889,0,0,0,0,1029.9,23.47926199261993,1053.37926199262,258.0,-102.99,155.01,103,89,36,29,31,final_dqn_seed999.csv
train,0.1,425,-1,0.235,274.8969991819576,7.638888888888889,0,0,151,7,2035.2,23.47926199261993,2058.67926199262,-1718.0,-203.52,-1921.52,29,38,44,101,76,final_dqn_seed999.csv
train,0.1,426,-1,0.2331999999999999,101.64340651872052,59.72222222222222,88,6,0,0,1390.3,23.47926199261993,1413.77926199262,-1728.0,-139.03,-1867.03,89,39,73,32,55,final_dqn_seed999.csv
train,0.1,427,-1,0.2314,189.8843057265391,41.31944444444444,0,0,0,0,1191.8,23.47926199261993,1215.27926199262,-219.0,-119.18,-338.17999999999995,106,60,39,41,42,final_dqn_seed999.csv
train,0.1,428,-1,0.2296,231.29367371501127,19.444444444444446,0,0,29,3,1327.0,23.47926199261993,1350.47926199262,-640.0,-132.7,-772.6999999999999,51,46,115,62,14,final_dqn_seed999.csv
train,0.1,429,-1,0.2278,116.38599700577606,58.68055555555556,56,5,0,0,621.0,23.47926199261993,644.47926199262,-1170.0,-62.1,-1232.1,177,42,39,12,18,final_dqn_seed999.csv
train,0.1,430,-1,0.2259999999999999,219.50470644771812,26.73611111111111,14,1,103,1,1441.9,23.47926199261993,1465.37926199262,-1442.0,-144.19,-1586.1900000000005,62,29,124,30,43,final_dqn_seed999.csv
train,0.1,431,-1,0.2241999999999999,167.00568384297978,64.58333333333334,0,0,0,0,1028.3,23.47926199261993,1051.77926199262,-18.0,-102.83,-120.83,130,25,66,40,27,final_dqn_seed999.csv
train,0.1,432,-1,0.2224,91.44421020591408,55.208333333333336,69,10,0,0,948.0,23.47926199261993,971.47926199262,-1521.0,-94.8,-1615.8000000000002,131,33,66,38,20,final_dqn_seed999.csv
train,0.1,433,-1,0.2206,113.31837052650329,71.875,35,2,0,0,1191.6999999999998,23.47926199261993,1215.1792619926198,-669.0,-119.17,-788.1700000000001,94,36,76,61,21,final_dqn_seed999.csv
train,0.1,434,-1,0.2188,112.38844633804496,84.375,21,5,0,0,1574.4,23.47926199261993,1597.8792619926198,-297.0,-157.44,-454.44,67,47,41,85,48,final_dqn_seed999.csv
train,0.1,435,-1,0.2169999999999999,175.8181046065161,60.763888888888886,0,0,0,0,1000.5,23.47926199261993,1023.97926199262,-51.0,-100.05,-151.04999999999998,143,28,39,49,29,final_dqn_seed999.csv
train,0.1,436,-1,0.2151999999999999,78.60833419436682,38.19444444444444,137,6,0,0,1607.6999999999998,23.47926199261993,1631.1792619926198,-2835.0,-160.76999999999998,-2995.7700000000004,89,22,70,26,81,final_dqn_seed999.csv
train,0.1,437,-1,0.2134,94.2544203441012,60.41666666666666,70,9,0,0,1049.3000000000002,23.47926199261993,1072.77926199262,-1446.0,-104.93,-1550.9300000000003,134,28,46,51,29,final_dqn_seed999.csv
train,0.1,438,-1,0.2116,184.89409541953603,42.70833333333333,0,0,0,0,1304.4,23.47926199261993,1327.8792619926198,-207.0,-130.44,-337.44,51,86,65,66,20,final_dqn_seed999.csv
train,0.1,439,-1,0.2098,240.9389597358752,10.069444444444445,0,0,32,6,1569.0,23.47926199261993,1592.47926199262,-745.0,-156.9,-901.9,77,46,70,17,78,final_dqn_seed999.csv
train,0.1,440,-1,0.2079999999999999,173.2727576128016,59.375,0,0,0,0,1424.5,23.47926199261993,1447.97926199262,-63.0,-142.45,-205.45,84,64,28,59,53,final_dqn_seed999.csv
train,0.1,441,-1,0.2061999999999999,126.49522838815004,63.888888888888886,41,4,0,0,1443.0,23.47926199261993,1466.47926199262,-801.0,-144.29999999999998,-945.3,76,68,38,52,54,final_dqn_seed999.csv
train,0.1,442,-1,0.2044,212.41858448970316,42.70833333333333,0,0,19,1,1120.1,23.47926199261993,1143.57926199262,-359.0,-112.01,-471.01,104,59,49,47,29,final_dqn_seed999.csv
train,0.1,443,-1,0.2026,87.20013474000949,52.43055555555556,108,6,0,0,1190.2,23.47926199261993,1213.67926199262,-2154.0,-119.02,-2273.0200000000004,142,29,23,36,58,final_dqn_seed999.csv
train,0.1,444,-1,0.2007999999999999,90.38666872756984,55.90277777777778,91,10,0,0,814.9,23.47926199261993,838.37926199262,-1839.0,-81.49,-1920.49,162,15,55,39,17,final_dqn_seed999.csv
train,0.1,445,-1,0.1989999999999999,120.31126183195774,52.43055555555556,37,5,0,0,999.4,23.47926199261993,1022.87926199262,-885.0,-99.94,-984.94,133,41,46,38,30,final_dqn_seed999.csv
train,0.1,446,-1,0.1971999999999999,120.08456156216006,48.26388888888889,72,6,0,0,1252.1,23.47926199261993,1275.57926199262,-1527.0,-125.21,-1652.21,139,21,35,28,65,final_dqn_seed999.csv
train,0.1,447,-1,0.1954,134.3491440389774,89.58333333333334,0,0,0,0,712.2,23.47926199261993,735.67926199262,189.0,-71.22,117.78,136,85,30,27,10,final_dqn_seed999.csv
train,0.1,448,-1,0.1936,134.34529835473495,77.77777777777779,36,2,0,0,1217.8,23.47926199261993,1241.27926199262,-573.0,-121.78,-694.7800000000002,124,50,40,8,66,final_dqn_seed999.csv
train,0.1,449,-1,0.1917999999999999,154.1711016264016,67.01388888888889,5,2,0,0,1117.1999999999998,23.47926199261993,1140.6792619926198,-96.0,-111.72,-207.72000000000003,132,23,48,49,36,final_dqn_seed999.csv
eval,0.1,449,0,0.0,84.64988723044492,51.388888888888886,103,10,0,0,688.8,23.47926199261993,712.2792619926199,-2097.0,-68.88,-2165.88,178,5,44,61,0,final_dqn_seed999.csv
eval,0.1,449,1,0.0,106.33307814986726,77.08333333333334,53,5,0,0,933.4,23.47926199261993,956.87926199262,-903.0,-93.34,-996.34,154,4,27,101,2,final_dqn_seed999.csv
eval,0.1,449,2,0.0,96.31378375542836,61.11111111111112,63,13,0,0,883.8,23.47926199261993,907.27926199262,-1317.0,-88.38,-1405.38,150,2,66,64,6,final_dqn_seed999.csv
eval,0.1,449,3,0.0,117.75070903074806,96.5277777777778,1,1,0,0,927.2,23.47926199261993,950.67926199262,213.0,-92.72,120.28,159,0,26,99,4,final_dqn_seed999.csv
eval,0.1,449,4,0.0,115.10971426483788,82.29166666666666,20,6,0,0,1156.1,23.47926199261993,1179.57926199262,-312.0,-115.61,-427.61,123,1,35,128,1,final_dqn_seed999.csv
train,0.1,450,-1,0.1899999999999999,174.8247356274327,63.54166666666666,0,0,0,0,1228.9,23.47926199261993,1252.3792619926198,-27.0,-122.89,-149.88999999999996,95,50,85,9,49,final_dqn_seed999.csv
train,0.1,451,-1,0.1881999999999999,113.4648316487837,67.01388888888889,78,2,0,0,977.1,23.47926199261993,1000.57926199262,-1422.0,-97.71,-1519.7100000000005,110,65,49,49,15,final_dqn_seed999.csv
train,0.1,452,-1,0.1864,92.91526117307532,47.56944444444444,117,5,0,0,1152.6,23.47926199261993,1176.07926199262,-2358.0,-115.26,-2473.26,105,75,44,14,50,final_dqn_seed999.csv
train,0.1,453,-1,0.1846,226.44756929136625,36.11111111111111,0,0,80,4,887.9,23.47926199261993,911.37926199262,-904.0,-88.78999999999999,-992.79,142,23,87,9,27,final_dqn_seed999.csv
train,0.1,454,-1,0.1827999999999999,158.5708999025167,75.34722222222221,0,0,0,0,1264.5,23.47926199261993,1287.97926199262,75.0,-126.45,-51.45,84,74,33,64,33,final_dqn_seed999.csv
train,0.1,455,-1,0.1809999999999999,120.56873476239792,48.26388888888889,60,6,0,0,702.4000000000001,23.47926199261993,725.8792619926201,-1323.0,-70.24,-1393.24,181,33,32,14,28,final_dqn_seed999.csv
train,0.1,456,-1,0.1791999999999999,87.84680910100545,48.61111111111111,130,3,0,0,1425.6,23.47926199261993,1449.07926199262,-2541.0,-142.56,-2683.56,85,32,64,63,44,final_dqn_seed999.csv
train,0.1,457,-1,0.1774,79.07950923170448,44.09722222222222,127,8,0,0,779.9000000000001,23.47926199261993,803.3792619926201,-2583.0,-77.99,-2660.99,188,17,25,23,35,final_dqn_seed999.csv
train,0.1,458,-1,0.1755999999999999,183.2939971441814,43.75,0,0,0,0,1330.5,23.47926199261993,1353.97926199262,-198.0,-133.04999999999998,-331.05,64,54,91,50,29,final_dqn_seed999.csv
train,0.1,459,-1,0.1737999999999999,193.3424170768186,57.29166666666666,0,0,10,4,1206.8,23.47926199261993,1230.27926199262,-161.0,-120.68,-281.68,70,71,67,64,16,final_dqn_seed999.csv
train,0.1,460,-1,0.1719999999999999,108.0051363461503,73.26388888888889,45,3,0,0,1278.5,23.47926199261993,1301.97926199262,-828.0,-127.85,-955.85,99,66,36,34,53,final_dqn_seed999.csv
train,0.1,461,-1,0.1701999999999999,133.54367320395653,74.65277777777779,12,3,0,0,880.7,23.47926199261993,904.17926199262,-249.0,-88.07000000000001,-337.07000000000005,152,53,11,45,27,final_dqn_seed999.csv
train,0.1,462,-1,0.1684,122.3056915757343,47.22222222222222,74,4,0,0,1518.1,23.47926199261993,1541.57926199262,-1587.0,-151.81,-1738.81,95,30,65,21,77,final_dqn_seed999.csv
train,0.1,463,-1,0.1665999999999999,116.04910916314854,53.81944444444444,98,3,0,0,1948.1,23.47926199261993,1971.57926199262,-1902.0,-194.81,-2096.81,41,23,70,77,77,final_dqn_seed999.csv
train,0.1,464,-1,0.1647999999999999,240.0395347113061,2.7777777777777777,0,0,5,1,928.7,23.47926199261993,952.17926199262,-592.0,-92.87,-684.8700000000001,82,155,9,15,27,final_dqn_seed999.csv
train,0.1,465,-1,0.1629999999999999,85.76881209268475,34.72222222222222,142,12,0,0,2053.5,23.47926199261993,2076.97926199262,-2943.0,-205.35,-3148.35,35,40,44,78,91,final_dqn_seed999.csv
train,0.1,466,-1,0.1611999999999999,130.32346519931443,94.0972222222222,0,0,0,0,966.7,23.47926199261993,990.17926199262,189.0,-96.67,92.33,137,60,23,33,35,final_dqn_seed999.csv
train,0.1,467,-1,0.1594,114.81526569162656,82.29166666666666,18,8,0,0,1520.3,23.47926199261993,1543.77926199262,-288.0,-152.02999999999997,-440.03,70,42,45,92,39,final_dqn_seed999.csv
train,0.1,468,-1,0.1575999999999999,125.95095302068908,97.56944444444444,0,0,0,0,1149.1,23.47926199261993,1172.57926199262,246.0,-114.91,131.09,129,51,9,56,43,final_dqn_seed999.csv
train,0.1,469,-1,0.1558,106.40935762490273,71.875,70,3,0,0,1149.1,23.47926199261993,1172.57926199262,-1248.0,-114.91,-1362.91,146,34,13,40,55,final_dqn_seed999.csv
train,0.1,470,-1,0.154,97.1780695394643,77.77777777777779,20,3,0,0,1385.4,23.47926199261993,1408.87926199262,-396.0,-138.54000000000002,-534.5400000000001,108,69,12,21,78,final_dqn_seed999.csv
train,0.1,471,-1,0.1522,84.50718790483893,45.48611111111111,109,9,0,0,2163.9,23.47926199261993,2187.37926199262,-2289.0,-216.39,-2505.3900000000003,45,56,27,25,135,final_dqn_seed999.csv
train,0.1,472,-1,0.1503999999999999,101.33997796299916,69.44444444444444,46,11,0,0,1665.3,23.47926199261993,1688.77926199262,-930.0,-166.53,-1096.53,72,55,32,52,77,final_dqn_seed999.csv
train,0.1,473,-1,0.1486,115.47539511870288,56.59722222222222,63,7,0,0,1964.8,23.47926199261993,1988.27926199262,-1290.0,-196.48,-1486.48,48,50,18,84,88,final_dqn_seed999.csv
train,0.1,474,-1,0.1468,128.91621345522336,92.01388888888889,2,1,0,0,1632.6999999999998,23.47926199261993,1656.1792619926198,156.0,-163.27,-7.270000000000003,94,36,27,48,83,final_dqn_seed999.csv
train,0.1,475,-1,0.145,111.29396119974014,78.47222222222221,27,5,0,0,1597.4,23.47926199261993,1620.87926199262,-489.0,-159.73999999999998,-648.74,90,23,57,44,74,final_dqn_seed999.csv
train,0.1,476,-1,0.1432,206.37976186925653,32.98611111111111,0,0,10,2,1103.3,23.47926199261993,1126.77926199262,-371.0,-110.32999999999998,-481.33,85,99,17,70,17,final_dqn_seed999.csv
train,0.1,477,-1,0.1413999999999999,112.91195457367245,79.16666666666666,26,4,0,0,1818.5,23.47926199261993,1841.97926199262,-462.0,-181.85,-643.85,34,71,60,42,81,final_dqn_seed999.csv
train,0.1,478,-1,0.1396,182.39851934586912,51.388888888888886,0,0,0,0,968.2,23.47926199261993,991.67926199262,-132.0,-96.82,-228.82000000000005,92,85,58,43,10,final_dqn_seed999.csv
train,0.1,479,-1,0.1378,194.69096351878076,35.41666666666667,0,0,3,2,1018.9,23.47926199261993,1042.3792619926198,-294.0,-101.89,-395.89,62,125,58,30,13,final_dqn_seed999.csv
train,0.1,480,-1,0.136,149.4152670193436,92.70833333333334,0,0,0,0,1847.5,23.47926199261993,1870.97926199262,225.0,-184.75,40.25,36,79,48,34,91,final_dqn_seed999.csv
train,0.1,481,-1,0.1341999999999999,103.84248667351316,76.04166666666666,38,6,0,0,2188.1,23.47926199261993,2211.57926199262,-696.0,-218.81,-914.81,25,52,20,90,101,final_dqn_seed999.csv
train,0.1,482,-1,0.1323999999999999,186.5198685480838,50.34722222222222,0,0,0,0,1016.9,23.47926199261993,1040.3792619926198,-141.0,-101.69,-242.69,117,50,45,59,17,final_dqn_seed999.csv
train,0.1,483,-1,0.1306,72.54838750761519,38.54166666666667,150,11,0,0,1823.5,23.47926199261993,1846.97926199262,-3024.0,-182.35,-3206.3500000000004,63,57,14,67,87,final_dqn_seed999.csv
train,0.1,484,-1,0.1288,148.5947772257245,53.81944444444444,28,6,0,0,1566.7,23.47926199261993,1590.17926199262,-675.0,-156.67,-831.6700000000002,39,61,66,91,31,final_dqn_seed999.csv
train,0.1,485,-1,0.127,152.53507200239997,77.77777777777779,0,0,0,0,1435.5,23.47926199261993,1458.97926199262,96.0,-143.54999999999998,-47.549999999999976,73,31,44,125,15,final_dqn_seed999.csv
train,0.1,486,-1,0.1251999999999999,162.0404879203045,61.458333333333336,2,1,0,0,1506.2,23.47926199261993,1529.67926199262,-114.0,-150.62,-264.62,35,55,114,50,34,final_dqn_seed999.csv
train,0.1,487,-1,0.1233999999999999,93.49294878839486,45.13888888888889,88,7,0,0,2197.6,23.47926199261993,2221.07926199262,-1899.0,-219.76,-2118.76,24,15,39,134,76,final_dqn_seed999.csv
train,0.1,488,-1,0.1216,159.9512364154447,68.05555555555556,2,2,0,0,1266.0,23.47926199261993,1289.47926199262,-39.0,-126.6,-165.60000000000002,66,86,45,67,24,final_dqn_seed999.csv
train,0.1,489,-1,0.1198,104.55683936523644,60.41666666666666,59,16,0,0,1294.3,23.47926199261993,1317.77926199262,-1272.0,-129.43,-1401.43,86,69,50,36,47,final_dqn_seed999.csv
train,0.1,490,-1,0.118,89.41623912457106,54.513888888888886,63,10,0,0,1240.6,23.47926199261993,1264.07926199262,-1443.0,-124.06,-1567.0600000000002,46,76,122,22,22,final_dqn_seed999.csv
train,0.1,491,-1,0.1161999999999999,68.47986080273465,21.180555555555557,191,9,0,0,1584.5,23.47926199261993,1607.97926199262,-3939.0,-158.45,-4097.450000000001,24,149,23,19,73,final_dqn_seed999.csv
train,0.1,492,-1,0.1143999999999999,115.3587457758124,56.59722222222222,57,7,0,0,1528.1,23.47926199261993,1551.57926199262,-1224.0,-152.81,-1376.8100000000002,33,73,79,70,33,final_dqn_seed999.csv
train,0.1,493,-1,0.1126,76.15535192402103,29.51388888888889,124,11,0,0,1342.3,23.47926199261993,1365.77926199262,-2781.0,-134.23,-2915.23,32,127,66,24,39,final_dqn_seed999.csv
train,0.1,494,-1,0.1108,128.52363663876577,87.5,2,2,0,0,1878.5,23.47926199261993,1901.97926199262,87.0,-187.85,-100.85,43,46,36,94,69,final_dqn_seed999.csv
train,0.1,495,-1,0.1089999999999999,77.8258151376157,35.76388888888889,145,14,0,0,1801.1999999999998,23.47926199261993,1824.67926199262,-2997.0,-180.12,-3177.1200000000003,29,29,136,22,72,final_dqn_seed999.csv
train,0.1,496,-1,0.1071999999999999,250.08792564485375,2.083333333333333,0,0,33,4,291.5,23.47926199261993,314.9792619926199,-822.0,-29.15,-851.1500000000001,237,26,9,5,11,final_dqn_seed999.csv
train,0.1,497,-1,0.1053999999999999,119.4865502310458,73.95833333333334,54,1,0,0,1525.6,23.47926199261993,1549.07926199262,-924.0,-152.56,-1076.56,100,23,10,107,48,final_dqn_seed999.csv
train,0.1,498,-1,0.1036,100.13781315500104,34.72222222222222,105,13,0,0,1615.6,23.47926199261993,1639.07926199262,-2301.0,-161.56,-2462.56,45,89,56,26,72,final_dqn_seed999.csv
train,0.1,499,-1,0.1018,121.86173809626344,87.84722222222221,9,2,0,0,684.8999999999999,23.47926199261993,708.3792619926198,-45.0,-68.49,-113.49,163,51,37,20,17,final_dqn_seed999.csv
eval,0.1,499,0,0.0,146.54084800709603,31.59722222222222,68,5,17,2,445.1,23.47926199261993,468.57926199261993,-1720.0,-44.51,-1764.5100000000002,198,5,82,0,3,final_dqn_seed999.csv
eval,0.1,499,1,0.0,155.97906096900792,79.86111111111111,0,0,0,0,34.4,23.47926199261993,57.87926199261993,114.0,-3.44,110.55999999999996,280,2,6,0,0,final_dqn_seed999.csv
eval,0.1,499,2,0.0,174.8219168265269,65.625,0,0,0,0,24.0,23.47926199261993,47.479261992619925,-9.0,-2.4,-11.400000000000006,283,0,5,0,0,final_dqn_seed999.csv
eval,0.1,499,3,0.0,184.07267796770645,52.77777777777778,0,0,0,0,28.8,23.47926199261993,52.27926199261992,-120.0,-2.88,-122.88,282,0,6,0,0,final_dqn_seed999.csv
eval,0.1,499,4,0.0,126.73689839081752,86.80555555555556,6,3,0,0,159.2,23.47926199261993,182.67926199261996,6.0,-15.92,-9.920000000000016,255,1,31,1,0,final_dqn_seed999.csv
